"Gene","baseMean","log2FoldChange","lfcSE","stat","pvalue","padj"
"ABHD17A",3405.80018373992,1.12620206932143,0.110406738263756,10.2004831139109,1.97288670260613e-24,3.51923530010881e-20
"CCL4",5551.69968034045,8.22867097611687,0.83355638553473,9.87176286921268,5.51860763163938e-23,2.99491048901861e-19
"TMEM88",295.893671216921,3.03758815071728,0.308320324339844,9.85205291678768,6.71579883174933e-23,2.99491048901861e-19
"TNF",8581.6633306749,6.61411417964989,0.670729033067294,9.86108227551005,6.13841263749444e-23,2.99491048901861e-19
"SLC35B2",1112.15320076985,1.91231678419274,0.198836881051223,9.61751549351702,6.74403967377097e-22,2.40600359401453e-18
"CCL4L2",3184.81142486268,7.74228158794581,0.826839285790657,9.36370794300409,7.69864267766918e-21,2.28880646807105e-17
"NAB2",1258.39664125564,2.64785606871836,0.287284746282505,9.21683487543942,3.05999252714191e-20,7.79773524273677e-17
"KDM6B",8750.18347334841,2.05911867027385,0.225182693840299,9.14421368337562,6.00652287536465e-20,1.33930443813443e-16
"INAFM1",135.813126135771,1.6607152500985,0.182224809238766,9.11355186506186,7.97280826470674e-20,1.58021059806487e-16
"IL1B",33183.7212783502,5.15297241261941,0.570222189061408,9.03677989294184,1.61354838199018e-19,2.87824760379409e-16
"ZNF674-AS1",166.865646636111,2.24549077819917,0.255998326918428,8.7715056782956,1.76292815597389e-18,2.85882840420566e-15
"MAILR",569.287151541918,5.28740531776023,0.60652781269421,8.71749853361787,2.84415496211249e-18,3.64483998415787e-15
"FBRS",5438.15077335758,1.03556926494547,0.118687189732855,8.72519829036618,2.65714621123965e-18,3.64483998415787e-15
"NFKB2",5606.87718540553,1.88985150687984,0.216804540315947,8.71684469396157,2.86062113343481e-18,3.64483998415787e-15
"METRNL",4396.44946573894,1.99087239516063,0.231028644593717,8.61742663409445,6.84756107945378e-18,8.14311963568643e-15
"ID2",4608.13742751591,1.43496736307948,0.166889173671851,8.59832505313383,8.08879238625863e-18,9.0179924116301e-15
"EDN1",57.5427334482274,3.93341890233796,0.460638939948169,8.53904991788265,1.35329909167017e-17,1.42000877630662e-14
"SRF",1957.77227782441,1.10681937706711,0.130900985731235,8.4553937534101,2.7814712687594e-17,2.75643802734057e-14
"LINC01366",22.9500941483872,5.48106293528438,0.650454262749623,8.42651551258137,3.56110623299959e-17,3.34331647285509e-14
"ARMC5",518.721015463464,1.93541606013364,0.233479498167161,8.28944757602643,1.13775648090784e-16,1.0147650053217e-13
"PTX3",1145.28929866159,3.96813265685724,0.47983646969814,8.26976044433127,1.3422844464759e-16,1.14017475982082e-13
"CCL2",170.374194192684,4.54281087495898,0.551866204057744,8.23172508400904,1.8453638095441e-16,1.48249412408572e-13
"PPCDC",593.701420879771,1.70763958012159,0.207552494973434,8.22750687887495,1.91150156149633e-16,1.48249412408572e-13
"F3",378.27772458672,6.203898528112,0.759519504159374,8.16818856413489,3.13054341113793e-16,2.32677639032826e-13
"PPIF",6774.97186433395,2.62710094468761,0.323215942310296,8.12800546256942,4.36411556199642e-16,3.11388373579569e-13
"SPHK1",889.230327263735,2.80368434539646,0.345771984682925,8.10847746374671,5.12579688409321e-16,3.51669095455595e-13
"OR2B11",267.336793804226,4.53074787998453,0.564583168025957,8.02494324410363,1.01572893092792e-15,6.47091881067579e-13
"MARCKS",5313.41574777146,1.89371356054023,0.237198827548903,7.98365481022371,1.42062945552622e-15,8.4470627425589e-13
"LONRF1",671.929173820866,2.21586059251216,0.278240628815615,7.96382829475478,1.6679667176624e-15,9.59780332569738e-13
"CCDC71L",442.912072590308,1.62458383138542,0.204191291702795,7.95618568175784,1.77424072591264e-15,9.89028314650928e-13
"CCR1",4423.05977837834,1.62056200221751,0.203890807097099,7.94818572396816,1.89262768096498e-15,1.02305129009253e-12
"CCRL2",404.073247922418,3.04169652180305,0.383666705157398,7.92796581229326,2.22764612837919e-15,1.14869270618698e-12
"PDGFA",17.6646143382979,4.3628634987034,0.550413983730818,7.92651282064279,2.25385383543807e-15,1.14869270618698e-12
"NFKBIB",953.410315732535,1.29788124599316,0.163911894001727,7.91816392518463,2.4104344551327e-15,1.19437027251825e-12
"TSPOAP1",651.53319931151,2.4175081894753,0.30545501769536,7.91444909864391,2.48350300874574e-15,1.19731693702721e-12
"PRR7",243.656762146461,2.35523215895381,0.299813188066711,7.85566563679563,3.9765459352337e-15,1.86667437875523e-12
"NFKBIE",1793.8527052709,1.72335436866029,0.21966231139471,7.8454713406143,4.31330345266197e-15,1.97283864073293e-12
"SBNO2",4674.01729971796,1.19185204961194,0.152192213103336,7.83122884744895,4.83124360378481e-15,2.15449308510784e-12
"THUMPD3-AS1",301.751031020775,1.35737447138988,0.175068319429049,7.75339864926271,8.94651986316421e-15,3.89239076388105e-12
"MELTF",93.1065017109389,2.94412258012146,0.380973474487746,7.72789387523659,1.09340435205685e-14,4.64384448380718e-12
"AEN",313.736418065125,1.44040057346805,0.187313091158249,7.68980194903269,1.47362959752896e-14,6.11316389784222e-12
"CXCL3",1343.74802469108,5.82473296740272,0.76072092111922,7.65685917883395,1.90535359495785e-14,7.72447668792232e-12
"TLNRD1",1350.55375188541,1.36370739782679,0.178206208661057,7.65241238267139,1.97243499489409e-14,7.81873231976016e-12
"LUCAT1",1109.11463841763,3.13812729404885,0.411048058810913,7.63445350679159,2.2678030898064e-14,8.79414598173188e-12
"MAFB",15713.9526618023,2.12698672809522,0.279863049470193,7.60009844858695,2.95905552879628e-14,1.1230560111206e-11
"RAB43",269.409332463181,1.22106258044582,0.161077323029795,7.58059891658343,3.43963403548978e-14,1.26127060284904e-11
"SOWAHD",84.6248777427118,-2.17624455993157,0.287215758724748,-7.57703744945682,3.5353475805837e-14,1.26127060284904e-11
"PLAU",122.00885682447,3.7753268759139,0.498255123401542,7.5770959466309,3.53375452606891e-14,1.26127060284904e-11
"ASTL",197.742426848764,5.23011991595625,0.693185439834119,7.5450516058269,4.52108436396208e-14,1.55090582469915e-11
"EMD",1063.80412325339,1.38328926287166,0.183801536071702,7.52599402831993,5.23207317946347e-14,1.76093813915602e-11
"IER3",2312.82420614894,3.37367560614913,0.448590883008431,7.52060671301187,5.45226302862821e-14,1.80106422045685e-11
"TRMT6",1132.37219187492,1.79775419779928,0.240355666176978,7.4795582163458,7.45728718775467e-14,2.33373840096786e-11
"GPR132",1749.59932540678,2.07006962316295,0.277362200472202,7.46341649885497,8.43073134230848e-14,2.59288596007067e-11
"LINC00964",16.6628628227571,4.99773356605972,0.671535456012787,7.44224824067154,9.8985985415923e-14,2.99273221669362e-11
"IL1A",414.163638757375,7.63600423248398,1.02762049378342,7.43076289221355,1.07973109198766e-13,3.21004053647931e-11
"SDC4",343.899386066624,3.03270893208001,0.408994738114868,7.41503166045197,1.21595755312554e-13,3.55577882502514e-11
"TNFRSF12A",396.888271967186,3.56259705775646,0.480952510679294,7.40737802309146,1.28820874880295e-13,3.70630123566887e-11
"CCL20",475.740911728096,9.04604033827533,1.22315416799736,7.39566652753691,1.40700704795917e-13,3.9215924564837e-11
"MIS18BP1",1911.109947058,-1.10564538941516,0.149585790535696,-7.39137979252992,1.45312899717768e-13,3.98783308487008e-11
"IRGQ",851.09108228465,1.95769200787494,0.265016639977366,7.38705316029266,1.50118591330831e-13,4.05729610933238e-11
"GPR84",451.875527682789,4.0520303678855,0.549458351262182,7.37459055554881,1.64850896335851e-13,4.32442689535134e-11
"DYNLT4",156.411395574266,2.52260492088726,0.342510968762244,7.36503397249839,1.77101760407659e-13,4.57846551036497e-11
"MAPKAPK2",3832.08213662498,1.23359186439848,0.167663585335109,7.35754196078358,1.8732753280778e-13,4.77364075746455e-11
"BTBD19",713.416309725083,3.08057461893991,0.419230696779211,7.3481609114189,2.00952498766196e-13,5.04871925773436e-11
"ICAM1",3502.6166731735,2.05645104532496,0.280084768268903,7.34224519967687,2.10040134953084e-13,5.20374434346266e-11
"UPB1",78.3059103608684,4.38452320623825,0.599264807384267,7.31650374293841,2.54514927508827e-13,6.21922914644172e-11
"PTPN7",618.947153769858,1.72676614259936,0.236110392353505,7.31338474934236,2.60495742047726e-13,6.27935546844234e-11
"CDK16",1348.94721465762,1.19723492668404,0.163768230356949,7.31054444488131,2.66062125290495e-13,6.32802158790914e-11
"FJX1",6.53394004113778,5.16662911221674,0.708092508030294,7.29654537171816,2.95250314103018e-13,6.92983566180215e-11
"MNT",1829.75381963261,1.1262781658347,0.155252292810671,7.25450262565969,4.03140456018486e-13,9.33924604475033e-11
"HES4",238.236365725361,2.82161853009816,0.389200537666419,7.24978065810522,4.17447100319973e-13,9.5466940711637e-11
"CBX6",4547.96718357836,1.42972738815559,0.197438630151024,7.24137615350131,4.44154640600674e-13,9.90353809879354e-11
"IRF2BP2",2858.24676855832,1.02473788911847,0.141493412987145,7.24230101942322,4.41135379782193e-13,9.90353809879354e-11
"CXCL2",4450.67695575457,5.24291703944806,0.725619202347092,7.22543866326759,4.9948687875377e-13,1.09998110409997e-10
"PRKCI",229.042816680375,-1.01500583110217,0.141699103785739,-7.16310692152958,7.88687861009691e-13,1.69501374273384e-10
"FFAR2",1120.66951059779,3.01026407096435,0.421759776608269,7.13739013988593,9.51195882479584e-13,2.01993239900843e-10
"SH2B2",449.304116011336,1.1243882787254,0.158347909545601,7.10074595838982,1.24085286251208e-12,2.51526515471482e-10
"GEMIN6",76.0986839495964,-1.70109777876138,0.240246936781038,-7.08062213634701,1.43508718254149e-12,2.87630170361518e-10
"PURB",1540.36795387196,1.33298375996313,0.188927831222047,7.05551824387626,1.71958618718331e-12,3.33412808771477e-10
"IBA57",277.15443949528,1.62230274058782,0.23093254554435,7.02500696367314,2.14055571992803e-12,3.96504619305434e-10
"PHLDA1",567.612797836957,4.72237643982318,0.673263877528093,7.01415388147887,2.31344668481675e-12,4.21094509834298e-10
"ABHD10",215.705817210582,-1.1468405984447,0.164230297217129,-6.98312441661396,2.88686533795899e-12,5.20160645439521e-10
"PIM3",7543.49508570984,1.94235843269464,0.278865279397729,6.96522147500609,3.27887511414456e-12,5.84885742861106e-10
"IVNS1ABP",5961.60763975856,1.55384999211367,0.223807837198664,6.94278632760472,3.84440686002958e-12,6.78975540289184e-10
"IDUA",621.120398496478,1.14606878549221,0.165754557402756,6.91425203294683,4.70338329985328e-12,8.14552925269735e-10
"OLR1",272.18420647248,4.90554207978346,0.710508807015154,6.90426639522124,5.04635238981117e-12,8.57303180280491e-10
"TRIM8-DT",287.250106206051,1.20535768604189,0.175362605084629,6.87351608092384,6.26384445814535e-12,1.03457830967034e-09
"ZW10",150.536004711158,-1.0685398683298,0.15618464089278,-6.84151695212682,7.8358929667994e-12,1.27396759035969e-09
"ITGB7",458.161588649951,1.00947106537831,0.147558706907789,6.84114876399089,7.8560620551388e-12,1.27396759035969e-09
"LINC01003",209.634736745036,1.04502641584112,0.153376635683247,6.81346550069926,9.52752149090969e-12,1.51742793173971e-09
"PRECSIT",30.1012927157339,6.76507925055808,0.994789572424912,6.80051283013295,1.04247386199261e-11,1.64535021379713e-09
"LINC01588",139.253340998982,2.13972650181608,0.316490306905918,6.76079631864413,1.3723534167458e-11,2.09231113230013e-09
"MRPS31",132.921031135432,-1.51274895597297,0.224056737592407,-6.751633413162,1.46189870527202e-11,2.19137387433969e-09
"ARL5B",1051.05983067408,2.44975901176328,0.362934997615923,6.74985611157771,1.47991847302177e-11,2.19989881014686e-09
"RNF152",111.910277342992,3.82145040196376,0.567175764641097,6.73768281404255,1.6093239658948e-11,2.35304269701897e-09
"EGR4",37.1835665863222,4.65037776456161,0.690545227071308,6.7343565377817,1.64656972273371e-11,2.38792770033527e-09
"NFKBID",2296.92552117075,2.27662328255634,0.338844547527242,6.71878387647157,1.83247461977633e-11,2.63610340867502e-09
"ITGA7",100.843174595374,1.80342353222136,0.268954463337125,6.70531178343313,2.0097678638635e-11,2.86801913244776e-09
"BTG3",117.09103453449,1.94009649112951,0.289951541386424,6.69110597533919,2.21490183719643e-11,3.12006069477135e-09
"ZBTB17",1271.83169952352,1.19257223713627,0.178243817379713,6.69067940009233,2.22136847312458e-11,3.12006069477135e-09
"IL6",235.031804448942,6.45614570828809,0.965243672335303,6.68861748937255,2.2528873726339e-11,3.13960976195653e-09
"MAFG",1454.99017092537,1.47865063623773,0.221423405530163,6.6779328621441,2.42336001550716e-11,3.3252227658936e-09
"CATIP",73.263583413161,1.64002792223586,0.245581845337212,6.67813176492717,2.42007409163853e-11,3.3252227658936e-09
"ODF3B",3752.33686483372,1.34871420019678,0.202566972899582,6.65811499718356,2.77361731848036e-11,3.69336528981073e-09
"RIOX1",126.079184228964,1.22509224469805,0.184009491836295,6.65776657754133,2.78019846825751e-11,3.69336528981073e-09
"ETF1",3204.97584566251,1.2716627080575,0.191207096387577,6.65070874503445,2.91684985536469e-11,3.82579174411731e-09
"MIR155HG",61.1892494857034,6.85566695915009,1.0327672854945,6.63815271401393,3.1763868724798e-11,4.1058252921228e-09
"ADAM8",7782.24748402911,1.3277937532235,0.20001533186409,6.63845986629534,3.16977624872393e-11,4.1058252921228e-09
"RALGDS",402.946994921785,2.40469930677415,0.362918882994481,6.62599666055603,3.44912968053874e-11,4.36351597457093e-09
"NINJ1",5650.98779473869,1.63627232615759,0.247430520283804,6.61305777589916,3.76461436220238e-11,4.72909795725113e-09
"BCL3",2840.51488546453,1.44991723593298,0.219516653823295,6.60504435850288,3.97398334607805e-11,4.92277186995418e-09
"THAP2",361.294808294795,3.10456926428264,0.472112596174395,6.57590856384571,4.83569660397986e-11,5.86796979740086e-09
"ATXN1L",2355.23119202303,1.04977534279803,0.159943201068779,6.56342586482685,5.25853849538809e-11,6.29542346850555e-09
"EHD1",7183.46320046534,2.48125668860255,0.378124681038811,6.56200669521456,5.3088431512724e-11,6.31327627549314e-09
"ORC2",148.813319941315,-1.1266657234797,0.17182747859895,-6.55695894897794,5.49161226726904e-11,6.48737613400961e-09
"GASAL1",81.8750809510229,3.48331099707714,0.531419137312071,6.55473382967689,5.57412089965836e-11,6.54152425053327e-09
"LAMB3",292.308690367553,3.97804151455979,0.607299521846311,6.55037814366419,5.73915711918928e-11,6.6911820060195e-09
"SEMA6B",218.325613312436,3.00915446931123,0.45954088416442,6.54817574019068,5.82441564819357e-11,6.70296298919206e-09
"B3GNT5",1182.84958066491,2.45192951590715,0.37476097673404,6.54264896328101,6.04385838196118e-11,6.82343960869769e-09
"SNAI1",558.968305116087,3.41897502205652,0.523257002043961,6.53402631728047,6.40246874276398e-11,7.18284512159898e-09
"TMEM132A",75.8823051397904,2.35941838394718,0.361741302639242,6.52239146244295,6.91951330412448e-11,7.5724097128204e-09
"PGBD2",103.212440647482,-1.57775794006373,0.242092950151171,-6.51715772424818,7.16520744986538e-11,7.79347381040845e-09
"CSF1",255.080290777234,3.76008472977194,0.57786642180022,6.50684066061182,7.67477414589831e-11,8.29712855845662e-09
"FTH1",12186.4367572824,1.01910378492634,0.157090214520433,6.4873791664075,8.73423369704020e-11,9.27388456475019e-09
"HES1",671.945552933199,4.36892434257286,0.676448463067979,6.45862113834651,1.05661265751716e-10,1.1022138353679e-08
"CCL3L3",4505.07017053936,4.50934610987739,0.698576812789678,6.45504692872625,1.0818537276386e-10,1.12198295311729e-08
"NR1H2",4041.46781089617,1.03195787276805,0.160115129191496,6.44509908575749,1.15524916944045e-10,1.18432957956774e-08
"DDAH2",760.510314034218,1.16581495247828,0.181201321596317,6.43381042813529,1.24444052478668e-10,1.25525073858479e-08
"PLEK",17006.564977556,1.52381543450597,0.237164148726654,6.42515086149156,1.31738799600208e-10,1.29831862280028e-08
"PREPL",155.674430705974,-1.49271273589921,0.232388046074103,-6.42336282402073,1.33296266145011e-10,1.30370273409358e-08
"ARID5A",2205.36797808067,1.44918158783903,0.226258209152701,6.40499009192186,1.50379146208254e-10,1.44218452153916e-08
"HLA-L",132.989810331354,2.23563686007591,0.349503649736251,6.39660519071263,1.5886940058928e-10,1.51546115920406e-08
"DUSP2",5382.38173603031,3.24516814933138,0.507393767779203,6.39575878815986,1.597520240976e-10,1.51577479034734e-08
"DNAAF1",161.984698093533,3.86240744311687,0.605162400128238,6.38243129827366,1.74298230742641e-10,1.64504330158054e-08
"APAF1",1679.1946046595,-1.25585725331608,0.197261815465985,-6.36644882512824,1.93454804197105e-10,1.77878700890101e-08
"NFKBIA",42056.842700511,2.93071844083213,0.460323593080614,6.36664834235183,1.93203439545096e-10,1.77878700890101e-08
"ARHGAP31-AS1",58.532437123238,2.4352361928011,0.382915989442885,6.35971403634564,2.02129696522225e-10,1.83958649314461e-08
"ADORA2A-AS1",217.778403035228,3.8400481812837,0.606589887123452,6.33055094191206,2.44287347437154e-10,2.17879885179198e-08
"RRAD",241.484651465834,3.93893293133421,0.622306393782393,6.32957168798039,2.45842655486381e-10,2.18176183510749e-08
"TNFRSF4",24.1210751444462,2.92409916770962,0.462253240540562,6.32575158216341,2.52002955384162e-10,2.22536075155579e-08
"ACOT2",104.909557914967,1.28283784169987,0.20283667274728,6.32448671300279,2.54075712488563e-10,2.22809542939556e-08
"MAFK",1750.70994201479,1.7884327804253,0.282799068234365,6.3240405691265,2.54810779009247e-10,2.22809542939556e-08
"DOT1L",1706.6459083585,1.08858530265699,0.172247275320262,6.31989853327413,2.61735101801717e-10,2.26642269220341e-08
"GLUL",20948.8777784141,1.11384693331285,0.176337830645553,6.31655118606814,2.67464887437656e-10,2.27912602421227e-08
"N4BP2L2-IT2",53.2607741306251,-1.69022242791931,0.267581915530881,-6.31665419004838,2.67286758550627e-10,2.27912602421227e-08
"SQLE",277.257913763297,2.00058537552675,0.316856513217162,6.31385277586394,2.72172877303419e-10,2.3009572442362e-08
"CCDC9",1499.69348631157,1.5851722057741,0.251749499365981,6.29662505691682,3.04195879458295e-10,2.53562901765284e-08
"IRAK2",441.301361858227,3.46455965526614,0.550328632504028,6.29543776325463,3.0653353256246e-10,2.54323030411589e-08
"RIC8B",87.7963703145646,-1.01644321439317,0.161551425651803,-6.29176257833801,3.13881311683343e-10,2.59213649898494e-08
"PHLDB1",22.2651770082053,3.50374668893182,0.55743299946363,6.28550281792283,3.26794236384913e-10,2.67401632506151e-08
"SLC25A34",95.2354984657252,1.86195190361431,0.296543818694547,6.27884240450887,3.41103122924154e-10,2.76572613941867e-08
"UBE2R2-AS1",48.3945328852462,1.83363295224386,0.292323668367817,6.27261200737494,3.55040868401444e-10,2.86570995952261e-08
"STX1A",178.173081276746,4.25678367739669,0.678887735104726,6.27023211244203,3.60510288217638e-10,2.89674888343524e-08
"ESPL1",41.2089172493363,1.98096500439684,0.316576227355575,6.25746607995249,3.91282722245223e-10,3.12991085175349e-08
"LINC00528",282.775859392367,1.9388819780549,0.309926355059877,6.25594418286989,3.95118055204695e-10,3.14648029854524e-08
"EEA1",815.144449632728,-1.00158891561505,0.160351577966991,-6.24620554604855,4.20543682517598e-10,3.33407031499952e-08
"FASTKD1",187.520328259107,-1.10048008990713,0.176404671652767,-6.23838404956361,4.42114146895181e-10,3.48957174881249e-08
"SPAG5",107.001681315061,1.9614155351674,0.314715908954949,6.23233678170421,4.5952822598282e-10,3.58453750230475e-08
"GMEB2",832.695783744512,1.16207018188682,0.186534698852769,6.22978024482209,4.67089904939695e-10,3.62258683665839e-08
"MB21D2",105.674145358336,2.05278151509652,0.329822517468562,6.22389741868423,4.84954222952999e-10,3.71270962619553e-08
"RPL7AP64",284.329176172109,-1.33597121243287,0.214943871524258,-6.21544221269921,5.11803067078815e-10,3.86845047057284e-08
"ADORA2A",108.539725868449,4.39990123112406,0.708147429819468,6.21325594904122,5.18978109839222e-10,3.90613144443546e-08
"OASL",755.958750504169,2.31022255028162,0.372131083046327,6.20808810532503,5.36330813143834e-10,4.00295775935553e-08
"SLC2A1",161.051705558626,1.75964709015398,0.283598857513269,6.20470443916245,5.47997935415637e-10,4.07299465497672e-08
"SMG8",203.966037064142,-1.42730313448613,0.230083950636719,-6.20340154337712,5.52556143996001e-10,4.08983257120359e-08
"IL1RN",3341.68617833804,2.82385502345705,0.455416393904645,6.20060028855331,5.62482034253902e-10,4.12903478478235e-08
"SERPINB2",408.772533174634,3.96643924322711,0.639972525739528,6.19782738117334,5.72478751425373e-10,4.18519506882205e-08
"C15ORF48",44.9822374938597,4.41274758297287,0.712189676508391,6.19602857009523,5.79056202488068e-10,4.21600185305395e-08
"FLT1",46.4852112269141,3.76049423944305,0.607237372170863,6.19279117488989,5.91080182946013e-10,4.28605215584999e-08
"EMP3",6926.61347101071,1.02445125646914,0.16548726636531,6.1905141040138,5.99683013302765e-10,4.31336515778013e-08
"C5ORF51",204.914220138418,-1.00781876173014,0.162947994996419,-6.18491047866094,6.21377221945188e-10,4.45145658034468e-08
"HMGA1",2233.36557637635,1.20580175929,0.195023769875591,6.18284509657055,6.2956484883095e-10,4.4920711093786e-08
"ZKSCAN1",1089.32593354436,-1.24723077541498,0.202021527983532,-6.17375181676997,6.66881972289159e-10,4.72057167527541e-08
"SLC7A5",1336.1918921523,3.47572095899188,0.563764065906877,6.1652048599458,7.03919479211427e-10,4.96304967200531e-08
"PRR14L",1266.79775609024,-1.01880803629143,0.165320506256943,-6.16262349637369,7.1549489514539e-10,5.02480233842656e-08
"PRIMPOL",97.983183591233,-1.00079346854639,0.162605878137269,-6.15471888231212,7.52107840054893e-10,5.26121554937223e-08
"IL4I1",197.501175747096,1.76759451852966,0.287646007241413,6.14503408366859,7.99463460332121e-10,5.57063640836108e-08
"ANKRD28",310.635879141885,1.95573140429339,0.318458568126806,6.14124284925705,8.1878292357041e-10,5.68305439324863e-08
"GADD45B",4141.67145578863,1.77738842591668,0.290036720244553,6.12814965090636,8.8906944094489e-10,6.00728056347536e-08
"ZC3H12A",2255.21781969835,2.51757236432229,0.410940618767065,6.12636534172674,8.99092300553536e-10,6.05207866312226e-08
"EMP1",1297.90090294609,3.14185752689781,0.512981996695098,6.12469355092249,9.08583059932628e-10,6.09297166281136e-08
"CFAP410",125.506495170501,1.09926617270562,0.179707582785959,6.11697155826141,9.53703797200629e-10,6.37159862714038e-08
"RGL4",74.0006137415252,1.68467833994073,0.275517007684461,6.11460742151399,9.67949500852786e-10,6.44264298366119e-08
"HPS6",365.540891730909,-1.52343906533091,0.249247277244982,-6.11215930689403,9.82919882227038e-10,6.51796463166019e-08
"DAXX",624.016205957234,-1.04359249477397,0.170793890562496,-6.11024487665797,9.94783834512727e-10,6.54795352030923e-08
"PTPRE",10871.3440430812,1.24868651622399,0.204463335502014,6.10714147432897,1.01431325236839e-09,6.65195580726004e-08
"IL6R-AS1",93.8792141135888,3.79602014805771,0.622412840450084,6.09887827075145,1.06815371118012e-09,6.95391456205509e-08
"BCL7B",1755.78664046533,1.11257578189713,0.182742488372596,6.08821622056873,1.14175608851573e-09,7.37921924164623e-08
"C11ORF96",43.029574780829,5.30461479000497,0.871627402182471,6.08587428151379,1.15857328597779e-09,7.46087735569378e-08
"TNFAIP3",18333.1610719411,2.95881650078221,0.487099326479864,6.07435966328424,1.24483443887166e-09,7.93048454306881e-08
"CACFD1",354.909343336188,1.22008909403217,0.200983079697721,6.07060602249297,1.27428455500924e-09,8.06052762136694e-08
"LSR",47.2727519926226,1.76270146389064,0.290358263326602,6.07078112293265,1.27289578457696e-09,8.06052762136694e-08
"LINC00884",42.6871142510395,2.07391082685933,0.342026374713845,6.06359912622076,1.33108679495732e-09,8.36053741142559e-08
"PHF1",950.31581635995,1.16296832778081,0.191841445932365,6.06213283124871,1.34328202068828e-09,8.40753146843422e-08
"SEPHS2",733.209592583764,-1.17685506840566,0.194156306992042,-6.06137954845783,1.34958937754684e-09,8.41747388695125e-08
"BIN3",680.201364249418,1.28635013627573,0.212366085045861,6.05722959952827,1.38485858173955e-09,8.60735448817776e-08
"TIMP1",2976.10525276725,1.09890781564043,0.181525380550674,6.05374197430018,1.41519228939787e-09,8.76534724245803e-08
"GIMAP8",1219.71232315957,-2.10272861107145,0.347773105938004,-6.04626572661514,1.48241526735235e-09,9.14993894084123e-08
"FOSL1",720.442709808581,3.24560786896434,0.537286303747671,6.0407418657904,1.53407236588163e-09,9.40370545106409e-08
"DCAF12",662.228380056829,-1.24969948619359,0.206945167160478,-6.03879521972356,1.55269142960356e-09,9.4852430552289e-08
"MMP19",92.2798104657715,1.73916718144065,0.288511170900413,6.02807571025028,1.65923325335522e-09,9.99912255856432e-08
"BRD8",423.908342521457,-1.08282536960566,0.179881629290675,-6.01965511361864,1.74789088966858e-09,1.04627106341974e-07
"MT-ND2",36868.8352762692,1.01060181377651,0.167917484788634,6.01844301710809,1.76102683418451e-09,1.05060858422017e-07
"CD300E",21410.7705263096,1.33563149984363,0.222181059148783,6.01145527418349,1.83865241697173e-09,1.0896306250479e-07
"FGFRL1",551.212752372574,1.5530118686888,0.25839746113284,6.01016690287992,1.85332426867892e-09,1.09468868558592e-07
"RRP12",3552.84235841226,1.38192379863543,0.230111720914723,6.00544723729025,1.90805208512651e-09,1.12329482160022e-07
"SDC2",178.290449578973,3.02987770185446,0.504918707262541,6.00072379627445,1.96439895872224e-09,1.14888356149794e-07
"KRCC1",317.543121048132,-1.32642256090186,0.221226794764794,-5.99575906848037,2.02537120237785e-09,1.16920943391638e-07
"YJU2",681.983610102185,1.04477432449172,0.174482702942587,5.98783894834262,2.12647466754605e-09,1.21577099742585e-07
"ADRA2B",91.2996107744274,5.62690293957703,0.93992352625312,5.98655399339554,2.14333459666229e-09,1.22149528866651e-07
"FAM78A",1913.94771452692,-1.09403525869442,0.182811998205427,-5.98448279890821,2.17078527726247e-09,1.23319961069452e-07
"ADPRHL1",42.4863823722928,2.53268571634494,0.424574611281854,5.96523119622812,2.44287898034389e-09,1.36175235160544e-07
"TTC9C",150.204561414025,-1.20341634580165,0.201884534051227,-5.96091400194277,2.50830955365275e-09,1.39386996317937e-07
"IFFO2",1258.23698347637,1.35092279313989,0.226710313922948,5.95880606296116,2.5408741519439e-09,1.40322331648221e-07
"CHD7",309.788888477072,1.58185100927385,0.26546219225329,5.95885612126842,2.54009607223939e-09,1.40322331648221e-07
"TLE3",6813.19435237288,1.2747981778616,0.214057903036195,5.95538945201217,2.5945323101624e-09,1.4240389953439e-07
"MRFAP1L1",339.800736128894,-1.20339510874808,0.202459819872122,-5.9438712802776,2.78368220883201e-09,1.51388180613248e-07
"DPYSL4",15.4956117923155,1.63515270610783,0.275154078150641,5.94268025063622,2.80399054151294e-09,1.52029128509142e-07
"PER3",71.9150776127833,-1.46271376103882,0.246357215364589,-5.93736927442582,2.8963181625072e-09,1.56523346460548e-07
"CASP8AP2",312.584953155272,-1.10576013713528,0.18626595933402,-5.93645849777837,2.9124459680995e-09,1.56523346460548e-07
"RNF39",50.0224271405516,1.38821662278242,0.233847607776785,5.93641575374811,2.91320501316863e-09,1.56523346460548e-07
"UBE2J1",3135.84478744916,1.1779374234227,0.199343010386961,5.90909819780541,3.43985614313695e-09,1.82619505599038e-07
"SOD2",21057.4175666125,2.00351070977158,0.339199928073795,5.90657763740948,3.49287726101211e-09,1.84884108551733e-07
"WDR45P1",30.9017690818948,2.66233059320463,0.450827815122963,5.90542664826146,3.51735263332555e-09,1.85628805542193e-07
"SOX15",58.8041449326097,1.37223608376251,0.232472126051958,5.90279835723534,3.57386987998854e-09,1.88055135454972e-07
"MCF2L2",8.36116399661674,3.69989030882588,0.629947620000812,5.87333008547776,4.27126796307588e-09,2.20204849495224e-07
"MAP10",68.9343542171815,-1.24019017659722,0.211320576544057,-5.86876203386971,4.3906106929879e-09,2.23770610118623e-07
"MMP9",130.49489072058,2.13654862970073,0.364472554668473,5.86202884780761,4.57245560389226e-09,2.32374538638832e-07
"DUSP5",948.178390113429,1.59694239823224,0.273252229972003,5.84420627928949,5.08989249529186e-09,2.53613135002839e-07
"CARD8-AS1",254.795896171366,-1.08785815246452,0.186293378803028,-5.83948908680613,5.23611461481255e-09,2.59449479163962e-07
"SYNJ2",182.685289186695,1.96071263568215,0.335796734871219,5.83898660132624,5.25192926911195e-09,2.5951222798454e-07
"FAM118B",193.619587233817,-1.39344018105455,0.238967455714922,-5.83108765537038,5.50672459517167e-09,2.70603177213973e-07
"DCLRE1B",219.400471486778,-1.02551696854513,0.175997631644026,-5.82687936744144,5.64734025154705e-09,2.76750701667847e-07
"ARID5B",315.761334055034,1.33026204663285,0.228375419204961,5.82489153720601,5.71497033908673e-09,2.79297646325011e-07
"GNA15",1521.52352120676,1.09461577031504,0.18799137859849,5.82269133018545,5.79074464388181e-09,2.82227603709191e-07
"PARS2",11.2222798713631,-3.35922243451226,0.577374118132094,-5.81810359872024,5.9519010986559e-09,2.89291585280174e-07
"TEDC1",625.530325062031,1.76772933164241,0.303996549037739,5.814965127854,6.06465275350922e-09,2.93970858198634e-07
"CHCHD4",115.481110149044,-1.0250655267822,0.17700643878562,-5.7911199943619,6.99186001951751e-09,3.3170425273445e-07
"GIMAP7",799.042962089289,-2.2826126434243,0.394112328473786,-5.79178188173863,6.96435514535941e-09,3.3170425273445e-07
"HS3ST3B1",97.4571873922789,3.15061816181407,0.544613991864726,5.78504814212823,7.24915662460145e-09,3.41188537914619e-07
"TLE1P1",4.17959524766043,4.09283901569547,0.707460895185678,5.7852512323261,7.24040367260792e-09,3.41188537914619e-07
"DCUN1D3",296.721119743331,1.80963921493535,0.313058602367155,5.78051266201274,7.44733324330509e-09,3.48675932792851e-07
"PHF6",189.419151710007,-1.0249276363497,0.177470219929983,-5.77520914074519,7.68575593857595e-09,3.57959567708401e-07
"NLRC4",850.452616108742,-1.24727206725005,0.216243504088463,-5.76790536440716,8.02628526929308e-09,3.69002259365077e-07
"NHSL2",1623.49934232312,-1.12113524442176,0.194371722527795,-5.76799562118115,8.02198898115964e-09,3.69002259365077e-07
"C17ORF80",70.6158401351456,-1.74832910648599,0.303361663033673,-5.76318407870781,8.25416833265756e-09,3.76567403370705e-07
"ZBTB43",1252.13688705188,1.93800400511454,0.337335071075589,5.74504156634304,9.18984086666108e-09,4.11880355224875e-07
"SH3D21",45.107890530521,1.55725745247042,0.271126124707646,5.7436643338948,9.264936140002e-09,4.14205340514676e-07
"MIR3945HG",43.2746371775867,3.77082657775315,0.657190414196695,5.73779911620036,9.5914784470891e-09,4.27731981347938e-07
"MIR132",3.3539088491419,4.35142818368041,0.758555877452779,5.73646360541355,9.66738117017343e-09,4.29208932924665e-07
"RUBCNL",301.666613676412,1.38687752841007,0.241801391066615,5.73560607857707,9.7164255109745e-09,4.30078407604872e-07
"TICAM1",1302.98716615981,1.2440825961566,0.217007596818807,5.73289882194936,9.87285329294794e-09,4.34844338369396e-07
"EREG",3582.97714308625,3.35071194182462,0.584850462068548,5.7291772156143,1.00918923071548e-08,4.42307555221196e-07
"PYGO2",342.499199924573,-1.29710396025906,0.226511129959873,-5.72644691008715,1.02555836122327e-08,4.47283864242071e-07
"RFX8",4.80895501751643,4.90566463453148,0.857073876867104,5.72373603599185,1.04206617880104e-08,4.52271934244598e-07
"SPATA2L",611.239978226089,1.39401972139679,0.243662097616052,5.72111844655216,1.05825086537163e-08,4.56943014936441e-07
"MAPKAPK5-AS1",204.784691753669,-1.00883229166488,0.176371230364576,-5.71993680363589,1.06563681025653e-08,4.56943014936441e-07
"SMURF1",772.834986206047,1.28545822085655,0.224713235145833,5.72043840685362,1.06249540344255e-08,4.56943014936441e-07
"HSPA1B",49.4626892182344,-2.13170100583863,0.372905163050471,-5.71646953987096,1.08759954748383e-08,4.65242223693445e-07
"AHR",2774.17289915725,1.32497924555989,0.231826466467489,5.71539249055371,1.09451101800184e-08,4.6707864926117e-07
"SLC6A8",115.979550624771,1.14643909431465,0.200759688282708,5.71050445495932,1.12641788539194e-08,4.7726941186749e-07
"BMP2K-DT",20.1825955670944,2.08284330522238,0.365334849556277,5.70118976536767,1.18974100669391e-08,4.99355295938963e-07
"LDLR",1958.40714696088,1.97160554791719,0.346532103852566,5.68953215588941,1.27387900613264e-08,5.30921815686778e-07
"CDK5R1",133.779805317138,-1.99910131136552,0.351404523889966,-5.68888894552619,1.27868588571252e-08,5.3168295639487e-07
"GTPBP4",956.10395330158,1.01004341976863,0.177695568748887,5.68412272112417,1.31485838772991e-08,5.4545218419363e-07
"PNP",1361.87876811347,2.41903212579337,0.425675107200914,5.68281321804334,1.32496950243685e-08,5.47101990381217e-07
"MAPK6",1655.09236619296,1.63777396695254,0.288372012716923,5.67937904764787,1.35184603487184e-08,5.5435010505848e-07
"CFAP58-DT",27.3789079320044,3.14592355372933,0.554373566404903,5.67473585389461,1.38902820069069e-08,5.65696005568964e-07
"HEY1",37.8438362806118,3.79440138432316,0.66890927809947,5.67252018854329,1.4071193178358e-08,5.71758414386219e-07
"DUSP6",8674.82723463994,1.15957953920008,0.204476228964043,5.67097478799839,1.41987294655691e-08,5.75629400470047e-07
"ABTB2",115.631296645333,1.02305698736187,0.180576950258824,5.66549045099888,1.46604589522666e-08,5.88508791326215e-07
"NCR3LG1",121.848769847295,1.83076657211429,0.323173264845151,5.66496913967034,1.47050999497696e-08,5.88508791326215e-07
"PRDM8",57.9169528125189,1.90329407539771,0.335924708399406,5.66583531311649,1.46310000516971e-08,5.88508791326215e-07
"TPM4",6782.18639926304,1.00228980910492,0.176901027812076,5.66582241777399,1.46321005653616e-08,5.88508791326215e-07
"MSC",98.815307447387,6.08565824302221,1.07463925704933,5.66297778822241,1.48768423098546e-08,5.92350698935683e-07
"TXNIP",27939.9433592812,-1.14834351083981,0.202932188514013,-5.65875487397364,1.52475149171602e-08,6.01737104186512e-07
"BCL2",274.78328373627,1.12053811080181,0.198479181025326,5.6456203870512,1.64586651344974e-08,6.45252019053108e-07
"CSGALNACT2-DT",17.4882427387384,1.81857628074439,0.322349332097457,5.64163191811601,1.68445906128203e-08,6.57491919806319e-07
"MARCKSL1",1525.16569717264,1.38000125487871,0.24491744651863,5.63455676390018,1.75509146023365e-08,6.80593944948865e-07
"CRLF2",24.8115756132546,4.22603048409285,0.750412406895245,5.63161062538613,1.78534399227186e-08,6.9082356039361e-07
"KCTD21",102.825123872401,-1.23252993298519,0.219089838201501,-5.62568279342835,1.84775620441121e-08,7.11884992965166e-07
"TCEANC2",267.985926425012,-1.17241581903132,0.208426573714916,-5.62507840595672,1.85423734579691e-08,7.12842365825975e-07
"TSPOAP1-AS1",78.0445456691744,1.26482484700903,0.224899231856216,5.6239625034276,1.86626176275306e-08,7.14385779484743e-07
"GPR35",713.727000901022,1.44724434184125,0.257329683994869,5.62408626697769,1.86492442367059e-08,7.14385779484743e-07
"CWC25",1741.63622181094,1.28723458705103,0.229072382621326,5.61933556686719,1.91693220520829e-08,7.30646082831312e-07
"MIR4425",3.486642956946,4.62195455682026,0.822844237853793,5.61704675586671,1.94248872773505e-08,7.35671208605899e-07
"NIPAL4",96.7563998603699,4.2764918761708,0.761477730223064,5.61604326224756,1.95379761934236e-08,7.38386481648922e-07
"ZKSCAN4",73.429016969849,-1.31611647998957,0.234386085737679,-5.61516472211812,1.96375080415768e-08,7.40579003056335e-07
"TRAF1",509.871151409518,1.54329599296907,0.275079210728062,5.61036942371754,2.01895160423809e-08,7.59790268278461e-07
"GBP2",4769.42284338941,1.00593705897715,0.179409893049328,5.60692078836799,2.05957861451617e-08,7.71822758944105e-07
"UGDH",178.099028402697,-1.14978847483913,0.205162525773601,-5.60428114492964,2.09121035214255e-08,7.78768481451333e-07
"INSIG1",2062.15003433749,1.89602848069811,0.339240753559719,5.58903510501825,2.28334794684898e-08,8.36367588562177e-07
"PLK3",3546.63030755258,1.92374795195501,0.344659304142885,5.58159297843148,2.38325589470531e-08,8.71158169052322e-07
"PTGER2",2464.65963389547,1.09758836431656,0.196794384822304,5.57733578276446,2.44230157617511e-08,8.8478127957389e-07
"IRF2BPL",994.85841216351,1.14047005931612,0.204490842367093,5.57712045250807,2.44532554563251e-08,8.8478127957389e-07
"PDYN-AS1",45.5440410677909,4.177758917044,0.751799645638953,5.5570110218572,2.74433437896376e-08,9.69750746110179e-07
"CTNNB1",5427.05793518746,1.25163661091563,0.225358211583041,5.55398714838674,2.79226019625475e-08,9.82412966090577e-07
"SOS1",697.176932269173,-1.02765532378026,0.185511263411161,-5.53958452378497,3.03190085661355e-08,1.05425043821194e-06
"GBP5",1184.38865779645,1.12638546839426,0.203380922059253,5.53830446331686,3.05413981612761e-08,1.05991723813394e-06
"APOBEC3A",4865.26373938906,1.50739103222697,0.272346954669896,5.5348187537255,3.11550353837032e-08,1.07702232785755e-06
"PHACTR1",1040.45247334105,2.79236634888876,0.504682798464081,5.53291365861262,3.14954530539465e-08,1.08443621951644e-06
"EHD4",1663.1022972474,1.12365936375622,0.203194397422247,5.52997217448476,3.20281587167277e-08,1.09658022109211e-06
"TUBB6",680.795666888012,1.5532616428593,0.280941235322708,5.52877772134489,3.22469615549346e-08,1.10195651382552e-06
"MAP3K8",2255.79047647749,1.86639905348041,0.337839688714512,5.52451093174428,3.3040466548799e-08,1.12691365640053e-06
"PIK3R5-DT",107.733357814089,1.88082956132669,0.341081974276134,5.51430360785938,3.50163671524561e-08,1.18524090562716e-06
"KIFC2",651.63367961147,1.04264045077116,0.189579913726431,5.49974113964265,3.80349219203695e-08,1.27531379175856e-06
"METTL13",319.705107066023,-1.32339190394905,0.240907042998351,-5.4933715821588,3.94331876036915e-08,1.31478355228906e-06
"NRARP",105.36486840008,2.78887734794081,0.507780670984178,5.49228733448129,3.96761178975904e-08,1.32041528182317e-06
"MEGF9",7952.7567580118,-1.10743195319303,0.201654303275321,-5.49173479169965,3.98004750492536e-08,1.32108509011342e-06
"ITPRIP",4777.60059237887,1.48149108144755,0.269871614391644,5.48961432934395,4.02812313725998e-08,1.33062334300821e-06
"EPOP",29.9130582087127,2.7600446016925,0.50287909291947,5.48848548399383,4.05394578161778e-08,1.33090785484513e-06
"TBC1D22A-DT",272.374931607802,1.82912505878407,0.333262840386962,5.48853588554972,4.05278941670093e-08,1.33090785484513e-06
"NLRP3",12492.1469964485,2.36288083978267,0.430506029570341,5.48861264995732,4.05102882232943e-08,1.33090785484513e-06
"FEM1C",1078.22368729487,1.29188749977065,0.235445237274901,5.48699780349462,4.08822214824438e-08,1.33808636110795e-06
"ZNF792",80.1678540447347,-1.30071767515133,0.237638888989236,-5.47350511813848,4.41220133894322e-08,1.43099722698308e-06
"ACSL1",6880.98968555465,1.38621794475915,0.253427451803985,5.46988076821025,4.50338432657377e-08,1.45527843509824e-06
"LINC01465",39.6549093508293,2.41125417439425,0.44129921234663,5.46398930007667,4.65551609761425e-08,1.4936168372166e-06
"THAP9-AS1",923.411963790906,1.39688294092126,0.255780300341389,5.46126085182029,4.72764789899186e-08,1.51132227996804e-06
"SDS",51.0021399195675,2.38190728296061,0.436801471062382,5.45306607408481,4.95086625782745e-08,1.57141552147911e-06
"KRTAP5-AS1",8.13816256515587,3.51893267157779,0.645784403423189,5.44908277890354,5.06302459353556e-08,1.59848199468119e-06
"DCSTAMP",17.8134648433282,5.43542492539567,0.998571605332661,5.44319996319635,5.23318444722075e-08,1.64637644037961e-06
"RELB",1746.26649915989,1.09353746577495,0.200994388845327,5.44063678621629,5.30904576617445e-08,1.66730208410246e-06
"ZNF436",87.9012533073072,-1.21011548645324,0.2225277241259,-5.43804369188888,5.38687663826188e-08,1.6858088679529e-06
"ZNF490",44.4024572874289,-1.26899621575078,0.233373411157712,-5.4376212330941,5.3996609055216e-08,1.68685028428537e-06
"PLEKHO2",3523.25183735817,1.01718409319635,0.187095218651477,5.43671880301321,5.4270684245663e-08,1.69244836638835e-06
"GAS2L3",105.870416256251,1.80958921070314,0.333096092636134,5.43263415785514,5.55281767712682e-08,1.71963822438521e-06
"ISYNA1",87.3914924635103,1.82290788677393,0.335695140063673,5.43024807099732,5.62757704960519e-08,1.73976983381035e-06
"NFKBIZ",15845.4138558549,2.35071532499909,0.433070279136016,5.42802274422715,5.69817798527881e-08,1.75854842389971e-06
"BAG3",179.811915048163,1.02809390392702,0.1894211164078,5.42755698743568,5.71306287442265e-08,1.76009698711488e-06
"GEM",40.1178043896682,4.60708707022817,0.849827178957107,5.42120466879149,5.91987347133201e-08,1.81441070415155e-06
"KCNK7",97.3661073961987,1.42506697790742,0.263151734343799,5.41538128738157,6.11582379049908e-08,1.86804905436511e-06
"NDUFAF4",51.7734850620584,-1.26021291631912,0.232745950761565,-5.41454281887867,6.14454985669728e-08,1.87361504861139e-06
"KDM7A-DT",183.55840426861,1.34525011892795,0.248525578105788,5.41292421158892,6.20037382275072e-08,1.87948725451547e-06
"SNHG15",944.953877437728,1.33913208747559,0.247383946571375,5.41317294850911,6.1917633216824e-08,1.87948725451547e-06
"SLC39A8",165.897093603925,1.75279737064596,0.32383825032463,5.4125705313961,6.21263711341097e-08,1.87948725451547e-06
"CENPBD1",128.295848522501,-1.42775565102024,0.263959337944233,-5.40899845461001,6.33781767268485e-08,1.90969580482014e-06
"GPRC5A",12.9621360464961,3.59207427186306,0.664597420505826,5.4048874717707,6.48490924056031e-08,1.94416489131285e-06
"BHLHE40",6252.44553417377,1.83928889534824,0.340682445118069,5.39883672230543,6.70743824815807e-08,2.00414210168582e-06
"EAF1",1333.74413309515,1.79706440108628,0.33322854659757,5.39288851280961,6.93339743514239e-08,2.05445088784169e-06
"PSMA6",85.3869048046695,1.17657909904784,0.218365487957734,5.38811837919907,7.11991522203687e-08,2.09925698728419e-06
"ZNF780B",68.8254625680381,-1.69147095238593,0.313994682711533,-5.38694138951355,7.16667914114848e-08,2.10955812738955e-06
"PTGS2",9242.53325282308,2.62058928748612,0.487451180736944,5.3761061436434,7.61139318007387e-08,2.20409142120386e-06
"KREMEN1",155.382712265318,1.55667535004831,0.289790873264265,5.37171972503343,7.79892615878543e-08,2.2510881038902e-06
"SLC40A1",623.892350160885,-1.99586677473944,0.371572639617068,-5.37140403232144,7.81259426396876e-08,2.25139025009168e-06
"CLCF1",249.363524576515,1.80383433275519,0.336438637496799,5.36155521903263,8.25084926063944e-08,2.36241812377667e-06
"TMEM52B",75.5147579919555,3.11833261680893,0.581753762796261,5.36022767058752,8.31171356415578e-08,2.37222954491857e-06
"CMTM1",46.0179067587654,-1.42838866329127,0.266505495590697,-5.35969684274359,8.33617198332782e-08,2.37540951818852e-06
"SLC9A8",831.548840186434,1.01779461425158,0.19000980914401,5.35653721687696,8.48320328327036e-08,2.41345103934572e-06
"NRIP3",244.706727279717,3.73629473247691,0.698770373051922,5.34695642025923,8.94455414612066e-08,2.52233261827281e-06
"NABP1",1133.94752468085,1.33162143916324,0.249332114751045,5.34075379937657,9.2560891716199e-08,2.58793289409649e-06
"RPS26P21",29.6427306585445,2.57220529620108,0.48180897135675,5.33864134774802,9.36456838800053e-08,2.60073318870505e-06
"FFAR1",5.43301225297485,4.88677878429166,0.915254152122771,5.33925879817932,9.33273424476255e-08,2.60073318870505e-06
"PDCD1",48.0952238303018,3.90754746449509,0.732068762668643,5.33767818510755,9.41443654267199e-08,2.60693764518404e-06
"BCL2A1",3413.88124179362,2.10814049929829,0.395338341261028,5.33249695077351,9.68713966718895e-08,2.67491017621233e-06
"SKIL",1223.0069015605,1.51839191632387,0.284894790778116,5.32965840539513,9.83976646662722e-08,2.7041974211774e-06
"ADM-DT",27.8369772902017,1.9010632276647,0.356712512206097,5.32939878084885,9.85384193163645e-08,2.7041974211774e-06
"CTTNBP2NL",139.068027353931,-1.11030405891612,0.208408228173202,-5.32754425604241,9.95495278262181e-08,2.72356514933141e-06
"CXCL16",4016.47635285441,1.16508392846853,0.219011014149172,5.31975039243902,1.03909713731334e-07,2.82121989884251e-06
"ZNF696",81.166248522058,-1.17229011619649,0.220836564121787,-5.3084058831399,1.10588163610115e-07,2.98437467848296e-06
"CTSL",1083.55272623127,1.96530216751884,0.37039870279156,5.305909963256,1.12112289407399e-07,3.02093507318608e-06
"TENT5C",47.8350831714867,2.13890533299886,0.403480771886179,5.30113324359914,1.15086052968975e-07,3.08893934773554e-06
"TP53INP2",1360.23856933742,2.46839594603723,0.465734835663283,5.30000282783621,1.15800887201503e-07,3.10158592477539e-06
"CDC42BPG",30.3028621998706,1.53436716078679,0.2895906506442,5.29840019825764,1.16821700368658e-07,3.12423611870484e-06
"S100A2",13.6626737634607,3.12614754249508,0.590612517270214,5.2930600877611,1.2028637529133e-07,3.20727707391141e-06
"HSPA1A",893.079008858445,-2.16578775798087,0.409350394528719,-5.29079191550389,1.21787866757227e-07,3.2328154274039e-06
"MIDN",6929.07750927646,1.11083871344502,0.209971775896411,5.29041919421134,1.22036330449774e-07,3.23331549831626e-06
"GIMAP4",2690.58257665109,-1.4577796880317,0.275662913121146,-5.2882691818288,1.23479175701034e-07,3.25350300761455e-06
"FAM20A",222.72972846841,2.85811045808152,0.540437423886452,5.2885132149583,1.23314581586517e-07,3.25350300761455e-06
"CBR4",114.293058028767,-1.03956886401523,0.196708100536616,-5.28482996470052,1.25821568937633e-07,3.29091663740396e-06
"JPT2",158.326603276951,-1.21242953334522,0.229489130076498,-5.28316758593783,1.26969143159841e-07,3.31122160187901e-06
"DNAJB5",109.924209680405,1.09318311767139,0.20691798722946,5.28317103944721,1.2696674866775e-07,3.31122160187901e-06
"PIGA",587.890076254085,1.38938716559454,0.263142507481596,5.27997995797663,1.29198017977343e-07,3.35952513801726e-06
"CEBPB",3505.84460379928,1.08554620805346,0.205686117233096,5.27768340739908,1.30827238006389e-07,3.39200039470634e-06
"NIBAN2",4298.38007877912,1.03913921148949,0.196885446707256,5.27788736480133,1.30681746003736e-07,3.39200039470634e-06
"C4ORF48",113.539912217954,1.09250846106927,0.207057225197898,5.27636000156519,1.31775097236248e-07,3.41161710377387e-06
"IL23A",96.0480057095535,2.49801172521523,0.473469367012996,5.2759732714591,1.3205333589605e-07,3.41386580538222e-06
"GJB6",15.4551814998324,2.90775626282502,0.551343615188826,5.27394565334572,1.33521462100018e-07,3.4468246612737e-06
"OTUD1",4561.42545833734,1.53059126610883,0.290360628080205,5.27134576140275,1.35427068464679e-07,3.49096538623257e-06
"MIR22HG",2266.79178387722,1.4450643843902,0.274785329818286,5.25888476413865,1.44931672001022e-07,3.68275094751314e-06
"MIR6835",5.4734252991877,3.93533896335398,0.748866872750999,5.255058150586,1.47977708468814e-07,3.74946926657203e-06
"WNT5B",46.6352198606917,-1.78885288808317,0.341034504823361,-5.24537213326759,1.55967197935953e-07,3.90202367010032e-06
"PACERR",15.207074091414,3.24699399281812,0.619098067664845,5.24471672971835,1.5652261832639e-07,3.91043482591898e-06
"TRIM68",75.6558261699555,-1.26395997937456,0.241241700446757,-5.23939259685959,1.61105975734146e-07,3.99496101439414e-06
"SLAMF1",17.3507375486276,1.58615304889621,0.302798950874064,5.23830430824675,1.62058690556986e-07,4.00943539827395e-06
"KBTBD8",262.594320386479,1.71688832974301,0.327977935159708,5.23476778676277,1.65192413379858e-07,4.07003075948881e-06
"ACHE",7.37565572519746,3.49275220434538,0.667356352887512,5.23371387600189,1.66137564608464e-07,4.08204115356169e-06
"IFITM10",92.0178241695904,2.93328617143242,0.560493339735149,5.23340058388292,1.66419532926278e-07,4.08334474324477e-06
"SNORD3A",49.786657121739,2.33745898796928,0.446801675465588,5.2315358610362,1.68107413446846e-07,4.11909346300116e-06
"MAP1LC3A",71.8928410960151,1.90141116001065,0.363797756279436,5.22656098667678,1.72691875526286e-07,4.21405974779466e-06
"TREML2",354.586921203504,1.27535189044125,0.244112206765354,5.22444947485624,1.74674013064854e-07,4.24500687336631e-06
"LINC01093",33.3543228140482,4.09225109185238,0.783403033202889,5.2236855340239,1.75396550723082e-07,4.2567669004059e-06
"PTCD2",63.1323762448176,-1.11822767803744,0.214227398409173,-5.21981635561682,1.79100635896169e-07,4.32313551165881e-06
"MIR222HG",110.960816236386,2.28632966062322,0.438191145212307,5.21765372395985,1.81203820028612e-07,4.36209681736895e-06
"MN1",255.776593515076,2.72117204813411,0.522264514981372,5.21033302105767,1.88501967770171e-07,4.50737010869211e-06
"FANCF",48.9623729362226,-1.36425017839012,0.261902654027947,-5.20899714992786,1.89864029607125e-07,4.53386152628098e-06
"TAGAP",3786.7427696455,1.45089625684352,0.279258366000854,5.19553371890419,2.04133330187489e-07,4.83576406890362e-06
"CLSTN3",354.12167183511,1.0031636613021,0.193165301065602,5.19329121621802,2.06608618107642e-07,4.8814364633167e-06
"MIR221",11.4788305812147,3.67669725077076,0.708797700881046,5.18723077995396,2.13444162228587e-07,5.02861473317333e-06
"APBB3",673.172091333748,1.01047766782531,0.194808833208798,5.18702181611175,2.13683707127783e-07,5.02861473317333e-06
"SCO2",271.250967680624,1.32874827386491,0.256229403059928,5.18577594139004,2.15117311892026e-07,5.05568196249008e-06
"EGR3",2166.59295994859,2.90372696993114,0.561120192931388,5.1748751987726,2.28063372315733e-07,5.32486182639796e-06
"SYN2",15.4068301902151,2.97835579993431,0.576482313645728,5.16643048613046,2.38606885306885e-07,5.53481094942029e-06
"GIMAP6",1259.45898116421,-1.30195685786469,0.252231323786887,-5.1617572247479,2.44642435908784e-07,5.6600930891581e-06
"IGIP",13.2037840204048,-2.95252752719324,0.572270838713835,-5.15931850350609,2.47850359443912e-07,5.72688434165869e-06
"CDCA4",387.14472584429,1.25797852652437,0.243989728338778,5.1558667452495,2.52460391524501e-07,5.80016967739586e-06
"ZMYM1",92.1862920800413,-1.01763867687656,0.197380221830446,-5.15572769874953,2.52647821467462e-07,5.80016967739586e-06
"LIMK2",1258.11211520527,1.28763884333588,0.249853971902714,5.15356563487912,2.5557956209336e-07,5.85993345581151e-06
"NOP2",33.8308792831837,1.72755626004744,0.335252489179316,5.15300054677124,2.56351217356836e-07,5.87008089244062e-06
"GIMAP1",645.253943156663,-1.32446074603896,0.257132052108626,-5.15089711756136,2.5924337987783e-07,5.92869667982146e-06
"MTFMT",96.2839646182708,-1.13565418291607,0.220601543778714,-5.14798837516408,2.63294805090778e-07,6.00759165558967e-06
"DUSP8",117.985021358852,4.14046509886308,0.804455391379372,5.14691696175169,2.64802473957025e-07,6.01725672668206e-06
"AP1G1",1446.42746197788,1.02887266950944,0.199932704964827,5.14609488072719,2.65964938090967e-07,6.03326053840425e-06
"RASGEF1B",4271.88403555531,2.45328616139387,0.477097403039925,5.14210755657492,2.71673503589251e-07,6.12656378890652e-06
"ADGRG3",183.244085759696,2.68898228238902,0.522993805374282,5.14151841715341,2.72526932324573e-07,6.13804977121936e-06
"GSPT2",56.579094088909,-1.35729553192477,0.264175285624885,-5.13785961739075,2.77885340479374e-07,6.24297065928346e-06
"SRC",1869.37344032101,1.0239862470844,0.199483546261214,5.1331865022268,2.84877361551492e-07,6.39200298786858e-06
"BTG3-AS1",6.44570016465854,3.19814387677433,0.62342977505637,5.12991840417817,2.89867797987647e-07,6.47952604073139e-06
"RAPH1",108.764602085098,1.70218368447319,0.332373958597357,5.12129076434426,3.03451319318295e-07,6.75775859425685e-06
"PRDM1",1306.94231698408,2.39045627299059,0.467588898447071,5.11230330944476,3.18254287318552e-07,7.0521987294265e-06
"SPRY2",121.145195578066,2.69431745025824,0.527697909744661,5.10579519172617,3.2940631862163e-07,7.22661901236433e-06
"SRGN",37344.155385419,1.17975947075704,0.23119933610074,5.10278052979782,3.34699074677485e-07,7.30748788121166e-06
"PHLDA2",197.711492272693,2.82024271038817,0.552712010702963,5.1025536912094,3.35100632740842e-07,7.30748788121166e-06
"PTGES3P1",87.7273237555996,1.3714411132527,0.268997107254693,5.09834892742616,3.42628817688704e-07,7.46253095229683e-06
"NUAK2",1096.46516197201,-1.38202331686763,0.271471722249242,-5.0908555241668,3.56451553214305e-07,7.6550555730757e-06
"GVINP1",462.24505767759,-1.26348251476416,0.248286568449704,-5.08880735133324,3.60322424504959e-07,7.71632885386488e-06
"INO80C",143.33083183777,1.27458120293486,0.250490350815497,5.08834451620724,3.61202746551025e-07,7.71632885386488e-06
"CLU",282.824846854227,2.36668676328318,0.465638699494263,5.08266766884642,3.72170533503171e-07,7.89003904000369e-06
"F12",48.8665996888078,1.36368250584368,0.2684470013275,5.0798947244712,3.77644084400067e-07,7.98153457053128e-06
"SNIP1",502.532813697433,1.41321949775256,0.278295943050965,5.0781174970048,3.81192941042391e-07,8.04700554120021e-06
"TREM1",8290.10107134673,1.28372130209304,0.252855093640221,5.07690505107882,3.83632458117996e-07,8.08893119138158e-06
"PNRC1-DT",7.28548103947591,4.38766273300215,0.864543372677635,5.07512158633849,3.87248300445314e-07,8.14567180856811e-06
"MRPS24",20.7554479805044,2.72768789960369,0.537542769230695,5.0743644147747,3.88793334761141e-07,8.15917118290498e-06
"BCL6",5856.0357476312,1.19186732935353,0.234941367056221,5.07304160304949,3.91506862301821e-07,8.19285727497247e-06
"ZNF71",110.931023337838,-1.15766516149789,0.228205310752638,-5.07291069467151,3.9177639060161e-07,8.19285727497247e-06
"DDIAS",103.95808606474,-1.24576708698556,0.245680155128616,-5.07068666711558,3.96382912657087e-07,8.26013831305738e-06
"PNRC1",8555.90570516619,1.34288548873317,0.265264272919472,5.06244385628532,4.13915980263494e-07,8.60540006519837e-06
"GLTPD2",97.9638045299509,1.37616067343601,0.271873931908212,5.06176029374018,4.15403103969912e-07,8.62219695016483e-06
"MYCL",1170.91262450531,-1.29472504798449,0.25581592062512,-5.06115899597123,4.16715517323025e-07,8.63341625784915e-06
"STARD4",432.248124234761,1.95377884822426,0.386974490880722,5.04885695121046,4.44461379273633e-07,9.12347765648223e-06
"JAG1",380.939555134037,1.31187636933666,0.260016653745352,5.04535517413991,4.52679671915355e-07,9.2814942386507e-06
"ZEB2-AS1",149.980904991964,1.54516414764554,0.306691111003546,5.03817715025875,4.69986354986863e-07,9.60322634622642e-06
"LINC02541",16.7185078611668,3.56346812126578,0.707462019128872,5.03697445928423,4.72947858861498e-07,9.65268181507025e-06
"HELZ2",2972.12976012302,1.04386370249998,0.207265760922783,5.03635379935652,4.74483203464901e-07,9.67295015246504e-06
"ERCC4",78.1789445611717,-1.11687404922797,0.221877209720863,-5.03374839909458,4.80980866776938e-07,9.78305211125088e-06
"RLIM",1457.85450121268,1.27975466768901,0.254317137989642,5.03212122393865,4.85082359389038e-07,9.85523818540052e-06
"EPHA1",81.0848048646596,1.21002738439991,0.241044119872747,5.01994151543176,5.16872138405429e-07,1.04062812696118e-05
"CD177",8.59808565810157,3.67509666648964,0.732294849517797,5.01860236885406,5.20487558751744e-07,1.04672571285385e-05
"NAP1L4P1",115.526089586069,1.75998750783507,0.350832328410347,5.01660584077224,5.25923091064227e-07,1.05527740139524e-05
"SLC25A33",262.272055795482,1.11056976704396,0.221457583197343,5.01481932119848,5.30833245650497e-07,1.06393297032737e-05
"CYP27B1",14.0673057924427,2.08468210759014,0.416005196251548,5.01119247157092,5.40937764881251e-07,1.08175424326813e-05
"NMNAT1",156.212979222319,-1.0618066753404,0.211897921898621,-5.01093482100499,5.41662599929788e-07,1.08199075672425e-05
"ANKRD33B",16.3079159744138,2.37446050384842,0.473941521081154,5.01002844914664,5.4421989811619e-07,1.085883058456e-05
"BIRC3",904.517506586553,1.07559119688234,0.214734033895977,5.00894607793464,5.472890254367e-07,1.090786774943e-05
"PLIN2",1718.29393096148,1.32904147721399,0.265476863396791,5.00624220208434,5.55029114911978e-07,1.10374686196208e-05
"HS3ST1",11.150168350501,3.48259312475331,0.695897377568495,5.00446364221359,5.60177831170847e-07,1.11150746968026e-05
"N6AMT1",17.6200483365359,-1.84564296226545,0.36903930356913,-5.00120974762168,5.69716890926665e-07,1.12792562711985e-05
"COMMD3",40.6232835986889,-1.29586615337095,0.259801908771026,-4.98790081836178,6.10388889865155e-07,1.19781265318093e-05
"BLOC1S5",83.4449653816017,-1.01388111111374,0.203301998660533,-4.98706907848303,6.13021514491545e-07,1.19902168591011e-05
"PDLIM7",1711.39838441781,1.10837173181998,0.222513162804228,4.98115130741791,6.32070934484222e-07,1.22686412723934e-05
"INSIG1-DT",76.1201020121886,2.09809759312716,0.421266498831331,4.98045203914306,6.34359227710874e-07,1.22996738085941e-05
"AQP9",2746.90553708648,1.37531575824972,0.276193002358569,4.97954599321894,6.37336059668269e-07,1.23439746279724e-05
"PLEKHG2",2729.67311578577,2.02718891148314,0.407172021023884,4.97870385687486,6.40114984355515e-07,1.23709329262553e-05
"MAFF",851.235939806448,2.90925112618111,0.584525356914463,4.97711706047825,6.45382941093511e-07,1.2432333588797e-05
"SCN1B",26.8645413099141,1.30506288910998,0.262697557058198,4.96792929376519,6.76716264457889e-07,1.29659127018258e-05
"HCG11",247.97089033793,-1.08898079375216,0.219480424705507,-4.96163061108217,6.99038400277672e-07,1.33505856361382e-05
"C9ORF64",163.19121560263,-1.51064572598324,0.304780692005187,-4.9565007417121,7.17740935297611e-07,1.36347846686249e-05
"DNAJB4",102.788029057414,1.64262522941211,0.331486679303856,4.95532801758951,7.22083678569114e-07,1.36881282235025e-05
"CSF3",10.8745502155571,6.12603581686887,1.23808745150314,4.94798312464226,7.49864081949486e-07,1.4199655513604e-05
"IL1RL2",25.7895251041,2.71716883473533,0.549632762026643,4.94360784593045,7.66898938845425e-07,1.44608279821614e-05
"KLHL21",1245.20740499297,1.26310938905973,0.255546210233986,4.94278270807924,7.70153069899076e-07,1.45068537073492e-05
"FBXW4P1",17.7351821553919,1.63291328373965,0.330884691509405,4.93499193417123,8.01540722314522e-07,1.49872991662961e-05
"PLA1A",18.020509641024,3.05190069738209,0.619231821762286,4.9285269104818,8.28519242420168e-07,1.54431831204712e-05
"MAP1LC3B2",78.6450868400276,1.95242693604908,0.396252547862196,4.92722872466696,8.34041013798139e-07,1.55298785011808e-05
"CEBPB-AS1",35.2689049783537,1.38915791054083,0.282153889822323,4.92340513687619,8.5051115526233e-07,1.57707047687832e-05
"HRH1",9.62587878438154,3.55153294003002,0.723177711028452,4.91100995767593,9.06084861240682e-07,1.6697047267367e-05
"ATP2B1-AS1",3306.49258792423,1.84334158378578,0.37638068398301,4.89754565584718,9.70410918543604e-07,1.76454535830589e-05
"ZKSCAN7",14.9313406869137,-1.93718659020397,0.395592897580881,-4.89691954039166,9.73506746948873e-07,1.76837203177943e-05
"RIPOR3",81.3139131654761,1.64590319660061,0.336133880329869,4.89657036352714,9.75237379623917e-07,1.76971356843657e-05
"IL10RB",85.8156713143901,1.19738779282174,0.24457560238853,4.89577775186089,9.79176816253501e-07,1.77156821918632e-05
"OSR2",59.8494916953936,3.20060680601311,0.654628907519581,4.88919259331268,1.01250400282789e-06,1.82804113385059e-05
"EGLN2",424.618787439458,1.29139216786022,0.264321713067856,4.88568325648182,1.03070785623455e-06,1.85714815550625e-05
"CXCL8",35658.8353651899,2.97038696097677,0.60813256665767,4.88443988011064,1.03723283679766e-06,1.86701910623579e-05
"MAPK13",249.484653483794,1.4952349773076,0.306312121773761,4.88140974849166,1.05330126925727e-06,1.88642450210956e-05
"CCL3",343.158996596406,3.24871956023686,0.66616618754993,4.87674040044755,1.07853224885056e-06,1.92581163713677e-05
"ADNP2",804.032864941579,1.14355209370255,0.23450606138711,4.87642872400995,1.08023695221016e-06,1.92692667535248e-05
"TRIB1",6868.54631364599,1.30452035781622,0.26776806127423,4.87182956626116,1.10569533290028e-06,1.96644001478317e-05
"MAPK6-DT",5.79162722945509,4.02823269344341,0.827554921250994,4.86763185137493,1.12943476806633e-06,2.00068097246944e-05
"ALDH1A2",15.8808115845552,2.26491607972503,0.4653295435304,4.86733780653896,1.13111594144116e-06,2.00089614347586e-05
"RNF19B",3988.70994806533,1.67215293972816,0.343554125092762,4.86721834376655,1.13179964613025e-06,2.00089614347586e-05
"ULBP2",7.31876261367528,4.16659485350083,0.856104334396151,4.86692414241743,1.13348510383092e-06,2.00189181011248e-05
"PCGF6",76.0825494987689,-1.10374122661873,0.226837485094718,-4.8657796843315,1.1400646199751e-06,2.01152054313708e-05
"MIR4734",12.6994591670389,3.69854951454344,0.761299308528322,4.85820684862194,1.18453625782519e-06,2.07970056762655e-05
"RMI1",81.881204592249,-1.22918449731703,0.253062537556452,-4.85723611715079,1.19035617303117e-06,2.08582106529848e-05
"FAM83G",37.2745364601216,2.59552760295327,0.534677306325148,4.85438146008553,1.20763080550982e-06,2.10986467274085e-05
"ADM",622.54233964881,1.45332489472925,0.300005379225637,4.84432945329354,1.27039985577413e-06,2.19587137861423e-05
"CAPN10-DT",25.241322254982,1.42565528977352,0.294544484990496,4.84020364468723,1.29706146001632e-06,2.23978531691879e-05
"ETS2",5936.64376958441,1.400213839561,0.289313957724214,4.83977285636436,1.29987610969664e-06,2.24247485926196e-05
"POP1",57.473508078512,-1.04090470298885,0.215421994903191,-4.83193326408765,1.35213583201701e-06,2.32140509831757e-05
"LINC01353",46.9469647605562,1.95825108927439,0.405519157154465,4.82899772976319,1.37221972711721e-06,2.35135979753284e-05
"PLIN4",71.2499899920182,1.39063361575202,0.288057591610449,4.82762355950204,1.38171960764863e-06,2.36536606153899e-05
"ZFR2",5.01924751299823,3.67475652970191,0.761358405646832,4.82657904929798,1.38898276614562e-06,2.37552009419995e-05
"TNNT3",53.3538357866402,2.04792176845733,0.42464873383951,4.82262539662091,1.41680902921304e-06,2.41154956708991e-05
"ZNFX1",2490.29498421123,1.04398990668135,0.216605157295895,4.81978323930304,1.43714282943843e-06,2.44382781616041e-05
"TNFRSF18",20.1207401643486,3.89371867230425,0.809186747253572,4.81189130385509,1.49508664775809e-06,2.53315855709739e-05
"TNFAIP8L2",375.498225089826,-1.37728978366794,0.286259778775048,-4.81132833107602,1.49930481604375e-06,2.53413941013396e-05
"TGM2",151.481192426163,1.33831077008832,0.278289744617262,4.80905529569166,1.51645257414942e-06,2.55917511993163e-05
"LINC02728",22.5649012339775,2.37389280533867,0.493684507027088,4.80852198428097,1.520503095536e-06,2.56358546485549e-05
"RIPK2",2475.90550806721,1.68997714513021,0.351627197349127,4.80616163331715,1.53855528587989e-06,2.57939372082007e-05
"CHD1",3095.81509709627,1.028984052552,0.214308792235984,4.80140848080066,1.57553511611443e-06,2.63396395513114e-05
"SYN1",29.861931850144,2.16955424682244,0.452509066652571,4.79449895417938,1.63081915283409e-06,2.71620467303963e-05
"ATP2B1",4945.72731786892,1.61673871552438,0.337499213727914,4.79034809493739,1.66492226736483e-06,2.76525916250035e-05
"LINC01629",4.28533947100194,5.55712077761204,1.16034696824565,4.78918886306393,1.67456820639037e-06,2.77869280610153e-05
"PPP1R15A",40713.6982062148,1.86631962261527,0.389927160501426,4.78632886258879,1.69859647518344e-06,2.80551517817798e-05
"ANKRD9",148.743503028489,1.3925193077465,0.290999291419817,4.78530136947153,1.70730958681541e-06,2.8120949593364e-05
"CD80",17.2847490901174,2.34980724020717,0.491036875513805,4.78539872947101,1.70648213811715e-06,2.8120949593364e-05
"ZBTB16",641.683894418702,-1.36089826712454,0.284603878295541,-4.7817277658857,1.73794937812509e-06,2.85992075710289e-05
"CXCL1",501.125726692883,2.80600886149496,0.587268476380472,4.77806825046921,1.76987310909212e-06,2.90174600367511e-05
"UPP1",3165.01489662747,1.15689931113159,0.242273198149691,4.77518487380015,1.79542236434244e-06,2.93554025070032e-05
"SOCS1",11.7855068191846,1.90169509298545,0.398440644806104,4.77284413067568,1.81642368658896e-06,2.95902883300218e-05
"TNFAIP6",141.673650604722,2.74850145904366,0.576107208291455,4.77081595141782,1.83481135858099e-06,2.98625593196786e-05
"TLR5",635.808026528385,-1.10085545232676,0.230818254042456,-4.76936045155367,1.84811715540113e-06,3.00503620730878e-05
"FGF9",10.209921525334,2.78660530420541,0.584585484871067,4.76680549948997,1.87169838283826e-06,3.03245737993359e-05
"IER3-AS1",2.44132116014899,4.06902291805761,0.854049270227185,4.76438896432194,1.89426791280631e-06,3.06068396998541e-05
"C6ORF223",19.2967099053893,4.45103955461161,0.934222561791475,4.76443166398834,1.89386685422938e-06,3.06068396998541e-05
"CT75",11.9769271343503,3.64857072749538,0.766030281730424,4.76295887318376,1.90774734020824e-06,3.07967394159588e-05
"SYNPO2",41.3821759248434,3.17634612510112,0.666912517281404,4.76276279541004,1.90960265370528e-06,3.07988174835396e-05
"C3AR1",1445.02175087211,1.20041303065541,0.252128112556671,4.7611232975283,1.92518378842134e-06,3.10220672248057e-05
"SERTAD1",977.044813204891,1.86689986631783,0.392683187351271,4.75421389673049,1.99220035960172e-06,3.19002423829223e-05
"EHD4-AS1",15.8099073627536,2.11966486407636,0.445978627732795,4.75283955837081,2.00579512950045e-06,3.20316683258989e-05
"REC8",752.22706449429,1.24272147641705,0.261865774066572,4.74564299533518,2.07845018123014e-06,3.2926637950962e-05
"MARS2",63.539179747698,-1.12412845087194,0.237157780837487,-4.7400024022077,2.1371568511816e-06,3.35961934569922e-05
"SERPINE1",48.8292223713372,3.77610878003352,0.798131317150749,4.73118733583073,2.23210410735055e-06,3.48959448439255e-05
"LINC01973",6.00809997387075,3.14926639532235,0.666002364675148,4.72861143197059,2.26060545890952e-06,3.52488463077168e-05
"CD7",326.227419949301,1.07341585188576,0.227049763098515,4.7276677906949,2.2711336730652e-06,3.53820807512113e-05
"LINC01215",41.3705979406522,2.14774463026436,0.454498048809109,4.72553102459285,2.29514788463455e-06,3.56629013907857e-05
"PKP2",77.6395211627856,-1.21397321626728,0.257307683433746,-4.71798276703955,2.38194665163675e-06,3.68829551839378e-05
"SLC35E4",120.516637926426,1.79301359288824,0.38016291955883,4.71643471953811,2.40013328009353e-06,3.7132330832878e-05
"MCM3",333.224687978062,-1.01880548428372,0.216162733895969,-4.71314118729657,2.4392706082543e-06,3.75424582485248e-05
"GJB2",41.216449634286,4.77434182833504,1.01419555551299,4.70751602329804,2.50753576300897e-06,3.84273392960085e-05
"TEX45",10.2199673243471,2.02065269834535,0.429385132480425,4.70592143391799,2.52721840465159e-06,3.86957269546568e-05
"CST6",6.08783873787045,2.70395461650705,0.574955838182995,4.70289096472561,2.56503416301869e-06,3.91403587681159e-05
"PRR33",1112.55161002915,1.40112722283916,0.297989252309468,4.70193878463796,2.57702767795454e-06,3.92562081292511e-05
"CDKN1A",8329.71103929831,1.78077770208019,0.379917698692919,4.68727229135899,2.76870487867872e-06,4.18543708693822e-05
"SLC22A4",333.26588945689,1.00759768665315,0.215279992301747,4.68040562376485,2.86307887504653e-06,4.30257800952653e-05
"MYC",377.702334956744,1.71069407972604,0.365589815174976,4.67927171031086,2.87895712481196e-06,4.32279774346766e-05
"IFI6",1773.54232033782,1.27765953698739,0.273113836504174,4.67812086469616,2.89515885230771e-06,4.3361749460508e-05
"LINC02688",2.10678858233894,4.058795320091,0.867800652500727,4.6771056329525,2.90952398823167e-06,4.35049714746506e-05
"EPHB4",134.893788387555,-1.20398513474391,0.257434624749348,-4.67685780774895,2.91304098926308e-06,4.35199540757746e-05
"MED20",116.216856674795,-1.04074888586357,0.222583837546806,-4.6757612652119,2.92865153807957e-06,4.37165574362036e-05
"PSD",80.695129744064,1.44990718026626,0.310565808764613,4.66859885843128,3.03260845255552e-06,4.51549829521581e-05
"HIC1",181.201558777686,2.15112564304798,0.4615735882415,4.66041753221479,3.15568580143006e-06,4.66758899883163e-05
"P3H3",24.4899391242878,1.24093203561581,0.266304939747018,4.65981606197265,3.16492076823145e-06,4.67737006327361e-05
"XCR1",11.0329328152431,5.27922038435263,1.13376298832882,4.65637036902594,3.21832757856887e-06,4.74450639227367e-05
"C13ORF46",34.1792334911453,1.46816984186268,0.315435434326119,4.65442268716326,3.24889711381993e-06,4.77673266538459e-05
"LRIF1",55.2423214062822,-1.19033514504929,0.256053744371646,-4.64877070230064,3.33919170457678e-06,4.89437153872149e-05
"MIR6775",3.84478131834939,3.49183689691273,0.751400534841127,4.64710461997611,3.36626463345898e-06,4.92192037144601e-05
"SPACA6",33.1422255693117,1.51112825947646,0.325300394190276,4.64533178091559,3.39530341899967e-06,4.95625387791458e-05
"H2BC21",369.461817614294,1.14479283411079,0.246562187559223,4.64301864549211,3.43355351292239e-06,4.99981449498038e-05
"ADORA2B",190.18385507375,2.05811934559343,0.444048027035901,4.63490257874074,3.57105619045672e-06,5.17049515627978e-05
"MIR661",2.86108148035525,4.10223716736273,0.885521965319294,4.63256398827281,3.61164653351715e-06,5.22079018353962e-05
"CAHM",34.5864871797725,1.40916113744508,0.304328977240115,4.63038764899884,3.64981781140932e-06,5.26743123947569e-05
"CYCSP52",4.71654545625948,3.15734352427964,0.682188359415283,4.6282576955518,3.68754982831798e-06,5.31758398039904e-05
"LANCL2",311.877806339265,1.08362261219143,0.234165022235484,4.6276023713811,3.69923389538594e-06,5.32582197142005e-05
"SLC7A11",21.5328375637737,2.99276870672932,0.648480871748425,4.61504546565924,3.93009270994427e-06,5.62189204169895e-05
"PEX11A",7.6353742691377,-2.3888885235791,0.517691106675346,-4.61450562463925,3.9403210488864e-06,5.62749774780109e-05
"NEU4",223.263004225619,3.62241101615554,0.785632902537583,4.61081887539995,4.01085888703496e-06,5.71908080151316e-05
"LRG1",374.867943420389,1.18409378092972,0.257382567402871,4.60052051262783,4.21436515076574e-06,5.98057641681459e-05
"TMEM81",16.5938754192821,-1.31503029468833,0.286081579853735,-4.59669684207093,4.2924145098256e-06,6.07683254176739e-05
"CCL7",66.6465753880362,6.13781545407177,1.33551530268665,4.59584060304242,4.31008102468943e-06,6.09217316310698e-05
"HSPA1L",42.353734107763,-1.11743043996923,0.243175068701869,-4.59516859986659,4.32399503265992e-06,6.10700106037907e-05
"HAPLN3",74.1251860083258,1.50757959403711,0.328149266830355,4.59418851853321,4.34436506385239e-06,6.13091645640814e-05
"C14ORF119",160.373086472468,-1.17154222121618,0.255022673770115,-4.59387474806354,4.35090588303702e-06,6.13529321277584e-05
"P2RY1",128.848923685964,1.32618509638203,0.288982014285546,4.58916136930106,4.45030306502469e-06,6.24299650893778e-05
"RTP5",6.30534370059463,4.91149024435909,1.07025318312129,4.58909192872962,4.45178358524995e-06,6.24299650893778e-05
"LTF",23.4497112425336,4.66114584136147,1.01589285396883,4.58822583813989,4.47028891692265e-06,6.26402307148988e-05
"SELENOK",1344.21844382078,1.14337431778662,0.24932133576436,4.58594654276703,4.51934234301148e-06,6.30798346749912e-05
"RPL34P20",16.5350330919801,-2.60235853387771,0.568305020059387,-4.57915809648447,4.66851237610121e-06,6.50093081693156e-05
"PMAIP1",1627.29802952919,1.83082763288824,0.399875873559967,4.57848986133864,4.68344860765516e-06,6.51664245423969e-05
"TRIB2",69.2467588721875,1.35442345616315,0.296014405891126,4.5755322349457,4.75010816693e-06,6.59909886929107e-05
"TOMM40L",307.647476514872,1.17325631779354,0.256517982814409,4.57377804441257,4.79007278253243e-06,6.64944111243684e-05
"ZNF234",46.8445047047371,-1.30143750031447,0.284583990083596,-4.57312268315648,4.80508593709104e-06,6.6599163128073e-05
"MFAP4",69.2246904283509,1.68775027095923,0.369121495438602,4.57234350157199,4.82299424226024e-06,6.67954746067067e-05
"RALGPS2-AS1",9.53850256000963,2.15196472673947,0.471203966667525,4.56694951436574,4.94873138468091e-06,6.82190652549753e-05
"DLX2",4.21697441018126,3.06087492833167,0.670312715128709,4.56633875391121,4.96316485357539e-06,6.83652005081682e-05
"JMJD6",1930.99865508836,1.24743998035957,0.274112636998794,4.55082988517987,5.34347381241162e-06,7.28722369004575e-05
"TIGD3",45.3268229405119,-1.16015178962064,0.255002008416064,-4.54957902812954,5.37533438090682e-06,7.31948203714625e-05
"SPINK1",2.11856145160181,4.9532801670337,1.08923907585343,4.54746829859436,5.42950955392822e-06,7.38761185529914e-05
"SLC30A4",21.7237937653915,2.5887424819201,0.569574237862188,4.54504840604547,5.49226307186622e-06,7.4673009661547e-05
"CD83",7607.83767564621,2.59436347367705,0.570908790933066,4.54426961868453,5.51260612935123e-06,7.48424634599325e-05
"ADAMTS13",25.8203244735296,1.12304784273133,0.247203743282433,4.54300500396644,5.54579345385687e-06,7.51716288980995e-05
"DPH6",50.1134048189155,-1.02567203936164,0.225916978432178,-4.5400396485453,5.62436509018877e-06,7.61209593920995e-05
"PAQR8",182.880289617992,-1.8979117462607,0.418519768053406,-4.53481983679803,5.76526763019968e-06,7.78507524507963e-05
"KCNA2",2.56172586726404,4.36238377860562,0.962093219187414,4.53426309592962,5.78049403271063e-06,7.79973166077854e-05
"CD22",103.099593534187,2.19297194445934,0.483751659830956,4.53325978297556,5.80803104796605e-06,7.8191439874429e-05
"ZNF267",1221.18807192809,1.20473970362603,0.266021902544239,4.52872373328614,5.93410256146033e-06,7.96482479242508e-05
"GZF1",1376.57383750943,1.19480370012514,0.264031092795938,4.52523862804509,6.03273971561575e-06,8.07291905830111e-05
"ZNF786",82.3265642324696,-1.13290261664218,0.250694169884538,-4.51906247825372,6.21140647146576e-06,8.28930141267555e-05
"KCNJ2",173.112361384843,2.8096835858082,0.622466553144186,4.51379045446861,6.36791366371056e-06,8.45169969741585e-05
"LINC02709",4.51804874430483,3.28287740067757,0.727804682528197,4.51065715773323,6.46271002324879e-06,8.55841287265864e-05
"CBARP",2.81275696842695,3.45239339507386,0.765427840096728,4.51041001414003,6.47024440574513e-06,8.56203410309211e-05
"TLE1",73.9350549874412,1.61482173952999,0.358035015108643,4.51023411506269,6.47561195697112e-06,8.56278473598597e-05
"NPDC1",31.5502740953192,1.4860765475762,0.329542668916777,4.50951178025294,6.49769866766494e-06,8.579270824116e-05
"NAMPT",22225.5741052705,2.17097329068267,0.481608323285688,4.50775700027688,6.55165489602118e-06,8.62394762712246e-05
"CCR2",2064.62593594745,-1.64215903506279,0.364306873655386,-4.5076257238456,6.55570858973991e-06,8.62394762712246e-05
"SAP30",189.973200799405,-1.05963871778725,0.235129685171586,-4.50661394376459,6.58703202873565e-06,8.65876767344043e-05
"CCDC138",22.8066879476571,-1.12537830194182,0.249749458876621,-4.50602899002785,6.60520672627486e-06,8.66988061687204e-05
"RHOH",65.1095849686301,2.00004710867662,0.443932952321803,4.50529094138253,6.62820658879715e-06,8.69367273021791e-05
"SAMSN1",1969.56340789547,1.5955192689231,0.354193578091455,4.50465329586277,6.64813925444307e-06,8.7134098472267e-05
"USP36",1395.24846340182,1.02190662683404,0.226985851030734,4.50207192295733,6.72941995101051e-06,8.81222300313232e-05
"ZNF74",104.003306316962,-1.07465838927579,0.238913353120205,-4.49810935739155,6.85604313246538e-06,8.95956757486575e-05
"HIC2",598.951624499265,1.06413527669251,0.236862711475832,4.49262473633843,7.03506873757613e-06,9.17335936702361e-05
"DAPK1-IT1",28.1812448634361,4.62877131282513,1.03059232445928,4.49136986854012,7.07665337507263e-06,9.22084316322465e-05
"FOSL2",15150.2568320799,1.13113193609814,0.252044837826919,4.48782028567035,7.19555867519383e-06,9.35258599785171e-05
"MYH10",161.430294288981,1.12447296592403,0.250767108719564,4.48413259484336,7.3211129583563e-06,9.46333427182317e-05
"HAMP",16.8489400170039,2.45484357505728,0.54787347051446,4.48067611806819,7.44069517008777e-06,9.59010985867237e-05
"MIR9-1HG",7.8326159194752,2.68448139875459,0.600745022653734,4.46858700034859,7.87379875600573e-06,0.000100827582347186
"SLCO4A1",21.233432392058,3.65391945582598,0.81967460331491,4.45776829128154,8.28173507456511e-06,0.000105145615843482
"PFKFB3",12046.5542846124,2.15812725887366,0.484616168265509,4.45327126950348,8.4571794746592e-06,0.00010699231735388
"ATXN1-AS1",19.333697094512,1.95013777883131,0.438166051263646,4.45068204897942,8.55979951613454e-06,0.000108137183972244
"LINC01348",2.57424895206392,4.36907526459741,0.981898141179039,4.44962168820397,8.60216794420572e-06,0.000108595521435769
"RGL1",266.115094574898,1.1475589314127,0.258127278013306,4.44570965240466,8.76021994971549e-06,0.000110278619239961
"KRT8P42",12.7715171801448,2.38044176353129,0.536060178010013,4.44062413359648,8.96983451341278e-06,0.000112599513054368
"ZNF48",53.5964018871869,-1.1834678341829,0.266528649728558,-4.44030251677705,8.98325077565106e-06,0.000112684515171002
"WAKMAR2",149.539233864251,1.88467120419836,0.424464255124893,4.44011758691864,8.99097381442543e-06,0.000112684515171002
"PRKAR1B-AS1",77.7561765635484,1.16664437449132,0.262782248987163,4.43958592708564,9.01321234081698e-06,0.000112826443323153
"EXD2",112.238085365212,-1.00248620756307,0.2259067323203,-4.43761103206832,9.09628031628211e-06,0.000113309670587877
"SLC12A5-AS1",3.23406594213869,3.20276669655517,0.721758726375153,4.43744783335041,9.10317740088197e-06,0.00011331645392668
"IL17RB",18.4555724281433,-1.68998173549594,0.381091207779184,-4.43458600198189,9.22493891033092e-06,0.000114672097757828
"IL1R1",291.462371814133,1.81486530819532,0.409546574347783,4.43140151052554,9.36225738665852e-06,0.000116136263743543
"LIN9",27.0174940699914,-1.04700698689679,0.236262653914321,-4.43153824589001,9.35632130826796e-06,0.000116136263743543
"TMEM158",32.7318094171045,2.3604077828123,0.532867612374506,4.42963266672206,9.43937308827648e-06,0.000116930234131025
"FOXI1",3.42640988657667,4.59604604995611,1.03937923657993,4.42191443527327,9.78302004086372e-06,0.000120517618431579
"FZD2",212.770477379492,-1.33203206508494,0.301391839087852,-4.41960229950575,9.88827048963439e-06,0.000121464313928716
"PIM1",2346.01886126468,1.05508752363722,0.238853760421827,4.4172950083511,9.99437804324048e-06,0.000122529014113625
"HRAT92",10.6291644359969,2.09874744433493,0.47547006545808,4.41404748017722,1.01455692355928e-05,0.000124126655709537
"LYPD3",91.0364253906562,2.82159069765537,0.639277446850136,4.41371850603832,1.01610061489691e-05,0.000124230313697951
"YAE1",11.0972032429711,-2.36625513332439,0.536757649213374,-4.4084236839329,1.04125698005456e-05,0.000126611738310928
"NECTIN2",637.429190739183,1.10566868381132,0.250863700063519,4.40744788317865,1.04595757483106e-05,0.000127096670434854
"ANO9",87.3471823886147,1.02962076119911,0.233679657069055,4.40612064444638,1.05238363955815e-05,0.000127703533077811
"KCTD7",201.942115861282,1.1830549315315,0.268516930178184,4.40588580670293,1.05352456701015e-05,0.000127755072918607
"KIFC3",58.1716373768822,1.56317920118033,0.354908076850481,4.40446217807231,1.06046639890079e-05,0.000128422264925949
"BASP1-AS1",21.0481342059841,2.44860599480638,0.55631306668998,4.40148927181487,1.07510384839031e-05,0.000129930233384732
"SLPI",9.30020163005544,2.29846190225,0.52228865283412,4.40075021691118,1.07877249917936e-05,0.000130285334057965
"PI4K2A",764.697050997854,1.27683709342059,0.290537550144521,4.39474034521686,1.10905237519684e-05,0.000133580528485897
"APOA2",86.8116099357812,1.44398866260359,0.328602807075072,4.39432844611612,1.11115711342807e-05,0.000133743728672942
"ZBTB21",865.124567849653,1.10131952393495,0.250687150236733,4.39320293399535,1.11692776362238e-05,0.000134347656422765
"TNFSF10",2324.31631954077,-1.10040501432841,0.250575961155392,-4.39150271739757,1.12569928526132e-05,0.000135220362629572
"LONRF3",309.291608018933,1.69947170429102,0.387798184439198,4.38236116744244,1.17399977294593e-05,0.000140145555878629
"LOXL1",3.68271402454944,3.41884932971214,0.780570870447408,4.37993455706657,1.1871495612166e-05,0.000141458743306491
"LINC01814",28.2934771345214,1.67612386227557,0.38319894267495,4.37403049855842,1.2197332708113e-05,0.000144857537181971
"PRR7-AS1",176.90748234211,1.241911052477,0.283951351040159,4.37367544802195,1.22171971092303e-05,0.000144996914194578
"ZNF175",60.4553638495016,-1.30528828617155,0.298926013961232,-4.3665931541871,1.26199478927306e-05,0.000149280258959236
"NUDCD1",131.405438159985,-1.05731003799093,0.242177172548504,-4.3658534240223,1.26627375709571e-05,0.000149588021715718
"CD44-AS1",42.9328597437862,1.84033637640206,0.421560907903348,4.3655290182267,1.26815464542556e-05,0.000149612054001992
"MYBPC3",351.614663804425,1.07524720332754,0.246416901932771,4.36352861712746,1.2798119027413e-05,0.000150787877946495
"PLEKHH3",40.920665507481,1.16799707592411,0.267843275908784,4.36074817245695,1.29618476297523e-05,0.000152557059877209
"EDNRB",19.4822678480399,2.8798470085052,0.660619096853284,4.35931540917107,1.3046995303282e-05,0.000153315087101412
"DSE",1576.21883673395,1.04530763153196,0.239935108853755,4.35662640838903,1.32082425809978e-05,0.00015500567839463
"IFITM1",44.0712570204041,1.3000998353204,0.298523004396005,4.3551077008315,1.33001509154749e-05,0.000155981651564918
"CASS4",239.010249835984,1.04300979302438,0.239547105938722,4.35409056159164,1.33620463983767e-05,0.000156365831011469
"LMNA",3436.66658685696,2.22664706135095,0.511403405950457,4.35399341389341,1.33679724348296e-05,0.000156365831011469
"LINC01004",51.5016342166461,1.54167483532938,0.354118827987917,4.35355229228868,1.33949125279855e-05,0.000156578276326478
"KIF23",33.247274751233,-1.83426260925439,0.421345178558299,-4.35334899412072,1.3407345741673e-05,0.000156620977956753
"PRDM8-AS1",2.56040090051145,3.1161717719601,0.71610231889408,4.35157335724397,1.35164082928976e-05,0.000157791682675855
"PDCD6IP-DT",29.1360625402431,1.26296080188153,0.290386309667415,4.34924361044438,1.36607893252889e-05,0.000158957051522833
"SLC13A4",18.1626613459566,-1.71162118494347,0.39409430012712,-4.34317670768487,1.40437083292393e-05,0.000162775613500305
"WHRN",31.9680889833979,2.03932176946732,0.469613854418058,4.34255026822927,1.40838247085052e-05,0.000163134587759945
"DACT3",14.7039513856701,2.2511547711525,0.518982189521517,4.33763396240627,1.44024751740631e-05,0.000165963405784844
"BAZ1A-AS1",50.8473774091711,1.50577073053087,0.34715950953537,4.33740309331049,1.44176067145765e-05,0.000166030515542038
"HOMEZ",100.267002274189,-1.33183169132363,0.307099643948181,-4.33680636747452,1.44567873739245e-05,0.000166374305274881
"GNA15-DT",83.601575109165,1.39253745301059,0.321154835049031,4.33603141238085,1.45078220365623e-05,0.000166659535406965
"KCNJ2-AS1",33.7427974818721,3.03703146585119,0.700935350635392,4.3328267907991,1.47206923259735e-05,0.000168541533832295
"HSD11B1-AS1",8.03514524246569,2.97568664959185,0.687237875488378,4.32992236854991,1.49161916774699e-05,0.000170124697661578
"CEBPE",34.1283277668567,-1.40980276409573,0.325881984879198,-4.32611445096708,1.51762590478554e-05,0.000172649304142631
"SH3BP5-AS1",266.554826042568,1.16680658726368,0.269813473771456,4.32449340262384,1.5288277900023e-05,0.000173650383532497
"GPR183",3779.59604651109,2.11782347143342,0.489858824333842,4.32333432864754,1.53688559296597e-05,0.000174284584916255
"ZPR1P1",4.21991965182632,4.49800586872957,1.04115972922063,4.32018809649564,1.55896260767381e-05,0.000176451617992927
"LZTS3",38.093359200412,1.61534600762308,0.373901621836892,4.32024338297133,1.558572067668e-05,0.000176451617992927
"NANOS3",9.95794069898744,2.46046622170218,0.569822572973397,4.31795147893702,1.57484038664414e-05,0.000178022831539658
"HSD3BP5",12.8847715398508,-1.64813379906399,0.381786340775367,-4.31690090252262,1.58235154313217e-05,0.000178645486242985
"VGF",2.23537065124629,3.70729469390066,0.859098459964944,4.31533155588701,1.59363531579924e-05,0.000179805608875565
"C5ORF58",38.863364601942,1.64518364903285,0.381780768101339,4.30923657368764,1.63819057785911e-05,0.000183754335741103
"HILPDA",14.6497623107081,-1.64690697750747,0.382974572178184,-4.30030372027212,1.70564183800969e-05,0.000189920343985123
"NNT-AS1",40.8290865336864,-1.01590992432414,0.236379769880071,-4.29778709421525,1.7251174332763e-05,0.000191610490503005
"ZFP36",52859.3790954969,1.21129836549694,0.282044997582216,4.29469898732681,1.7493052039687e-05,0.000193872045482554
"TUBB2A",134.27344277493,1.78078334234374,0.415126386907573,4.28973777265629,1.7888420589383e-05,0.000197581205246696
"MANEA",103.532305876525,-1.22216223031059,0.285167481188886,-4.28576998055773,1.82107337913237e-05,0.000200520413191131
"AHCTF1",1060.09970122896,1.01017822317029,0.235754072945279,4.28488131954675,1.82836763586109e-05,0.000201108048906692
"LINC01359",11.5389886590138,2.64045216190531,0.616363947626297,4.28391727334809,1.83631213738476e-05,0.000201824620497038
"ITGB8",22.8969452864094,3.34587925112469,0.781852253802147,4.27942649631524,1.87375504680649e-05,0.000204929751838958
"CMTR2",211.879261418003,-1.02017374587573,0.238855431708389,-4.27109293089566,1.94517324296034e-05,0.000211186855191276
"FOS",130558.345217043,-1.09714799542581,0.256910288752947,-4.27054907279662,1.94992308516011e-05,0.000211573771247482
"ZBTB6",98.3712059558546,-1.15100211142502,0.269883345693556,-4.26481340842702,2.000693292345e-05,0.000216031276930085
"OR9A1P",3.81116740030378,3.77480561160589,0.885208443882354,4.26431270249787,2.00518462268259e-05,0.000216385258919613
"PPARG",29.4845323231374,1.99042345296072,0.466879026652879,4.26325308984288,2.01472102257743e-05,0.000217280590401156
"ITGB8-AS1",20.9003847671347,4.53057527689371,1.06273686215206,4.26312047529736,2.01591757547883e-05,0.000217280590401156
"KAZALD1",27.2523455585398,1.45828095730923,0.342362815509459,4.25946069855515,2.0492072442336e-05,0.000220468991692635
"CRTAM",133.920580064581,1.07954410839328,0.253583257210079,4.25715845860809,2.07041612931827e-05,0.000222348482328593
"ERI2",61.9838106167661,-1.35496202158655,0.318316296951455,-4.25665300383031,2.07510041946215e-05,0.000222583531463415
"DLGAP2",5.28207932689541,5.0485096468901,1.1863528906773,4.25548728929033,2.08594215158475e-05,0.000223477694294107
"GDF15",23.5047307746266,1.31596979812565,0.309320155597103,4.25439394851376,2.09615976534875e-05,0.000224339738936214
"IMP3",60.5526815833658,-1.01793727257126,0.239325160419787,-4.25336504856302,2.10581866462221e-05,0.000225066466983409
"SLC9A3-AS1",106.168353496814,1.39377204233595,0.327946438924022,4.24999901480515,2.13771455743757e-05,0.000228065504040499
"NLRP6",90.2295234527404,1.46503437064744,0.345296090054081,4.24283509963283,2.20713617177135e-05,0.000234490143133159
"CP",5.74752289005039,-3.11570445686541,0.734754873814184,-4.24046790011951,2.23054333210944e-05,0.000236835904512906
"LIPN",461.729602934814,1.03117780245338,0.243349247108745,4.23743987172713,2.26082938432745e-05,0.000239481440365992
"TGIF1",1091.33768693079,1.04869406610611,0.247634887774174,4.23483974948818,2.28714748910608e-05,0.000241838393068609
"LINC02705",30.1805118659781,-1.3768400285761,0.325442300451062,-4.23067323045531,2.329929320806e-05,0.000245634037970079
"CDK1",8.3044644205277,3.48452619903457,0.825594045682273,4.22062903343125,2.43621560839722e-05,0.000255480388139856
"CYP2D7",66.5276666237695,1.0519085818001,0.249269358905302,4.21996745376041,2.44337590155141e-05,0.000255780160398322
"PER2",605.606058118369,1.18167862382115,0.280648785167573,4.21052463532162,2.54778337955576e-05,0.00026484475480487
"USP2-AS1",3.60965574136484,4.88536351613411,1.16032101470019,4.21035511228451,2.54969598365771e-05,0.000264889207667363
"SLC6A7",6.61977427790491,2.91347931427866,0.692005344655291,4.21019770552488,2.5514731113618e-05,0.000264919542261186
"ZNF624",58.2010713954908,-1.08903737612009,0.258909060183572,-4.20625440974504,2.59637943073223e-05,0.000268488210350154
"UAP1",169.043035915619,1.04749958580218,0.24915812755632,4.20415579485922,2.62058395930196e-05,0.000270364237513177
"SERPING1",302.723640682828,1.01764362625221,0.242068237091219,4.2039535565698,2.6229277923789e-05,0.000270449629829218
"BACH1-IT2",14.0137725947215,1.38746915565441,0.330198848682653,4.20192002846104,2.64660636219361e-05,0.000272479412928967
"BTN2A3P",66.561466465824,-1.08692865972617,0.258677388954401,-4.20186961109993,2.64719600070579e-05,0.000272479412928967
"VIM-AS1",369.267790963725,1.03110909242134,0.245701444716734,4.19659352679057,2.70959596697427e-05,0.00027800030413139
"PPP1R3B",249.693482980014,1.13492821078223,0.270596573290399,4.19417066883638,2.7387172859185e-05,0.000280443392343365
"F10",2.06931091275378,4.69827116357713,1.12073911581226,4.19211848439147,2.76361587430809e-05,0.000282506475449328
"SCAT8",33.9076319371653,-1.29802180812552,0.309920999012417,-4.18823446059398,2.81132996525763e-05,0.000286283976283112
"CSRNP1",10130.2018694642,1.54556906243918,0.369281548701685,4.18534061036375,2.84738811194874e-05,0.000288917571905242
"CTDSPL",51.4289908289179,1.24005471537794,0.29636018461815,4.18428243650781,2.86068268332106e-05,0.000289772048296883
"MAPK11",24.2225322261876,1.43252659483388,0.343021820875573,4.17619669552601,2.96423528510368e-05,0.000299338359794947
"GPSM2",80.2497171870249,-1.05714876537755,0.253232341950707,-4.17461986582794,2.9848403099532e-05,0.000300981240525411
"RXFP2",154.342084484179,-1.04462070454023,0.250443325533132,-4.17108622206838,3.03151121505031e-05,0.000304997727321305
"LINC00173",87.4544613956952,1.29698385935971,0.311074256321618,4.16937060204291,3.05441971833921e-05,0.000306783439953462
"KRT17",3.65150697687957,3.87205971222696,0.928823796328524,4.16877746622397,3.06237800180976e-05,0.000307108776196925
"LINC01841",21.1366066972594,1.48535470666813,0.356756336033401,4.16349916355534,3.13407174301181e-05,0.000313021118431381
"BOLA1",46.5425126521212,-1.40582934157941,0.337666429156203,-4.16336721744133,3.13588420202014e-05,0.00031302687406623
"PRMT6",162.549507358022,-1.00992184346953,0.242870035288557,-4.15828095989541,3.20651494136494e-05,0.000319362442903785
"KCNJ15",191.209802757833,1.30458426819459,0.314056149645642,4.15398415113536,3.26735815699317e-05,0.000324920113282678
"C12ORF57",18.555365732666,1.37249649534613,0.330467138035114,4.15320114280256,3.27856311823371e-05,0.000325810634557398
"SUV39H2",23.5274395894488,-1.26023896720639,0.303466408758229,-4.15281207683985,3.28414427401618e-05,0.000326183549888088
"SLCO4A1-AS1",2.2847145385453,5.062346051143,1.21944000298178,4.15136951286209,3.30491674514176e-05,0.000327699304612777
"LINC00656",15.3784673091575,2.06469298431321,0.497348871241249,4.15139774854681,3.30450896519536e-05,0.000327699304612777
"PCSK4",16.7801905874564,1.18320342663277,0.285078967160846,4.15044097576369,3.31835334851493e-05,0.000328483834799164
"NAMPTP1",74.7531689449969,2.41723713847271,0.582883573040283,4.14703252978045,3.3681222391143e-05,0.000332487905375323
"C1QTNF7-AS1",16.6246469965031,1.7365068580872,0.418722081646417,4.14715854310631,3.3662696840316e-05,0.000332487905375323
"RUNX3-AS1",6.09141957743116,2.21184175939322,0.534672944350434,4.13681257442408,3.52163526492755e-05,0.000345158955251525
"PROZ",7.45327544844011,2.79113009940067,0.676514828150243,4.12574859154573,3.69530778921704e-05,0.000360793105331437
"CRISP3",5.91005571878938,4.62982781813573,1.12474302567279,4.11634276671003,3.8493171591775e-05,0.000374599669860384
"ZBTB10",465.657572263663,1.06666453006518,0.259194599339983,4.11530384036298,3.86669719042163e-05,0.000376085847779395
"PI4KAP1",456.440838118679,1.2539946362297,0.304998040215954,4.11148424213417,3.93123709847565e-05,0.000382154808515578
"PDE4B",3576.61740294844,1.91395821009312,0.465645041912516,4.1103373553212,3.95081482148184e-05,0.000383431092413455
"BBS10",47.9032521057678,-1.4485855142928,0.352616495262748,-4.108104793037,3.98919105792753e-05,0.000386314821342624
"MAPK7",2158.39438344947,1.02201129694258,0.248801893963829,4.10773117784691,3.99564770531205e-05,0.00038673013438609
"FPR2",885.467001783082,1.0877656215758,0.265192712062474,4.10179304369249,4.09960876195494e-05,0.000394587240379151
"CDCP1",80.5680764297818,2.01400590554828,0.491016691857597,4.10170558139065,4.10115900696797e-05,0.000394587240379151
"LINC01262",4.54861126822115,3.63651532638452,0.887075860521176,4.09944119575973,4.14148877717281e-05,0.000397823784637634
"CRIP2",54.4847181513283,1.1919980270963,0.291084034198984,4.09503059958778,4.22112633192231e-05,0.000403950920111749
"DPYSL3",11.9508191854566,2.69986379932212,0.659513641709411,4.09371941469515,4.24507980000716e-05,0.00040537330552745
"HMCN1",4.73396899306256,4.88187665125037,1.19623295681706,4.08104175982587,4.48342981527119e-05,0.000424047831626763
"ACOD1",28.946058209092,4.67282130848842,1.14523305655112,4.08023614211823,4.49899725372651e-05,0.000425069454512571
"MXD1",5202.99049183893,1.13316379349648,0.277798173095477,4.07909015696449,4.52123017042408e-05,0.00042684099155087
"ALPL",156.576436378737,2.53354980259733,0.621116797887633,4.0790231583073,4.52253321017572e-05,0.00042684099155087
"EPHB3",72.335339816288,-1.36883931226411,0.335708251513148,-4.07746698537881,4.55289921780751e-05,0.000428799452203012
"NR4A1",6956.76234909882,1.57373948003287,0.386212277031328,4.07480438511594,4.60530415721162e-05,0.000433049106780921
"MIR212",1.86402930652895,3.63720426877279,0.893677876974655,4.06992761316384,4.70277474372857e-05,0.000440820262105256
"HSPH1",572.631211082354,-1.0133800171235,0.249237177597189,-4.06592638744009,4.78420363903616e-05,0.00044751245156333
"MRM1",29.2197398372903,-1.42568673523003,0.351004988615297,-4.06172784282731,4.87108452392413e-05,0.000454685534996121
"IQGAP3",7.71308651965673,3.18159724292457,0.783652356947096,4.05996002528372,4.9081118121568e-05,0.000457184848591399
"C1QA",330.35719723258,1.21281386364598,0.298852762037111,4.05823207180321,4.94456188369468e-05,0.000459866005968841
"LINC01943",6.93489706132883,3.05658020358601,0.753203429198785,4.0581071263011,4.9472074529331e-05,0.000459866005968841
"SLC33A1",42.1857494467552,-1.14417077458089,0.282051409734262,-4.05660363711312,4.97914740857858e-05,0.00046235310501939
"LY6E",2954.48861697428,1.00022272530933,0.246584276637358,4.05631185795484,4.98536853737156e-05,0.000462689927001217
"STARD5",25.5206371603876,1.68274078163934,0.414979670926212,4.05499570107507,5.01352248198277e-05,0.000464765891092282
"ECE1-AS1",16.1248188497979,3.43668685468405,0.848178205524494,4.05184527532028,5.08152666854384e-05,0.000469659444111321
"TRIM71",16.3166240758339,-1.3297985282133,0.32894764526763,-4.04258412347466,5.28653366214174e-05,0.000484839010104289
"RNVU1-29",22.5191817523828,4.14253750325603,1.02476159550302,4.04244023335261,5.28977983414577e-05,0.00048488742385145
"SNORA1B",5.58352136573576,-3.07086745072762,0.759950231423654,-4.04087968362718,5.32510749340854e-05,0.000487628563533757
"JMJD1C",4258.71411805544,1.04617799218706,0.258963351522261,4.03986890823478,5.34810855315134e-05,0.000489228514723659
"SMAD6",59.4863141653014,1.53165727081162,0.379277172006699,4.03835870929919,5.38264988995842e-05,0.000492130520305538
"MMP8",10.4461168737982,5.86851595744127,1.45542426309327,4.03216856160462,5.52645243679e-05,0.000501939198408656
"LRRC56",33.567354633619,1.33861664380428,0.332149097279721,4.03016794194974,5.57370159691107e-05,0.000505201672183433
"G0S2",9140.82396688567,2.06557456523011,0.513219182364748,4.02474154553735,5.70379233591327e-05,0.000515944460892601
"GRIN3A",29.1857701276346,-1.19089894822548,0.296162858201474,-4.0210948646887,5.79282688447031e-05,0.000523202258051552
"FAM151B-DT",22.4152811125179,1.42036925090731,0.353535325932572,4.017616194819,5.87898484104045e-05,0.000529643088861007
"CAVIN1",5.25670592442275,2.91718688527894,0.726508786778614,4.01534976364695,5.93577005721569e-05,0.00053368077762406
"SQLE-DT",2.82884134245059,5.37058827783657,1.33763550074196,4.01498635080902,5.94492350975918e-05,0.000534234486484052
"ZNF22",66.3274720978828,-1.03891656070093,0.259204026833968,-4.00810347505289,6.12083028376917e-05,0.000545916853009372
"TGFB1I1",6.20139461260532,2.00689481083457,0.500752500755118,4.00775793991691,6.12978982446768e-05,0.000546442733077733
"GGT8P",28.7876644638893,1.84118366866154,0.459467650931643,4.00721065983263,6.14400591590546e-05,0.00054716314292522
"ULBP1",14.1636097797677,2.20090472307077,0.550133202242853,4.00067604372512,6.31617779513425e-05,0.000560258475930406
"LGALS3BP",465.781407680741,1.11464571030331,0.278712673381557,3.99926453569396,6.35396282000718e-05,0.000563050118148475
"SEMA3B",23.642186367598,1.32352976620196,0.330999057512019,3.9985907396546,6.37207519569246e-05,0.000563814867761717
"PDLIM7-AS1",35.2933942427313,1.18764619026433,0.297137457609329,3.99695884800166,6.41614496256459e-05,0.000567052313009084
"ATP6V0C",83.5951621606394,1.16765133711255,0.292133455144887,3.99697917697731,6.41559420170144e-05,0.000567052313009084
"HSD3B7",12.1916027969569,1.4687349654496,0.367795568756339,3.99334600581504,6.51473947092314e-05,0.000573876161394207
"SPRED2",135.059273182825,1.2289640974672,0.307764227142597,3.99319995334539,6.51875524546245e-05,0.000573946476152809
"LINC01482",11.3688867309816,2.63872580094594,0.661323139171529,3.99007027676606,6.60537210078867e-05,0.000580140952899401
"DUSP4",26.8491850485349,3.36458057684246,0.843638139678046,3.98817978775411,6.65821971685165e-05,0.000584207197782586
"CRYZ",70.6954268887149,-1.31591365575997,0.330290981254128,-3.98410410954424,6.77351744981257e-05,0.000593726592575323
"CD200R1",71.2789393639399,-1.50614031889705,0.37815395702989,-3.98287599771964,6.80862851860479e-05,0.000596231298551165
"TG",60.616562852215,1.06010251220044,0.266496224483808,3.97792694532093,6.95187222887293e-05,0.000606858286398471
"GAL3ST2",7.7566862655575,3.3066353569168,0.833386200423492,3.96771071471606,7.25663429592443e-05,0.000629761438720763
"SH3RF3-AS1",11.5460259082788,1.83482775726977,0.462816172529031,3.9644849643941,7.35545825176024e-05,0.000636925554829607
"LINC02724",67.5160692273797,-1.14298789836641,0.288331160152185,-3.96414975670034,7.36580035395825e-05,0.000637511628888439
"CECR2",37.3814252986292,-1.00582296953166,0.253824766402341,-3.96266677908535,7.41171962511042e-05,0.000640553559460851
"LINC00677",51.2213070189699,1.39691069386803,0.353127282618539,3.95582772169158,7.62701119151923e-05,0.000655349834462043
"ZFPM1",40.5249682271747,1.04262740821145,0.263898587195033,3.9508639257735,7.78695911499154e-05,0.000668127834022218
"MIAT",27.7971036288263,1.28867933944158,0.326334714892048,3.94894959265329,7.84948770927019e-05,0.000672199528362754
"FXYD2",7.89306804546277,3.67785700703439,0.932508009464177,3.9440487048982,8.01173753736061e-05,0.000683595543755246
"PLAUR",16087.1015464584,1.65254267474051,0.419167634692664,3.9424386282881,8.06572933495145e-05,0.000687417486272642
"GXYLT2",6.56758082622879,6.18306797603957,1.56855460871531,3.94188888399855,8.08424291868162e-05,0.000688337590374429
"ODF3",2.89132994131722,2.49260719917744,0.632385634908885,3.94159364410069,8.09420220116074e-05,0.00068885676939077
"NDEL1",1682.590135447,1.01534030150851,0.257784947198834,3.93871059013137,8.1920672941429e-05,0.000695857601871053
"CD69",307.160107830869,2.13079954543035,0.541506659746386,3.93494614900638,8.32153523351605e-05,0.000703504954954784
"CD300LD",23.3120175631164,1.67867728497916,0.426695607732166,3.93413303197827,8.34975304475776e-05,0.000705222039831387
"GOLGA8A",91.0128334066185,1.3119289058321,0.333649084913497,3.9320620530766,8.42203177897852e-05,0.000710653750583816
"TUBD1",52.0960352829504,-1.02493147035467,0.260744256299951,-3.93079212903401,8.46664510871032e-05,0.000713405835848723
"ACKR3",45.7850707101891,1.35521022899187,0.344889921219482,3.92939934052012,8.5158314958141e-05,0.000716534916143075
"OR52P2P",7.72773128668364,-2.58194547650136,0.657164258366955,-3.92891951080459,8.53283914776219e-05,0.000717627462130042
"UBE2FP1",96.0562809055731,1.2010824145496,0.30600395530952,3.9250551952334,8.67098538752173e-05,0.000726505576996771
"NKX3-1",30.3273863196731,2.79505092763634,0.71238812542297,3.92349455007665,8.72737405648411e-05,0.000729858876791203
"RPP40",16.7948873387469,-1.33786961907483,0.342076010597436,-3.91103023195996,9.19032665072736e-05,0.000762852707285596
"WASF1",55.2720750777618,1.02366295378681,0.262157811779459,3.90475853776187,9.43195112599527e-05,0.000778561518674241
"ATP1B1",131.681021306571,1.17133191639712,0.300352205751302,3.8998612094995,9.62478459463033e-05,0.000791183905986248
"POLR1F",426.537966675449,1.13874277687851,0.292339933134015,3.89526933481403,9.8089671516384e-05,0.000803731539048809
"ATP6V0CP1",16.3337364789479,-2.22464778496654,0.571986933083413,-3.88933322825072,0.000100520017254332,0.000819879317687596
"TMEM184A",12.067183960751,2.14262890785991,0.551224519873216,3.88703482993231,0.000101476198313758,0.000827300011663995
"CCDC163",36.3447971687093,-1.39797186737873,0.359986220246597,-3.88340383257195,0.000103004281925099,0.000837843310980357
"MIR4326",8.13461080513233,2.03415631893157,0.524343803566068,3.87943235925981,0.000104700510140957,0.000849369225140207
"COL15A1",6.77449238466624,3.35370082685908,0.864485700566763,3.87941735144997,0.000104706969732219,0.000849369225140207
"FCAR",3457.99500058087,1.51977989245327,0.392426846588065,3.87277248146227,0.000107604268817261,0.000868134304460558
"MYEOV",6.98162378878079,3.80073968627086,0.983037578269114,3.86632186834914,0.000110489097932229,0.000889397350593458
"GABARAPL1",3084.37828213859,1.6679020279239,0.431484560557755,3.86549642881288,0.00011086347128368,0.000892008390057868
"PLCXD1",605.633819130241,1.05726364380647,0.273809096674231,3.86131672266669,0.00011277759479717,0.000904146847636818
"SGK1",13037.4712810536,1.14028112546636,0.295308817148585,3.86131757418075,0.000112777201685046,0.000904146847636818
"C17ORF107",24.1454152059294,2.03173263340416,0.526724492717522,3.8572966731087,0.000114647978163278,0.00091708100200742
"PA2G4P6",5.95177930864826,-2.72297443319484,0.706374097954451,-3.85486166760665,0.000115795085122232,0.000925012417559506
"LINC-PINT",117.069126074524,1.10285146167435,0.286347945138215,3.85143836510516,0.000117426086049498,0.000936782881462852
"CT69",6.41458980856581,2.21599246999389,0.575692260393896,3.84926569705432,0.000118472445754524,0.000944707862033613
"TTLL10",2.48669415836312,3.65990854326855,0.951453659725499,3.84664928854702,0.00011974418062739,0.000952294558194997
"LGI2",23.4127284644855,-1.20418507935279,0.313409764421318,-3.84220664463409,0.000121933108215986,0.000966256234720906
"MIR193A",2.1978719395867,4.12437687593234,1.07535368618627,3.83536777612154,0.000125376542691336,0.000987902814730606
"ZNF28",71.1101160859318,-1.05375445062536,0.274946994826441,-3.83257307936949,0.000126809911334125,0.000996930453229669
"ID1",289.971630610905,2.13571035191956,0.557882500354819,3.82824403088684,0.000129060760429068,0.00101150520410093
"C1QTNF6",29.9116468632027,1.14032362614535,0.297958641680084,3.82712050140741,0.000129651053538543,0.00101523946137863
"PANX2",144.757676949382,1.06078873158743,0.277677842966209,3.82021381416638,0.000133336036267996,0.00104044103891011
"LINC00513",20.3601432585267,2.02780775612021,0.53172812282271,3.81361765361492,0.000136947284236645,0.00106396587814167
"HSPE1P18",66.8352253780709,-1.11478266373274,0.29232753991475,-3.81347123181702,0.000137028482577436,0.00106413324867928
"FIGNL1",43.6677711526085,-1.03818696672867,0.272601210772795,-3.80844591183408,0.000139842926407047,0.00108034565666908
"EFCAB7",19.8068059753573,-1.37755922619553,0.361794467953011,-3.80757404608644,0.000140336726026842,0.00108369113370858
"NEB",35.7452289552529,-1.12225171938142,0.294788717690674,-3.80696971096097,0.000140679967238421,0.00108540192716218
"ZNF687-AS1",8.71691093910116,2.20695420777937,0.580005877124877,3.80505490516642,0.000141772738975557,0.00109194391962262
"RN7SL111P",1.86118476374303,3.4059175655511,0.895223404796014,3.8045448178683,0.000142065189341502,0.00109372414651433
"SLC22A18AS",45.6387897935003,1.3593108445816,0.357511659863487,3.80214408979175,0.000143449254172543,0.00110200163476736
"RRM2",11.2199595425166,1.79789548010439,0.473140913359744,3.79991547832472,0.000144745447462997,0.00110956995781905
"SOCS3",10883.4049733743,1.03272295268328,0.272047706675668,3.79610975333264,0.000146984445862611,0.0011233541325181
"FLT3",371.103960120134,-1.10747740605232,0.291932986063552,-3.79360147335743,0.00014847791265795,0.00113282677758448
"MPIG6B",34.8509394158428,1.43754884162166,0.379057652186069,3.79242796796516,0.00014918153021746,0.00113686330561653
"YTHDF3-DT",28.6101439899931,1.24291441511134,0.327852574926417,3.79107717970583,0.000149995330310262,0.00114050157803685
"NLRP9P1",29.3479729635794,1.08049726176329,0.285042085373262,3.79065870342754,0.000150248293593927,0.00114193824504835
"ARC",17.6534316931221,1.74176839392827,0.45967717651227,3.78911219204675,0.000151186627963,0.00114809155794125
"CYTIP",4766.21398349441,1.04335437606756,0.275452913812473,3.78777759736415,0.000152000815291935,0.0011518685612996
"PLEKHA8P1",51.1334728704803,-1.15359609952498,0.304692896391,-3.78609450101724,0.000153033496300431,0.00115826733630339
"PALM2AKAP2",72.9690838071542,1.49082776877852,0.393856519557426,3.78520525813247,0.000153581763231926,0.00116133594426922
"VSIG10L",38.0092087659861,1.2393635517108,0.327471431306731,3.78464633316343,0.000153927316808587,0.00116345571069135
"PHLDA3",4.25284362153308,2.5382222075187,0.671267196127057,3.78123975395077,0.00015604929752228,0.00117700100177693
"CHRNE",79.6468981303997,1.56683479201145,0.414519336539705,3.77988347923879,0.000156901768286721,0.00118193147918012
"MTCYBP23",7.64865916987517,3.10782816060708,0.823305495151655,3.77481770607472,0.000160124715221117,0.00120265459794286
"MIR589",13.194488039014,1.86991653469202,0.49536463188264,3.77482850882062,0.000160117776485766,0.00120265459794286
"MIR4284",3.90482366780471,3.81276144624666,1.01049930239873,3.77314604492639,0.000161201859875644,0.00120972603132593
"AGRN",334.090044299257,1.00740458930232,0.267588353342517,3.76475499295302,0.00016671246563664,0.00124740644380301
"MIR3164",7.28752116096032,2.15505129705527,0.573037468607589,3.76075111160144,0.000169403919932301,0.0012654217436149
"RASSF3-DT",5.33491654816051,4.16074458838385,1.10679614608075,3.75926913290885,0.000170410446355341,0.00127240751029158
"TRMT13",62.2010367700455,-1.02433459290769,0.27261377393893,-3.75745721908077,0.000171648700563172,0.00127897640795566
"LRRC32",40.7464759017258,2.66067772959434,0.708571803079995,3.75498674662046,0.0001733506509497,0.00128896578225959
"CKAP2L",4.10195211186646,2.91291468249604,0.776334682350328,3.75213776831055,0.000175333062354619,0.00130099466151485
"UNC5A",89.4366413310156,1.15106084972486,0.306996322059276,3.74942879446812,0.000177237811309279,0.00131294355404274
"KCP",17.9532320051033,1.60047595183379,0.426906979871087,3.74900394534915,0.000177538292879597,0.00131462352361405
"FTOP1",12.2213795467923,-1.6317864631651,0.436111065218167,-3.74167636023816,0.000182796828824359,0.00135019868843433
"TRAF4",177.70506078548,1.01236085894946,0.270729622329128,3.73937971855449,0.000184474891054299,0.00136090285633854
"XRRA1",90.7185416000853,-1.02851358493311,0.275070431759846,-3.73909176043709,0.000184686309020652,0.00136133652078942
"SGPP2",34.2181371294798,1.89919443519644,0.50803952692164,3.73828085130346,0.000185282900530159,0.00136516992137835
"S1PR1",72.9836782123782,1.52084876009627,0.406960089455245,3.73709560102582,0.000186158157290385,0.00136822793973873
"RASGRP3",19.2579993289845,1.59335481331997,0.426702440933973,3.73411225357044,0.00018837846624957,0.00138283748187647
"CYB5R2",69.9579106859855,2.33680095418204,0.625826238068029,3.73394532226056,0.000188503434643479,0.00138318563026342
"DTD2",19.731458972076,-1.4288432146721,0.382858087822324,-3.73204396124757,0.000189932343805595,0.00139252492758085
"TVP23A",62.6703817917889,1.02815819173571,0.275536111570769,3.7314825482381,0.000190356199239064,0.00139458981736244
"ABCA1",1031.02944385219,1.39839212200851,0.374844143744793,3.73059615668049,0.00019102721714101,0.00139767986027946
"ZNRD2-DT",27.2996196277729,1.14392733215374,0.306954882719477,3.72669534369051,0.000194006723191972,0.00141252731767282
"VPS9D1-AS1",118.623119549902,1.14434429889494,0.307218021331388,3.72486058576805,0.000195423192768788,0.00142167981754064
"BRPF3-AS1",6.90012800037761,1.80400077653232,0.484655352995424,3.72223429573747,0.000197467659661507,0.00143421340107571
"ADAMTS5",147.236520226537,-1.16256628495,0.312509271865847,-3.72010173653044,0.000199142542846841,0.00144343952836325
"RNVU1-15",18.473393380876,2.40776717810552,0.648527094154339,3.7126701410142,0.000205084103055755,0.00148108916206824
"GCNT1P3",4.09608089362063,2.8109724554369,0.757284472133679,3.71191085896278,0.00020570043591457,0.00148433833974276
"MSH2",91.4676588909721,-1.23913222527215,0.334025802116941,-3.70969014195598,0.000207513061679755,0.00149226676991657
"TSPYL2",405.638507015817,1.4493963016899,0.390877878963029,3.70805404883757,0.000208858083712207,0.0014998431953536
"LAMB1",19.902437316609,-1.1405344251262,0.307898131047852,-3.70425900684973,0.000212009553487221,0.00151965115395777
"NAGS",33.1550428190657,-1.01031388250564,0.272800602136274,-3.70348846224671,0.000212654857447314,0.00152281708034733
"PLA2G4E-AS1",2.53084725645367,3.90728000696167,1.05573536440402,3.70100324257624,0.000214748731732071,0.00153657756784464
"SCIRT",5.22997414541199,3.23736899873972,0.876114434782647,3.69514400198517,0.000219762199292569,0.00156679380934486
"PABPN1L",25.8358579858678,1.25671308714212,0.340901984100566,3.68643523873241,0.00022741728014244,0.00161298983824288
"RPL21P123",6.0335528427295,-3.02980635532504,0.822034305534808,-3.68574198780412,0.000228037287639192,0.00161610216007465
"IRX5",2.56760120533116,3.11694174372286,0.846777660906118,3.68094470086456,0.000232371402556497,0.00164355316368073
"TINAGL1",1.65268736753631,3.67435656869833,1.00012397240227,3.67390110635248,0.000238875216935113,0.00167626125872878
"TTC9B",10.1833690119025,1.87263515075924,0.509776096823307,3.67344636680427,0.000239300923164556,0.00167792840700053
"SNORD3B-2",86.3893435767386,2.46242281604599,0.670788778220899,3.67093621121235,0.000241663652650565,0.0016905083278356
"ID3",99.964675092678,2.15819048034941,0.588836365728969,3.66517865736367,0.000247165980036276,0.00172426544852839
"IL1R2",232.624630269459,1.5237482186966,0.416040244292129,3.66250198052157,0.000249763821085986,0.00173681789062139
"MRC2",6.52920374790521,1.93564652234435,0.528478760392562,3.66267609488511,0.000249594059153652,0.00173681789062139
"BACE1-AS",7.8453392994774,-2.27038758699907,0.620621187942719,-3.65825020335694,0.000253943079215743,0.00176134616531461
"BLACE",5.32573014974786,3.89184016051035,1.06378823457267,3.65847264899835,0.000253722811751807,0.00176134616531461
"RRN3P4",21.9130994741068,1.49400883166597,0.40849931817386,3.65731046588946,0.0002548755953374,0.00176699217630336
"DLL1",23.0577241652822,1.52200978088742,0.41624105818665,3.65655850366622,0.000255624090987614,0.00177149282635473
"CHRD",2.84890568552316,2.98229510212946,0.816754529481931,3.65139707767661,0.000260817621325604,0.0018039801198938
"TWIST2",6.58173476598116,1.74267982658808,0.47740459773097,3.65032057686661,0.000261913213727823,0.00180945310088184
"ELOVL7",7.52443004737323,2.058963434573,0.564214575981466,3.6492560139755,0.000263000898626688,0.00181626404556828
"GPR75",17.4475856312794,1.15348161842199,0.316245135545792,3.64742881003136,0.000264877667024217,0.00182498564093395
"BRD7P3",2.02497609225164,-3.44823227040079,0.946106995397372,-3.64465360384796,0.000267752184066524,0.00183910799359979
"PHACTR2-AS1",7.73203170114732,-1.95793239876935,0.538104471687987,-3.63857299425052,0.000274152926952375,0.00187728979308117
"CCR5",306.231921594957,1.4876648674928,0.408916486428977,3.63806526971904,0.000274693819177245,0.00187882988745541
"ATP1A1-AS1",194.35458687559,1.42555514938564,0.392090995736951,3.63577629908651,0.00027714476110426,0.00189124263526312
"ANXA3",20.9797119737036,2.30764480478791,0.635028118095016,3.63392539484783,0.000279141608484581,0.00190195875177538
"AMZ1",25.7528675811724,1.92436617350693,0.529912389660914,3.63147986545156,0.000281800646442835,0.00191568594940827
"ARL4D",23.9870254337994,-1.29539250773839,0.356813761201811,-3.6304443622782,0.000282933691785154,0.00192216125312329
"ZNF350-AS1",41.2421478161399,1.04010126772518,0.286496723063651,3.63041244103202,0.000282968687672484,0.00192216125312329
"ITPRIP-AS1",36.0076604467893,1.4102922079559,0.388550445705627,3.62962447615968,0.00028383383580791,0.001927304135189
"AUTS2",37.5020168001412,1.03586729414463,0.285616237161742,3.62678013140418,0.000286977455093207,0.00194420958752474
"ZEB1",19.7326322873196,1.6218042760844,0.447226803154563,3.62635750953393,0.00028744731809538,0.00194659684123963
"DDN",9.81066557314503,1.82476098357354,0.503798750781926,3.6220037877057,0.000292329840122487,0.00197223134951018
"GBP1",1276.7347813051,1.00764100082759,0.278277903005767,3.62098819181739,0.000293479910763422,0.00197550741441431
"DDIT3",419.244956664295,1.62968712576814,0.450441044188788,3.6179809695253,0.000296910222002248,0.00199582293736978
"TAMALIN",1972.10349641976,1.60812874037085,0.444821319226372,3.61522407057217,0.000300087952741961,0.00201315114742802
"ZNF571",10.360801335391,-1.49672230441322,0.414274751968059,-3.61287357557484,0.000302822369599177,0.00202996821830519
"N4BP3",12.3617096168361,2.16918770808797,0.60126527791759,3.60770493117562,0.0003089175205211,0.00206849501916494
"HCAR2",632.946272626756,1.436838606895,0.398392291885995,3.60659238684813,0.00031024443114476,0.00207582151641419
"SMOX",189.495407625327,1.13233711645655,0.313956917117514,3.60666401891287,0.000310158836455713,0.00207582151641419
"FAM50B",45.8714872667871,-1.33852982511426,0.37153969971944,-3.60265626021936,0.00031498193584366,0.00210042907348756
"FCRL3",14.1007027694599,-1.87530317158358,0.521245612707636,-3.59773420795279,0.000321001402798828,0.00213737328224169
"RNA5SP151",5.09160607867783,2.12784391910291,0.591458769736492,3.59762003368537,0.000321142302675383,0.00213751358026995
"PPP2R5CP",24.9670815036178,1.17881511412711,0.328020003570665,3.59372934971985,0.000325978448927571,0.0021680848515921
"EGR2",2455.40742057585,1.78535903293213,0.496837596001235,3.59344592136641,0.000326333402602824,0.002168828329221
"RPS15AP30",6.1216844137257,2.26761091238217,0.631081631009786,3.59321330388558,0.000326624993123611,0.00216995777554524
"SPRY1",64.7194151655854,1.46907341933366,0.408875224649733,3.59296267117224,0.000326939438975242,0.00217123816546551
"NR1D1",196.361593987298,1.10890658349804,0.308804386014198,3.59096772494369,0.00032945243582471,0.00218629931184568
"EEF1B2P1",1.48549418986275,-3.34187677512335,0.931348578697402,-3.5882126752127,0.000332952650409415,0.00220788452713871
"P4HA2",18.238004050116,1.07503067361701,0.299618554869125,3.58799765951275,0.000333227280660569,0.00220888451595066
"MFGE8",43.96215694935,1.34283249971348,0.375162064693256,3.57933977362934,0.000344463368731019,0.00227070863688984
"ST3GAL1-DT",81.1803352383091,1.15098561029463,0.321626006093365,3.578645969196,0.000345378950156212,0.00227506267093298
"HCRTR1",16.9615180391548,1.36697495615735,0.38203575810642,3.57813353109362,0.00034605665196517,0.00227868532955138
"AHRR",3.63350769843143,4.05402510090781,1.13307329876289,3.57790189331447,0.000346363402072376,0.00227986360375168
"RPS10P5",24.9525752449109,1.5731119885708,0.439764957391715,3.57716539740016,0.000347340409632016,0.00228545120878492
"C1QTNF12",24.5398640387792,1.16609231067611,0.326167219231459,3.5751364389829,0.000350045298479759,0.00229816269204341
"LINC01303",19.1899120564171,2.16059998654665,0.604430926286816,3.5746019811061,0.000350761077902594,0.00230201475630113
"WEE1",22.2476584907455,1.7886296637899,0.500722518346713,3.57209751559727,0.000354133489621855,0.00232329282378619
"MOSPD2",577.855426815184,-1.01473651266222,0.284114238640846,-3.57157922642859,0.000354835173306504,0.00232618516039744
"ERBIN-DT",6.16260492710683,2.7250982760527,0.763091501514641,3.57112911183484,0.000355445613867725,0.00232847552705563
"ATF3",2768.15118120906,1.73991770378335,0.487571218749453,3.56854062929715,0.000358975192564902,0.00234987137063219
"TLCD3A",14.2801475546587,1.50306931108649,0.421269400561938,3.56795273780038,0.00035978137841528,0.00235428474987959
"MAMLD1",2.81429581880752,2.82038536551874,0.790790401532593,3.56653970515157,0.000361726025102891,0.00236354169808988
"PTCH2",33.29877090191,1.06863360971104,0.299619655413944,3.56663386530718,0.000361596134783414,0.00236354169808988
"EID2B",12.0117005543852,-1.42790239088456,0.401233894351631,-3.5587780867615,0.000372584164125145,0.00242560449622786
"CSF2",7.62272342145937,6.80093077561077,1.9120197205944,3.55693547632265,0.000375206266474928,0.00244178379473906
"CFAP99",13.7734237704995,1.51028184363562,0.425243811877528,3.55156689280781,0.000382944637865206,0.00248670056433911
"LMO7-AS1",4.0468401406924,-2.96207829427312,0.834248417222478,-3.55059504234359,0.000384361327680521,0.00249499176243272
"NOCT",422.790470672256,1.451634760603,0.408871524445853,3.55034448185261,0.000384727369124989,0.00249645937084451
"DLGAP1-AS2",13.8953130919705,2.29899923166363,0.647783253659504,3.54902541656635,0.000386659757073809,0.00250673277591646
"BMP2",7.4007811485984,2.44015770621627,0.688267918465166,3.54536023073371,0.000392076859063064,0.00253400978694454
"PSMD8P1",17.6895900299392,1.76020129506513,0.496613203631129,3.54441098664901,0.000393491347673596,0.00254039039442693
"MUC1",19.1916851475772,1.63611155837429,0.462420691146062,3.53814522079312,0.000402948377152782,0.00259280176953066
"RAP1GAP",3.76576269554751,2.38692198685149,0.67574369285577,3.53228896116526,0.000411978911382261,0.00264063234683319
"AKR1C7P",7.23948120669701,1.49843224008585,0.424203785228333,3.53234056900106,0.000411898511424938,0.00264063234683319
"LIF",106.499278324843,2.74036115000564,0.776263174760771,3.53019599422602,0.000415251927595449,0.00265588522210385
"TREML3P",83.0234004357779,1.65563979915059,0.469070407139169,3.52961895261787,0.000416158576314222,0.00266072999437028
"KLF5",240.054980352327,2.05492777761077,0.58232520661276,3.52883192119361,0.000417398141953769,0.00266769905273068
"EHHADH",23.1989872984036,-1.09600959558436,0.310632331539244,-3.52831783527946,0.000418209682310211,0.00267097182708541
"SCRG1",7.5999011472649,-1.93209395729691,0.548064854358701,-3.52530168999376,0.000423000755008643,0.00269481695280149
"UBE2E2-AS1",2.31271027029465,4.64322755572152,1.31760032991888,3.52400303057558,0.000425079387277227,0.00270612637767708
"ADAMTS10",56.0029912150867,1.11755781037738,0.31743940690586,3.52053899441918,0.000430670663216261,0.00273781300443751
"METTL7B",9.37934801493182,2.12068301703157,0.602655711484461,3.51889640572377,0.000433345885123014,0.00274991956557251
"HIF1A",6118.62481078362,1.27336467837175,0.361904779173176,3.51850749603511,0.000433981555047739,0.00275297403234053
"AVPI1",259.692888114763,1.49051755648982,0.423928138215043,3.5159675004487,0.000438154614785884,0.00277254417117793
"PPP1R27",11.9190903771331,1.90042457999367,0.541172820341777,3.51167780154491,0.000445287489650008,0.00280970578011208
"RGS16",6.49910379902396,2.28654172009253,0.651424477259281,3.51006417461104,0.000447998555898065,0.00282381563254759
"GJA3",1.82985264138192,4.51667765091365,1.28877092780277,3.5046396170762,0.000457225754181628,0.00287486535181243
"LINC01678",32.7796375222382,1.13162809364252,0.323096976538721,3.50244098773516,0.000461015894384937,0.00289563433945018
"PDE2A",34.482185725884,1.3407862637706,0.382899627770691,3.50166510105243,0.000462360401715727,0.00290203548409752
"MYB",41.1483070375325,-1.07414311322996,0.307020783329652,-3.4986006536132,0.000467706518814389,0.00293053204213649
"ZKSCAN3",49.2393563041427,-1.11099263885675,0.317750812262955,-3.49642737635979,0.000471532826462575,0.00295129914331208
"ALPK2",5.53999703136593,2.24027698903979,0.641025436907036,3.49483321574442,0.000474358076497935,0.00296482108218997
"CD226",57.4619153955532,1.10168460962825,0.315442486241326,3.4925054730434,0.000478511789827499,0.0029865966784265
"NR1I3",23.1784261612922,1.45536489239796,0.416812937728904,3.49164999610575,0.000480046842464682,0.00299408236919056
"LINC01412",4.91769462887273,1.888537880113,0.541020509260494,3.49069554256713,0.000481764917305206,0.00299955413434215
"KY",10.5815417091104,2.17618666358802,0.623780252347895,3.48870720962535,0.000485362472457745,0.003016394618928
"ZNF286A",15.4280672890741,-1.40521984236867,0.403083553539632,-3.48617508709767,0.000489980196358288,0.00304115057155155
"CCDC173",16.3118140477965,2.16331241971325,0.620522777797605,3.48627398883148,0.000489799067276574,0.00304115057155155
"DSCAML1",2.53025882256807,4.12546822805091,1.18335325987526,3.48625247247452,0.000489838467114567,0.00304115057155155
"HEATR9",2.65166681108703,3.54999422070006,1.02033345263076,3.47924907445404,0.000502821010762823,0.0031132666400511
"CEACAM8",2.31211313313586,4.64285443901805,1.33626770311516,3.47449424108242,0.000511817350172305,0.00315691490054411
"TNIP3",2.52160575973263,3.4664631485837,0.998146075554654,3.47290164584121,0.000514863996154131,0.00317235793564377
"SCAT1",14.5710464158459,2.45605493323259,0.70773103857731,3.47032248037303,0.00051983383649965,0.00319751585361406
"TCAF2",27.146198776251,1.14736958281501,0.330671246227567,3.46981963477222,0.000520807972219511,0.00320240351894231
"MAGEF1",107.530259229456,-1.0765866563228,0.310391668208226,-3.46847794767664,0.000523415482719688,0.00321511204571412
"AOAH-IT1",9.17261657830346,-1.78087412434383,0.51420461433327,-3.46335694916497,0.000533480175367306,0.00326905509041635
"BEST4",4.55208378559706,2.15661750374323,0.6230144751279,3.46158490667571,0.000537004700562436,0.00328613716934228
"RASAL1",1.8211883607221,3.59974267889658,1.04029291522022,3.4603164418692,0.000539540939455701,0.00329939365032938
"TRIM61",1.85522055009208,-3.67069275230983,1.06120705154794,-3.45897885521542,0.00054222747054514,0.00331241562314527
"ZNNT1",14.0751030617799,-1.45942045546755,0.422410964335433,-3.4549776845012,0.000550338370648157,0.00335621738653738
"CSPG4BP",8.79034243255557,3.92440166644917,1.13622441399577,3.45389662298155,0.000552549138459508,0.00336624710786909
"IL10",33.8401328048077,1.9008466614015,0.551772881870867,3.44498021533135,0.000571101191529925,0.00346742786062315
"DDIT4",481.706359793721,1.06180264664811,0.308448190808011,3.44240192774874,0.000576572885689564,0.00349310562537865
"SGIP1",2.27251230163105,3.5124169487732,1.02108391206353,3.43989059789893,0.000581949373876564,0.00351891963769836
"LPP-AS2",34.1226443534643,1.00471172368471,0.292127729686325,3.43928912453306,0.000583243973995296,0.00352435840383743
"LY6G6C",3.24533996175064,3.50855444416413,1.02038248185409,3.43846989394497,0.000585011584086285,0.00353384241006812
"MPP3",30.600424099864,1.07463650713139,0.312709374733251,3.43653434774088,0.000589207638934595,0.00355557708501871
"RGCC",2092.17829718148,2.09111851102256,0.609030048219239,3.43352272541698,0.000595792257413425,0.00358924089420489
"LINC00622",8.21823592392833,-1.59292553161766,0.463965946803928,-3.43328113321823,0.000596323431983304,0.00359103340836795
"NFYC-AS1",18.4311096391579,1.30275429943958,0.37965611252243,3.43140609743932,0.000600460974018127,0.00361005151821212
"H2BC4",30.2558676806413,1.1514847087349,0.335691020577002,3.43019216527054,0.000603153926220212,0.00362502012665638
"LINC01816",14.1698848442721,1.29272289486983,0.377289522733181,3.42634188594748,0.000611769822193091,0.00366938469679904
"SSTR2",2.74194056268321,3.22835271989453,0.942270075588543,3.42614373896793,0.000612216305992086,0.00367082839202919
"BHLHE41",1.5295036485027,3.31304903505311,0.967157563481123,3.42555252644496,0.000613550285573703,0.00367759072381173
"CCNA1",5.14094331578825,2.87649989085428,0.842775778845724,3.41312596191832,0.000642222507193569,0.00382630764305908
"CCL5",207.568654488151,1.59740374252852,0.468812432029169,3.40734083269603,0.000655991560157555,0.00389533204064263
"ITGAD",3.43344935046089,2.21025092786195,0.648765563783063,3.40685611451631,0.000657157603659681,0.00389836293118769
"TCN1",4.25327734184711,2.79072519115617,0.82001814098439,3.40324811327472,0.000665897808879329,0.00394206084262588
"ADPGK-AS1",57.3253602473863,1.10408016763004,0.324408329862934,3.40336565370109,0.000665611377959528,0.00394206084262588
"CAMK1G",13.3311501463115,4.99807546083264,1.46864981165556,3.40317713669161,0.000666070825186366,0.00394206084262588
"ACE",14.2400520548885,1.39366739194327,0.410833880264343,3.39228933856803,0.000693112066474087,0.00407774836469814
"INSYN2B",19.4272932596583,-1.54925088158031,0.45672412691104,-3.39209336729888,0.000693608004473746,0.00407797613177412
"SNORD3C",2.15233397776869,2.81145901928256,0.830567462080803,3.38498574485337,0.000711819510998858,0.0041685608789224
"L1CAM",8.86506156960763,1.84383456373752,0.54485590570404,3.3840774128253,0.000714178638821686,0.00417826125264061
"RN7SL181P",3.51492405426299,1.76433875280325,0.521826485608601,3.38108317891439,0.000722006830280887,0.00421438410947332
"HCAR3",470.153540876338,1.36711876781635,0.404610563303681,3.37885090456785,0.000727894724649396,0.00423904214766436
"SHOC1",3.92140223824483,-2.51877407275137,0.74669182865604,-3.37324445787076,0.000742879664735457,0.00431597798319602
"GADD45A",307.145454452161,1.36787172885638,0.405608642689464,3.37239295441648,0.000745180470756242,0.00431996400303863
"METTL18",19.8578316616137,-1.11956066979313,0.332512918418445,-3.36696894399826,0.000759992464506426,0.00439583190073464
"SAG",2.3164741754764,2.4686523474364,0.734079106580621,3.36292413897395,0.000771215536933154,0.00445208503165489
"SPAG5-AS1",41.5491652546577,1.05285893104339,0.31319321307659,3.3616914003367,0.000774666474796599,0.00446922961280786
"IFITM3",2438.80501030015,1.25673987194794,0.37395973732927,3.36062882310076,0.000777652559526086,0.00448344096859287
"RNU6-194P",4.42200022242987,1.71672290769081,0.511099940257024,3.35887910068527,0.000782592973124705,0.00450609859735264
"FOXRED2",115.398339086118,-1.06030697751287,0.315696278723299,-3.35862995218328,0.000783298819122817,0.00450870743320839
"RNVU1-27",60.5151865248297,2.06705766922836,0.615757522963052,3.3569344947368,0.000788117821886902,0.00452767977675316
"SLC9A3",18.9535011435671,1.44936431566068,0.432100259119123,3.35423153555924,0.000795857387226809,0.00456614056212467
"SEC22B4P",51.5659273060818,2.01694278304976,0.602155671652498,3.34953713466595,0.000809467043021523,0.00462826512497874
"ZNF248",42.4791892327521,-1.19095112897821,0.35603949544749,-3.3449972382456,0.000822833897249685,0.00468370353455494
"CA4",25.2526989527583,2.4093487219548,0.720966921861226,3.34182976902033,0.000832280868339414,0.00472508788333497
"TMPO-AS1",43.3977330901387,1.18940797404685,0.356536938094056,3.33600209954426,0.000849925218932968,0.00481300509692898
"PLIN5",40.3571362356222,1.3501812333428,0.404835860852569,3.3351324917199,0.000852587668817093,0.00482365729997886
"FAM171B",13.3485896008743,1.03489519720838,0.310409240225355,3.33397033044844,0.000856157896519167,0.00483908255960358
"LINC01852",11.252066988195,1.80325059019545,0.54137096243005,3.33089640068837,0.00086566813194647,0.00488355096067714
"TRDC",2.35364621685299,-3.32690587230702,1.00036621934878,-3.32568794103502,0.000882006154936618,0.00496472887086128
"TMCC1-DT",10.7300278227521,-1.89689349167078,0.57191180641114,-3.31675875616934,0.000910682142233136,0.00510256594178317
"ARHGEF2-AS2",8.56918537784038,1.8064789108427,0.546116068217643,3.30786625037147,0.000940096961309856,0.00523966912083294
"THBD",1845.66541025558,1.87563101486041,0.567136709315289,3.30719381068611,0.000942356687844179,0.00524744510109965
"RN7SL124P",4.25587124661787,5.34044631015419,1.61909975190599,3.29840474860641,0.000972358634858438,0.0053832816041604
"TNFAIP8L3",4.39065295880708,2.3601292003529,0.715584638618851,3.29818315399865,0.000973126367902087,0.00538586042526759
"PRKCE-AS1",2.72670487003642,-3.55014124069765,1.0766696623455,-3.29733563121278,0.000976067863509552,0.00539879024783981
"ZNF2",23.1326377183684,-1.80631877532462,0.5480530510151,-3.29588307551426,0.000981128401172525,0.00542341754574388
"LINC00167",6.58356342088151,2.56619779209625,0.778861576472611,3.29480599584628,0.000984896497669736,0.00544087448913991
"PBX4",16.4589834022065,1.10331991412314,0.335402978409555,3.28953523118658,0.00100352992412569,0.00552840234297531
"CHRNA10",15.3940285640201,1.43804718831137,0.437320330979842,3.28831542107666,0.0010078884976633,0.00554214396464796
"VEGFA",2201.2099096033,1.11841689108452,0.340196070701902,3.28756557586621,0.00101057650275156,0.00554843570016114
"JARID2-AS1",26.6221191084826,1.25474488877895,0.381716479139386,3.28711218233986,0.00101220502130445,0.005554142194443
"TEX14",27.2941341523337,1.95959713297899,0.59632775348046,3.28610754998711,0.00101582216177629,0.00557157002010004
"CKMT2-AS1",26.465829465373,-1.24996986613791,0.380836163118994,-3.2821721968335,0.00103010678288259,0.00563651680768699
"ERICD",7.80922102092819,1.60349203076526,0.48881447274328,3.28036938384065,0.00103671255921442,0.00566744671506796
"CEP170B",22.9051243394278,1.5968181763658,0.487475853863031,3.27568671086316,0.00105405415483041,0.00574815591986084
"ZNF594",18.8533076376564,-1.34881900350046,0.412026459910682,-3.27362229064816,0.00106178434932085,0.00578323945746117
"MAG",2.74469581359231,3.81994782414547,1.16743804335278,3.27207755982914,0.00106760284202892,0.00581138220815134
"CHIT1",12.4567386214314,1.95098588003655,0.596743994869429,3.26938502408128,0.00107781530332626,0.00586339413868064
"LINC02028",1.95062726434833,3.25650370885371,0.997579589855928,3.26440490760644,0.00109694277945877,0.00594703631794036
"DMPK",58.9354201636543,1.04603000430274,0.320630890180263,3.26241181476509,0.00110468536810023,0.00597675996244217
"HTRA3",6.28558892678003,2.1770651919941,0.667388573226228,3.26206542834548,0.00110603612250555,0.0059822535940734
"BHLHE22",4.80383275066121,5.9299913797101,1.82160960941572,3.25535798068837,0.00113249520469164,0.00609763038372757
"SRXN1",4.54515253018436,1.95961932415105,0.60254451315628,3.25223992811099,0.00114499325460558,0.00615377814873584
"APOL4",24.5084145410113,-1.51230996919764,0.465251140791074,-3.25052393558075,0.00115192571312761,0.00618358437278675
"B4GALT1-AS1",13.1822627650599,1.56752563984382,0.482452391850813,3.2490783885025,0.00115779567896042,0.00621135618685591
"C10ORF55",3.26681414276926,3.22022687815352,0.992209710733443,3.2455103425395,0.00117240305687897,0.00628027799657868
"ZNF775",42.8473288221675,-1.00168741976215,0.308731791478262,-3.24452306957405,0.00117647487203795,0.00630019776866195
"GIN1",33.1060198711443,-1.00898706397646,0.311618778965721,-3.2378891520124,0.00120417586733442,0.00641771410860812
"SLED1",74.1679054114116,1.66371396456318,0.513885528578933,3.23751861462982,0.00120574073274531,0.00642413476425057
"RNASE1",30.5298899386821,1.29426071195525,0.400345226572122,3.23286160556253,0.00122556919449244,0.0065103345120179
"GGT1",15.5163127121687,1.19881198091477,0.371271685781896,3.22893456954594,0.00124252319310456,0.00658470847254879
"EGR1",18082.2769808523,1.92658292797996,0.596891566833947,3.22769332828576,0.0012479268231049,0.0066113806565326
"SLCO5A1",2.31669708466697,3.1247330249932,0.970117388954264,3.22098445051222,0.00127751079134922,0.00674407738860234
"PDGFB",5.01435965876009,2.75440187934443,0.855370788173318,3.2201261925563,0.00128134178936466,0.00676230024813218
"C1QC",52.0595849106506,1.32413144120402,0.412092126979964,3.21319276567591,0.00131268155429383,0.00689708794270793
"MACC1",1.52697924740975,3.31078908858079,1.0308070450515,3.21184173553584,0.00131887008975181,0.00691737861246482
"ADORA3",10.1480989178748,-1.71359512608677,0.5337914498459,-3.21023337219333,0.00132627246514836,0.006950072924006
"FRMD6",13.6927637566396,1.22227887949958,0.381045271268695,3.20769990250761,0.00133801036316144,0.00700335125868744
"RNVU1-25",5.87055831848852,2.89773372425565,0.903633520308589,3.20675767236488,0.00134240023617775,0.00701398225335052
"DPYD-AS2",3.22243956222445,-2.84863362188701,0.888458552548207,-3.20626506854685,0.00134470057492431,0.00701983285206317
"C2CD4B",3.59506105470531,3.52814089627534,1.10059057972757,3.20567971529309,0.0013474387586,0.00703001245273673
"FAM183BP",5.33296634539418,2.16345603949301,0.675586134975709,3.20233931321103,0.00136316327320044,0.00710581720261529
"NECTIN4",10.9087573841693,2.06562114683813,0.645104130506561,3.20199646716898,0.00136478671844238,0.00711068072326763
"SPTBN5",170.339398806766,1.0076005306896,0.314721758010893,3.20155980653464,0.00136685697681045,0.00711260056952881
"ADD2",74.9229482999342,1.14566178555604,0.358296049843814,3.19752837368831,0.00138610774271171,0.00719807566651863
"ATP5MC2P3",13.4608885459083,-1.83285724242984,0.573326156859786,-3.19688404322723,0.00138920760215628,0.00720997532943374
"SERPINB9",2335.10219766089,1.19306332189075,0.373291512141875,3.19606335286109,0.00139316518224938,0.00722841201889598
"SSTR3",7.95528387779787,1.94872242563311,0.61013704780797,3.1939093563229,0.00140360181268328,0.00727621305860051
"UNG",35.6175166336328,-1.15466996108113,0.361824753413652,-3.19124092585525,0.00141663096193681,0.00733735862341138
"TTC30B",22.5644055754571,-1.10669411062797,0.347343194942331,-3.18616897276976,0.00144170367418872,0.00744560224093181
"LINC01135",14.6684440157327,1.67025469516794,0.525274120292598,3.17977724514115,0.00147388303119502,0.00758113545193947
"USP2",3.63413465741545,2.410214888204,0.75834233767798,3.17826760877416,0.00148157934741014,0.00761845269504238
"ZNRD1ASP",31.4049043422445,-1.20470062937736,0.37941483119497,-3.17515429110439,0.00149756849634781,0.00769180156575073
"MIS18A-AS1",3.09956452166585,2.61875345578862,0.825094715331381,3.17388223088649,0.00150414707853193,0.00772336660531164
"HCG14",1.61123288066924,-3.10260291567179,0.97758116447909,-3.17375480257441,0.00150480755129893,0.00772453441728643
"MELTF-AS1",2.81358630381326,2.44102731848616,0.770179109201401,3.16942811006294,0.00152739237595863,0.00782021389275258
"CHI3L1",72.7218621129594,1.55982093819072,0.492191128893957,3.1691366353878,0.00152892500781415,0.00782205552895217
"ZNF850",24.4480949661183,-1.19376598394447,0.377188104039383,-3.16490889071048,0.00155131519382184,0.00791769969310269
"KLF7-IT1",79.5453443875808,1.18795811998313,0.375514784300141,3.16354553708761,0.00155859966799242,0.0079510997660801
"ZNRF2P1",17.1337646098144,1.19349317126755,0.377572990062917,3.16096013930623,0.00157250016093897,0.00800749582381657
"THBS1",12482.959243188,1.83670114447559,0.581366492046414,3.15928277532884,0.00158157952967191,0.00804683846271751
"SLC1A2",13.1062394702473,1.96571499364982,0.622482776426909,3.15786246317231,0.00158930521752512,0.00808153548181675
"OLFM4",2.14762278181695,4.53154463369421,1.43576305559488,3.15619253193323,0.00159843312165331,0.00811727829834144
"CCNJL",25.691878495788,1.75327502627938,0.55638768837108,3.15117509413695,0.00162614973291072,0.00823835811862012
"TMEM92-AS1",3.31547906922456,2.42436907178749,0.769699086216105,3.14976218005645,0.00163403418434744,0.0082665631821865
"EEF1AKMT1",21.5925853173996,-1.00843044457341,0.320351706113017,-3.14788535640776,0.00164456178532168,0.0083056888806818
"FZD4",2.48403977277712,2.32635022378203,0.739188566106942,3.14716748939196,0.0016486049668308,0.00831433853500927
"GRIN2C",127.200483415683,1.41424449816498,0.450284672126666,3.14077868004166,0.00168499313161327,0.00847609211472345
"SERPINB9P1",190.43372015455,1.55574972339137,0.495415368938874,3.14029362214502,0.00168778578822788,0.00848554760158088
"RNU4-8P",2.44519879762567,3.85240525639601,1.2274962156585,3.13842536315223,0.00169858186902902,0.0085278084378665
"TMEM72",4.00738358104451,-2.2300544157104,0.710896767382895,-3.13695956716775,0.00170709667173991,0.00856091943505665
"CNIH2",24.4392374572845,1.31586783240005,0.419546004656942,3.13640892248758,0.00171030549559822,0.0085721914668393
"DHRS3",28.2121752503638,1.50012870656158,0.478811514854201,3.133025543503,0.0017301438465403,0.00864732584325744
"KLRD1",18.9955218414919,-1.48907909334329,0.476096109476376,-3.12768590984921,0.00176188353622437,0.00878872441811248
"RIMBP3",7.13726506762847,-2.196400665421,0.702765033677605,-3.12536987494544,0.00177581617480428,0.00884585560629955
"SUSD2",12.4042758775479,1.48728868056127,0.475927683250743,3.12503082485683,0.00177786428584805,0.00885358546369558
"TNFRSF25",52.317541599142,1.01449073437349,0.324651580328335,3.12485999097089,0.00177889707020472,0.0088562561926631
"CPB2-AS1",23.3695080529299,1.16708604930367,0.373532707524522,3.12445476873548,0.00178134906643978,0.00886351594062837
"OVCH1",3.88835308814286,-2.89796772245667,0.927865547119818,-3.12326255830085,0.00178858114916935,0.00888563359995682
"NYNRIN",17.8510343038255,-1.33498559707796,0.427809977675174,-3.12051066301119,0.00180537761591832,0.00894815293067626
"PRG2",11.1460945283377,2.0345335041711,0.652095620517846,3.11999259028212,0.00180855589307155,0.00895641866202397
"LINC02575",3.3033709888842,-2.88808795731721,0.927709273209365,-3.11313904120632,0.00185108787751827,0.00914419982253419
"EIF4EP1",29.1472043088517,1.0461359748911,0.336126636702693,3.11232690498258,0.00185618830162556,0.00916178387504063
"NDUFB4P11",2.69150013045121,2.60405538476438,0.836939609301199,3.1114017735863,0.00186201409330836,0.00918291606204993
"EBF1",7.17521226701073,2.5276699562808,0.813047606492849,3.10888309134089,0.00187796011046453,0.00925388189239401
"CST7",66.6685275232037,1.60879843609274,0.518083105865538,3.10529028620802,0.00190092365656674,0.00935411756850692
"CTNNAL1",17.0386300027485,1.5416702280104,0.496941915345803,3.1023147382076,0.00192013690988377,0.00943564798856934
"DELEC1",11.8764714012087,1.57741857119443,0.509265864845219,3.09743629032323,0.00195202349762361,0.00955548714341656
"FZD7",9.42444485609899,1.79734171629904,0.580267087434527,3.09743867129434,0.00195200781720228,0.00955548714341656
"PLXNA3",139.284242198413,1.01647486932093,0.328814334855947,3.09133380625344,0.0019925949116895,0.00971675998762089
"C6ORF163",11.9849654673071,-1.52513000657689,0.493956059373765,-3.0875823418594,0.00201791858368008,0.00980273194326939
"MIR3177",2.6465852359831,-3.16042438048329,1.02495546002395,-3.08347484719916,0.00204598404913517,0.00992555438359344
"SLC5A9",20.8713757339372,-1.08621488489238,0.352489638386163,-3.08155124747921,0.00205925025883715,0.00998176796661332
"POU5F1P4",4.12984302138834,-2.43311069174602,0.789635180363508,-3.08130989126641,0.00206092034529232,0.0099850943368492
"TRIM45",14.270546280326,1.15260417583376,0.374077510213156,3.08119078096137,0.00206174499781367,0.00998572013874566
"PI3",33.4955295322807,2.03288274023892,0.660723386309421,3.07675311993105,0.00209268544168877,0.0100971931049078
"ATP8B1",29.8968893850563,-1.04608362595087,0.340039409216733,-3.07635996768869,0.00209544702875991,0.0101077836936234
"PTGES",51.3634182489625,1.40525573717256,0.457673689464248,3.07043155313898,0.00213749673332967,0.0102689649149299
"IFNB1",14.8026585930986,6.88052689832188,2.24089382552403,3.07043859907682,0.00213744630115257,0.0102689649149299
"MIR3138",6.87239468210273,2.03835939853784,0.664485339266344,3.06757617976702,0.00215802447108866,0.0103425149154432
"PRR35",1.40692921128327,2.68437941189934,0.875150094453219,3.06733602488668,0.00215975919669279,0.0103452697504313
"CD70",2.1475961155769,2.80951518794462,0.916046007514252,3.06700227379235,0.00216217212452829,0.0103482639468928
"ZNF519",18.6651761235335,-1.04105010362795,0.339647149854922,-3.06509300629382,0.00217602317112959,0.0104064078623618
"CACNA1A",14.7948835194241,1.12849133552251,0.368442750291402,3.06286752726166,0.00219227085402441,0.0104684060758416
"ERFL",11.4376741904698,1.06183311991095,0.34707802677488,3.05934988099857,0.00221817924995405,0.0105711679029336
"RHBDL1",31.697390169591,1.00496055622483,0.328498025964406,3.05925904204284,0.00221885200430467,0.0105715496935862
"CNGB1",2.23030243557294,2.54650662079873,0.832489407812804,3.05890573129231,0.00222147040615118,0.010578374026942
"LCN2",3.84148633071268,2.79204488905279,0.912896802818345,3.05844524861194,0.00222488731429028,0.0105918174305604
"LINC02085",14.2062905260011,3.88142502069695,1.27170875673304,3.05213359595648,0.00227220946965615,0.0107911801170731
"RN7SKP9",2.40206149582379,-3.0099000150224,0.986741225962584,-3.05034383466262,0.00228579517880164,0.0108441527658148
"CPEB2-DT",3.76248870817243,2.14103316805554,0.702306890092446,3.04857206765224,0.00229931755045627,0.0108938184502096
"TPRG1-AS1",11.5397572441387,1.62725441800091,0.534657891918333,3.0435432499881,0.00233809829770797,0.0110423609834564
"BMP6",11.5943675006746,1.51935409523547,0.499229634258101,3.04339724842931,0.00233923311353867,0.0110447962623883
"RRAS2",5.69968698729475,2.0795035818625,0.684125475769271,3.03965230869992,0.00236851408250605,0.0111712200432953
"FCGR3B",627.556522057124,1.76879001671198,0.583172653447265,3.03304691373346,0.00242097959885932,0.0113436916428822
"SPATA32",4.97107756047773,1.79829999368025,0.593287939885858,3.03107458079499,0.0024368504813688,0.0114120606160821
"MIR3142HG",12.4807353284972,2.06965667369021,0.683373422258987,3.02858818660034,0.00245699355467777,0.0114933455123393
"LINC02899",11.8042921377287,-4.38186573993681,1.44887223784019,-3.0243285953693,0.00249185627592619,0.0116208450326723
"CARD17",11.4029609171503,1.59907156031679,0.528935174117308,3.02319005913217,0.00250125099345638,0.0116494295616906
"LAMP3",12.8421663617669,1.9686947442557,0.651311522609071,3.02266223752554,0.00250561733661544,0.0116636748566144
"FAM90A1",19.4806805047361,-1.1213512728521,0.371237956308057,-3.02057279919296,0.00252297049416401,0.0117329437358858
"CXCL5",2.68694061708178,2.12493512931848,0.70349190047965,3.02055379439291,0.00252312883567989,0.0117329437358858
"SNORD13",4.2961222377464,2.25093863956527,0.745259177446281,3.02034340224883,0.00252488235873209,0.0117380379241759
"RNVU1-30",16.9404084595376,1.73464091778357,0.574424774488621,3.01978778566406,0.00252951853115314,0.0117565272430197
"DLC1",32.6463797321824,1.20869850776624,0.400307837379281,3.01942254161021,0.00253257043861103,0.011761817830976
"ENTPD2",1.73307155684645,3.28788441442505,1.08896613061417,3.01927151083267,0.00253383340605146,0.0117627412488216
"PTPRM",44.5914029011401,1.14485292420525,0.37927909611189,3.01849729115446,0.00254031672778363,0.0117821554316704
"ZNF599",11.1501246382022,-1.19658955752263,0.396553181078064,-3.01747562399977,0.00254889539794222,0.0118127295683277
"TMEM151A",1.23819043045235,2.95504745222969,0.979905976783283,3.01564387017024,0.00256434251811733,0.0118602725396179
"NACAD",2.47918669370732,2.07799046320796,0.689050300144341,3.01573116327308,0.00256360443991505,0.0118602725396179
"TMOD4",21.8266517078218,-1.15919333549233,0.384594093314137,-3.01406952328178,0.0025776872917918,0.0119028697672747
"MIR6753",15.1743351993131,1.20774293599186,0.401030961459761,3.01159524340875,0.00259878861806232,0.0119847961140113
"DLGAP1-AS1",20.3005482650626,1.27188457589673,0.422993580682845,3.00686495961358,0.00263956992178605,0.0121508769715664
"INO80-AS1",6.50639156318058,2.00717064736525,0.668195583348543,3.00386697754971,0.00266571847986952,0.0122459622406315
"TNFRSF21",175.344742186227,1.61486938748776,0.538047440807273,3.00135130289785,0.0026878427728421,0.0123253828745392
"CCDC116",5.33688420638022,1.49661511043857,0.498941919868105,2.99957780824309,0.00270354061376075,0.0123750981442813
"E2F1",51.9991386035551,1.10803540609932,0.369455818767463,2.99910124516599,0.00270777310182491,0.0123912920960371
"MIR5695",4.4231260026823,-2.38325923798275,0.795108335193566,-2.99740190423554,0.00272291475028178,0.0124541931578273
"PROK2",495.450169578738,1.06991091798962,0.357185389346272,2.99539384840962,0.00274090683913959,0.0125268501656602
"SEMA3F",37.2638273769418,3.07098981595249,1.02635052926299,2.99214520613901,0.002770244633149,0.0126285775022008
"LINC02574",4.6380755641491,2.54231097624059,0.849976707353757,2.99103605339445,0.00278032665190952,0.0126615947962119
"MEIS3P1",9.55323489368789,1.71438180066157,0.573329693902192,2.99021979655922,0.00278776768897429,0.0126826748512944
"UGDH-AS1",14.6679479360144,-1.13898069355621,0.381234179028611,-2.98761432266737,0.00281164116733349,0.0127618460923397
"TAS1R3",18.1775042611531,1.0287012774087,0.344367617928673,2.98721837899917,0.002815285424034,0.0127718874348724
"SATB2-AS1",7.46890738088565,-1.42634034097984,0.477604487212958,-2.98644669212217,0.00282240041110335,0.0127976559565993
"KCNAB1",15.2439457028665,-1.0694484469089,0.358239288371845,-2.98529078641659,0.00283308863430836,0.0128395922405469
"MBLAC2",33.7921227196951,-1.00931325035712,0.338529000886873,-2.9814676075401,0.00286870393230973,0.0129878022194266
"STPG4",8.63290290401448,-1.00785924486789,0.338068858748922,-2.98122473805376,0.00287098016186782,0.0129924908706706
"IL7",17.6298138296387,1.23713202046338,0.415095658243973,2.98035403621652,0.00287915414079506,0.0130152943648004
"EEF1A2",5.79393538938126,2.10962005716429,0.707944084674737,2.97992469014491,0.00288319257354426,0.01303024806863
"MIR1250",2.77429430073438,2.08027733252468,0.698306761777399,2.97903077328043,0.00289161735815858,0.0130650127747803
"IGSF23",3.83861897574316,-2.48439666879621,0.834138754206868,-2.97839736646509,0.00289760054245874,0.0130830328047779
"MAFA",1.98796719803715,2.85474386135068,0.95893611447172,2.97699066524715,0.00291092872991958,0.0131256690304109
"MIR133A1HG",1.98187752731196,-3.06386297221678,1.02929885586753,-2.9766505177298,0.00291415994310644,0.0131335990563751
"MTND5P32",8.34424449171188,2.30162658239161,0.773846329521096,2.9742682682439,0.00293688189923035,0.0132126353892739
"SYCP3",6.69177292321571,-1.52048690418588,0.5115703790378,-2.97219496376182,0.00295678859034143,0.01328543951499
"GTSF1",21.7974246918698,-1.35994404725419,0.458333603886416,-2.96714889705362,0.00300575358288278,0.0134715156812721
"MME",139.918838200408,1.25084373124946,0.42200265704913,2.96406600848448,0.003036031548354,0.0135901457363961
"TCF7L1",15.3214362542617,-1.14944514647529,0.387905266553205,-2.96321098367358,0.00304447813830502,0.0136211188941773
"H2BC18",21.3905418873553,1.14257022997015,0.385685790429673,2.96243796977138,0.00305213300361753,0.0136450998793307
"CAP2P1",5.33103560331169,-2.18650836980368,0.738325384340743,-2.96144276788754,0.00306201395903041,0.013682416082461
"LINC02846",4.38039042471927,1.63868362595345,0.553684180342957,2.95959986600744,0.00308038844791897,0.0137539529367048
"UTF1",16.4859048987701,1.19759125363242,0.404869329913143,2.95796980692349,0.00309672454481068,0.0138063915097058
"MIR616",97.1027738956059,1.62132631818927,0.548290187360162,2.9570587903377,0.00310588892824589,0.0138403314269423
"CLEC12A-AS1",20.1225341179763,1.83804591452496,0.621948624078218,2.95530184225281,0.00312363283457678,0.0139055059903121
"FLJ42393",5.45421542590613,-1.92734614990146,0.652273549332813,-2.95481267310759,0.0031285895105842,0.0139240967289923
"BANF1P3",5.28936813646058,-1.61212780795227,0.546013956695526,-2.9525395609095,0.00315171682108829,0.0140060599538049
"FOXC1",9.12974922900161,1.84748582713245,0.626038620143369,2.95107325281203,0.00316671804555525,0.0140657162591172
"IKBKB-DT",2.27134615288111,2.28714045728038,0.7751153087857,2.95070995419175,0.00317044485765552,0.0140733212073824
"MIR4420",48.3616414643226,1.19733035249159,0.406462923977202,2.94573079575334,0.00322192679788147,0.014243551479705
"GLIS3",11.1297748437088,1.61351690672972,0.547852870517738,2.94516464832045,0.00322782844883651,0.0142590400867622
"TRGV7",12.1741590785488,-1.55400965183071,0.527854001193119,-2.94401415603207,0.00323985180257421,0.0142979902163084
"MAP7",85.5083475059394,-1.03687060489012,0.352768483810597,-2.93923820430292,0.00329020097472177,0.01448946593507
"MKRN3",2.76683433147126,-2.89420904192956,0.98581342318672,-2.93585882871609,0.0033262565991142,0.0146250345612519
"LPAR3",1.49266037473062,3.2717533627693,1.11480671389986,2.93481670138488,0.00333744776277714,0.0146670099020494
"LINC01031",1.11538332236753,3.0281792172686,1.03273123770094,2.93220453368868,0.00336565008234153,0.0147618554631936
"RNF43",3.59407600930752,1.8911432550211,0.645193337496911,2.93112644708635,0.00337735279686841,0.0148022651573805
"APOBEC3H",4.62767144793877,1.99626957720915,0.681868865437705,2.92764441727034,0.00341540403621858,0.0149433350988636
"OSGEPL1-AS1",1.65284054808165,-3.14117593576153,1.07348249801462,-2.92615477343232,0.00343180157192631,0.0149966870259729
"RNU5A-1",8.05984140618915,1.83699957135861,0.628342988310941,2.92356182138148,0.00346051500393189,0.0150980107152341
"CPNE5",38.1211222523013,1.24068666305682,0.424503252427807,2.9226788156772,0.00347034289484365,0.0151317468976341
"NLGN2",15.7388026836415,1.12648951747063,0.385642107072152,2.92107499884567,0.0034882584387679,0.0151912973707866
"CALN1",1.94092777259109,2.62623774199839,0.899430274132843,2.91989031004142,0.00350154608869378,0.0152342875927121
"CACNA1G",1.5808930923601,4.53104006886905,1.55517969681938,2.91351544656596,0.0035738415588018,0.0154996804585233
"UNC5C-AS1",2.68590082138186,3.78472795787974,1.30041541640364,2.91039917716954,0.00360967407804392,0.0156360772715268
"FAT2",16.9281473004628,-1.11329112950252,0.382699727577124,-2.9090460464939,0.00362533459315928,0.0156962908914503
"WDCP",27.2395509377623,-1.10437097916236,0.379866752169427,-2.90725885552046,0.00364611342312509,0.0157632988952267
"RPL36AP33",1.48963290269765,-3.34497796986647,1.15061805528683,-2.9071140979381,0.00364780118369919,0.0157667742948452
"FCRL2",6.10303452596432,-2.76098642397831,0.950423087359623,-2.90500773886778,0.0036724401988875,0.0158502270185713
"LINC02210",18.5630633326262,-1.3020205337297,0.448351529376728,-2.90401715711709,0.00368407970566833,0.0158927723796159
"ADTRP",10.9140642771463,1.9428588864354,0.669106632871532,2.90366107730459,0.00368827189359317,0.0159070101639059
"MFSD1P1",5.91383376790794,-2.46714945904196,0.849889088432987,-2.90290755890378,0.00369715749676175,0.0159376257678192
"LAIR2",10.811201567136,1.94753960107939,0.67093917123053,2.90270666043767,0.0036995298057525,0.015943999196669
"EIF2AK3-DT",10.4949381776528,1.6313018615918,0.562672677492025,2.89920219489407,0.00374113551711364,0.0160922052940133
"PPP1R26P1",11.8570280739895,-1.09182559312793,0.376968643384126,-2.89633000592935,0.00377555135035364,0.016201175123312
"SEPSECS-AS1",15.2241819281346,-1.33186555172322,0.460052801485592,-2.89502758688219,0.0037912521232961,0.016256816195999
"LINC02870",7.35789995643019,1.19666989378882,0.413463957409597,2.89425443824923,0.00380060053863162,0.0162812469760112
"TNFSF18",1.90589504413528,2.98378869104371,1.0313418967272,2.89311304089583,0.00381443987217489,0.01632606378993
"RAP1AP",6.53944595894178,1.48972634891784,0.514925736916197,2.89308970617697,0.00381472328043661,0.01632606378993
"RPL11P3",20.7829590716141,-1.06580421852217,0.368799378306823,-2.88992954222248,0.00385328179500558,0.0164673791708935
"PHYHD1",4.46100621590675,1.85978504321592,0.643609148647743,2.88961871832218,0.00385709335262571,0.0164797200536856
"RN7SL368P",159.901372405433,1.25087031573032,0.43293830508272,2.88925766337844,0.00386152518134966,0.0164947045461962
"SLC16A14",1.65576316164308,2.73926819517416,0.948276043509477,2.88868227128927,0.00386859748820965,0.0165209581026296
"VSTM4",0.954255987387277,3.28679423751893,1.13873357392875,2.88635929665193,0.00389726962973853,0.0166274804246056
"UHRF1BP1L-DT",2.89601095386427,2.06160009140981,0.715333165953133,2.88201384967642,0.003951423650052,0.0168309718646797
"TTK",2.36006996006387,2.35677678711746,0.817799463119315,2.88185171720223,0.00395345734460186,0.0168309718646797
"ENTPD3-AS1",19.6581208006179,-1.01358174644173,0.351881253971882,-2.88046531322958,0.00397088643445704,0.0168730406474884
"ADGRE4P",183.077840832455,-1.74055738202535,0.604274018970617,-2.88041075303949,0.00397157375914203,0.0168730406474884
"PKD1P1",5.79352827101177,1.32472628719642,0.460006277239003,2.8798004565232,0.00397926936535706,0.0168965024849415
"CD276",6.44387424123169,1.18559028239882,0.411773935149565,2.87922615103889,0.00398652350123126,0.0169192496347759
"ELOVL3",16.5976796903077,-1.16113738777791,0.403662011931507,-2.87650894425737,0.00402100799578422,0.0170615462960987
"RNU4-2",6.24831670139599,2.87787766524531,1.00069294153734,2.87588484517947,0.00402896667939976,0.0170871867872404
"ZNF563",8.29059111112968,-1.82891193679793,0.636636441788673,-2.87277293090461,0.0040688644974699,0.017235907125592
"KRT18P57",6.03806833597919,-2.09386954303651,0.729102527160165,-2.87184513156479,0.00408082900788817,0.0172824852428085
"RPL7P21",2.22860781081219,-2.8945574690612,1.00866641082891,-2.8696875775634,0.00410877547448477,0.0173857448185035
"RGMA",46.4173953618487,1.1875942843245,0.413974602843375,2.86876121425696,0.00412082772113055,0.017422926022642
"HLA-DPA2",4.71524243966605,2.09750652578462,0.731443261517017,2.86762710949634,0.00413562641642407,0.0174772101436087
"ZNF285",4.04232949071233,-2.10285225964818,0.733848353272647,-2.86551335881639,0.00416333706485356,0.0175776583580728
"LINC01534",11.7615425130077,-1.1376751938054,0.398065485631426,-2.85801013871066,0.00426306770109197,0.0179350475594525
"ADAMTS2",33.5579660863059,2.11882011439121,0.741929953353536,2.85582231154586,0.0042925529200394,0.0180335748911123
"CEP295NL",62.7708726431521,-1.11707853703794,0.391628362877024,-2.8523943690685,0.00433912310070155,0.0181992188738101
"LINC01388",3.47670378466887,2.41612518880257,0.847930739603889,2.84943695982913,0.00437966840968336,0.0183433963587536
"COL17A1",2.73093491860021,2.15262129450841,0.755698071241293,2.84852029723003,0.00439230515352722,0.0183876881785071
"DNAAF10",15.7247867997476,-1.15068438743088,0.403992369681498,-2.84828247706279,0.00439558904197038,0.0183894375957742
"DIAPH2-AS1",4.63342154808431,-1.95747007469606,0.687244069910805,-2.8482895093589,0.00439549190610771,0.0183894375957742
"FFAR3",35.6720280846322,1.50488079514086,0.529058712791274,2.84444950769494,0.00444882363271915,0.0185853881973607
"MIR3181",1.52665292172615,2.37534552321169,0.837290251743566,2.83694396090876,0.00455476055779782,0.0189483385542266
"HOMER1",11.4521750174585,1.40663618651258,0.496424681738178,2.83353394433853,0.00460364183910974,0.019119851717355
"PDE4D",352.002759831489,1.22398743581887,0.432240634538129,2.83172690861598,0.00462973713583183,0.0192192811331087
"ZCCHC14-DT",1.19815352548352,2.89776635181772,1.02335447356538,2.83163500690221,0.00463106785537256,0.0192203323415858
"SAPCD2P3",3.10303825462019,1.82250556241265,0.643704723576525,2.83127573196375,0.0046362734132178,0.0192374610711745
"LY86-AS1",14.6905294014425,-1.34447256093441,0.474906229367394,-2.83102742772048,0.00463987420518806,0.019240366257777
"ACSM1",13.713353075756,-1.01309057235424,0.358019379553911,-2.82970875380138,0.00465903946575298,0.0193049816469458
"GAPDHP33",1.36428897315998,-3.57969343120949,1.26512448106153,-2.82951874285593,0.00466180693522235,0.0193074790133495
"WNT5A",3.95132725955583,3.27902280538748,1.15895308616711,2.82929727227515,0.00466503448603584,0.0193163614581958
"LRRC69",8.21019018047522,-1.11993772975214,0.396327018554394,-2.82579202860587,0.00471638747646269,0.0194927988427112
"BEND3P1",3.83971963980362,-2.16028939511118,0.765030098568465,-2.82379660506632,0.0047458491420413,0.019591866927964
"TM4SF19-AS1",3.60035196369186,1.59459737919468,0.56482665646153,2.82316240027401,0.00475524775792234,0.0196261243650668
"PRDM5",7.59815690129844,1.68348919807483,0.596897536962539,2.82039896938038,0.0047963974321435,0.0197457044529369
"INHCAP",3.76484062318197,1.91022500505854,0.677636766722895,2.81895124182317,0.00481808362551557,0.0198258306140592
"MIR4482",3.43126578755689,2.125324247888,0.754704943792484,2.81609954376076,0.00486106024505083,0.019942868595036
"DSEL",1.15750225239822,2.83685110518826,1.00744268098461,2.81589330959821,0.00486418171165467,0.0199510860824318
"BIN1",507.445747188244,1.06894462733703,0.379850040563589,2.81412271471925,0.00489105533757224,0.0200428773516227
"HECW2-AS1",2.32462524374716,3.1320217442015,1.11362490035757,2.81245663885195,0.00491646517513396,0.0201331280518915
"ERVFRD-1",3.67405160694811,-2.24423368365907,0.800568186162846,-2.80330110844869,0.00505824200462591,0.020623753343661
"SDK2",17.5030455637693,1.50395737180063,0.536685880994587,2.80230470943915,0.00507389253251138,0.0206828370646568
"CBY1",10.6953873551814,-1.15415649556752,0.411979812486945,-2.80148798699717,0.00508675349517895,0.0207257900518506
"IGLON5",4.63460357656063,1.69967609003784,0.606727145393167,2.80138461406145,0.00508838341229054,0.0207276965764875
"KRT18P31",3.55129203904682,-1.88647540957619,0.673962531929394,-2.79908054261661,0.00512483525255768,0.0208428662186785
"DAAM2",1.85884969755981,2.94699279126848,1.05333680844113,2.79776873612707,0.00514569412452864,0.0209181613020378
"PRR22",13.1446903754934,1.25330906257256,0.448060412745399,2.79718767139718,0.00515495805814412,0.0209462737679214
"SOX5",2.18857706445313,2.67331140141123,0.956897613012429,2.79372773540037,0.00521043267324532,0.0211331737210891
"C1DP5",9.99045188472243,-1.20165208660657,0.43052816872997,-2.79111141589496,0.00525273875629816,0.0212709089522921
"TMEM217",1.16089538690817,3.34565715526199,1.19884204628486,2.79074058641002,0.00525876013986889,0.0212904592317252
"CLEC5A",320.712481797711,1.10558102165423,0.396637656580795,2.78738290051648,0.00531356541335549,0.02144905631216
"CEP250-AS1",7.76581824135935,-1.28823605433489,0.462322362348282,-2.78644547452028,0.00532895823645315,0.0214965981505769
"RNU5E-4P",3.51255065501813,2.74100756370342,0.984807738562808,2.78329206440188,0.00538103423376126,0.02168705121144
"SYNGR3",5.49502895737777,1.70654348723256,0.613418300606524,2.78202245603888,0.00540213020620084,0.0217573263983316
"PIF1",4.12485120041288,2.03006339806799,0.729695620953693,2.78206876918728,0.00540135935070233,0.0217573263983316
"MKI67",20.4901724560324,1.39791937093529,0.502517170452265,2.78183404096851,0.00540526728992371,0.0217650469340088
"IGSF9",21.1167250613905,1.55608106826863,0.559482997194974,2.78128392832348,0.00541443599997792,0.0217921275648931
"ITPRID2-DT",19.1801102770747,1.14195283451336,0.411011554953262,2.77839593741646,0.00546280080163094,0.0219403725139513
"CILP2",3.01936989925608,1.95368319769651,0.703660319704858,2.77645782060861,0.0054954765030909,0.0220536130173533
"EIF4HP2",4.87250815587968,-1.93268470385539,0.696436222272618,-2.775106523823,0.00551836297102515,0.0221205749836285
"LINC01679",20.9072347680582,1.32496704168363,0.477486482802403,2.77487863930157,0.00552223104136955,0.0221311070132442
"ZNF404",9.61025469685121,-1.24536366139266,0.448896914882752,-2.77427538506906,0.00553248238385623,0.0221622323744055
"LYST-AS1",6.36755575415348,-1.43094904776646,0.515806125294409,-2.77419940864353,0.0055337746988562,0.0221624322133356
"RNU6-549P",1.3649567772974,-3.58032061350634,1.29550073984263,-2.76365771426826,0.00571574625568118,0.0228077466795435
"GIPR",10.1854451832436,1.68674456482812,0.611901374325478,2.75656279851877,0.00584123950031963,0.0232195976702268
"LAX1",14.6859468909667,1.31171232647967,0.475858023164081,2.75652035402875,0.00584199766475939,0.0232195976702268
"POLR2J2",24.2957277995173,-1.03708432939014,0.37649724813521,-2.75456018477377,0.00587710797118701,0.0233279599443778
"SMG1-DT",10.4973959510777,1.36071876750647,0.495377685887469,2.74683096609153,0.00601741386266623,0.02377904928716
"MET",3.52318606039141,2.84047442970183,1.03581695267809,2.74225520480024,0.00610189128764952,0.0240850457135905
"SNORA16B",5.24890893288916,-1.95801233695615,0.71634895290137,-2.73332197810267,0.00626990069946199,0.0246738604572428
"SCARF2",40.7134742191681,1.06277070399852,0.388850777024496,2.73310680289979,0.00627399841978809,0.0246836311892766
"ZNF593OS",6.89873260497891,1.35372427071481,0.495500065848882,2.7320365102185,0.00629441653384601,0.0247530427977833
"DRGX",1.74601932608332,3.52925331916667,1.29228911188289,2.73100909596343,0.00631407289507255,0.0248030020485145
"TMEM51-AS1",3.97717545194439,2.02487767339229,0.741474576187315,2.73087943730218,0.00631655743045376,0.0248072988649128
"HSPE1P27",1.86401038549889,-3.67694727114639,1.34711281381176,-2.72950211255298,0.00634300426919486,0.0248947217060281
"CXCL6",4.89507641259184,2.49239747394545,0.913255368478708,2.72913531085753,0.006350064231633,0.0249169480342872
"ARHGEF38",6.98650267112314,-1.53185153564585,0.561941126904173,-2.72600004218427,0.00641069901555307,0.0251207635588874
"C2",17.4008227010046,1.07761644253422,0.395600430089875,2.72400220163917,0.00644960765452621,0.0252585627512642
"FTH1P5",1.40673627041917,2.21243166308794,0.812224525561136,2.72391634758807,0.00645128444302948,0.0252585627512642
"TRGV8",9.93957686885361,-1.38422395851316,0.508377087054008,-2.72282916316035,0.0064725518544419,0.0253085006531203
"FGGY-DT",6.79145444832055,2.01104950311987,0.738573135561626,2.72288471688132,0.0064714635899824,0.0253085006531203
"SLC6A3",1.99320636246809,3.74603838597276,1.37593807378631,2.72253414404357,0.00647833386305977,0.0253255576263993
"LIPT2",15.9430754501785,-1.06461642507452,0.391240785655486,-2.72112843064369,0.00650594796569938,0.0254223657857931
"PATL1-DT",2.64581907260444,2.20355962598555,0.811158327254442,2.71655921162028,0.0065964394656668,0.0256971581543054
"RNU4-82P",1.73677069299494,-3.2163958586271,1.18633092369747,-2.71121303034272,0.00670375410713937,0.0260323187125301
"ADGRB3",8.95716720990458,-1.23390999314641,0.455136707978632,-2.71107553294589,0.00670653469392447,0.0260350741828563
"MLXIPL",4.46310918607633,2.05399873818155,0.757861100051531,2.71025751030352,0.00672309887081742,0.026069089659141
"ITGA3",2.64240653856254,2.32313915002636,0.857388083598,2.70955381170845,0.0067373775086853,0.0261036794091938
"TLCD4-RWDD3",2.47992052059189,-2.72207152082014,1.00585372620483,-2.70622999140317,0.00680518972646226,0.0263192729919922
"HBEGF",3942.99004666159,1.35406123850409,0.500612104445882,2.70481122305838,0.00683432159491319,0.0264047278774229
"MPP7-DT",1.81974184172134,-2.93145702049976,1.08522384861424,-2.70124640574666,0.00690801384857953,0.0266375164355732
"ANKRD18A",2.44102551250082,1.81433521711933,0.672228215272599,2.69898700456004,0.00695508922026715,0.0267785196441022
"CCND1",2.56593034227145,2.38762804928489,0.884790091031482,2.69852485181136,0.00696475374932187,0.0268041590896232
"ERVW-1",7.31040109536238,-1.73489319482245,0.644420509372382,-2.69217563623496,0.00709875501622662,0.0272200326697013
"LINC00475",1.4854537305171,3.97459026001221,1.47746613540695,2.69013966869532,0.00714221199281102,0.0273690177288427
"SORL1-AS1",1.94003164232239,-3.38412971052321,1.25891614263475,-2.68812957107744,0.00718535091948068,0.0275047831977889
"DLGAP4-AS1",4.18098563917073,1.65449665376249,0.615600584742163,2.6876138437319,0.00719645663385486,0.0275368962585091
"LINC02292",2.77230157580873,2.18693168566014,0.813980017682118,2.68671421675391,0.00721586615648626,0.0276038216811928
"HOMER3-AS1",18.2536892174677,1.19812511444858,0.446180619696486,2.68529169927552,0.00724665297657269,0.0277097097097757
"ESRP2",11.5721158985005,-1.25967146692268,0.46925274032757,-2.68442005483728,0.00726557572634861,0.02777611226031
"TAS1R1",11.4798701757861,-1.15302053146721,0.430647104918229,-2.67741386926574,0.007419292551845,0.0282400292958803
"LINC01579",4.63319317766588,-2.1882311824281,0.81761365018439,-2.67636331895218,0.00744259158984726,0.0283132754915111
"CACNA1E",4.58274905959462,2.04202507524286,0.763432720966789,2.67479375609798,0.00747752352461198,0.0284158637903768
"SORD2P",7.92412582222973,-1.42734378769987,0.534205623967428,-2.67189959008537,0.00754232133712823,0.0286011751725539
"RN7SL288P",5.04858586455145,1.66799869802466,0.624818662092875,2.66957246833437,0.00759478821355557,0.028763446317071
"SLC25A47",6.36565454527897,1.2695290737916,0.475728243666803,2.66860143515206,0.00761677753509646,0.0288344816789157
"XACT",6.2524135020489,2.16839495566189,0.812867958413348,2.66758571698953,0.00763983981632242,0.0289126881869124
"LINC02381",4.58392416793076,-2.17568139134898,0.816070137587803,-2.66604706034216,0.00767489485754713,0.0290113953102195
"RAB23",7.75997684524699,-1.44047864230232,0.540475472068707,-2.6652063169283,0.00769411026680241,0.0290593984626766
"MIR7845",11.9323640770821,1.21182733462465,0.454708890442932,2.66506188925447,0.00769741553498338,0.0290657278393382
"CD160",11.0673041137443,-1.21739347338377,0.457044103440731,-2.66362362892107,0.00773040002872731,0.029184100679881
"GPR88",15.5152152100688,-1.0797430432083,0.4054240977385,-2.66324337707409,0.00773914171807352,0.0292109204331349
"PGBD1",15.5637731773243,-1.02070099661645,0.383608197435035,-2.66079036746682,0.00779574767467471,0.0293500521361012
"VTN",7.23118006212039,-1.21075629109875,0.45506310269655,-2.6606338416018,0.00779937224398397,0.0293512739371953
"TULP2",32.5419220034738,1.69983575644281,0.639198486736415,2.65932381210998,0.00782976700719918,0.0294470554236599
"SOCS3-DT",14.3444236251309,1.41049865421441,0.530548694997845,2.65856587248817,0.00784740082780322,0.029507153449906
"ACTN1-DT",2.48589270536404,2.32784830004283,0.875912360057908,2.6576269569811,0.00786929446571884,0.0295707762122378
"CDKN2A",8.39501248619027,1.33318879463595,0.502000104232137,2.65575401956381,0.00791313113416875,0.0296792332151602
"DDX50P1",4.29621356607699,-1.72230147432257,0.649025365163252,-2.6536735954678,0.00796208038589082,0.029831461861693
"AHCTF1P1",3.30883676786999,1.55315429676485,0.585615095469521,2.65217599201332,0.00799748441546307,0.0299138450415245
"IFI44L",837.996890901809,1.13225008818053,0.427374267438658,2.64931741203404,0.00806545410949682,0.030149113664125
"DET1",7.96829994622165,-1.33661365282925,0.504707926775883,-2.64829138184465,0.00808997631353209,0.0302154517338328
"MYL9",20.6913808876,1.26763622811842,0.478702247679336,2.64806826010051,0.00809531776826666,0.0302290722943983
"ANKRD29",4.2255415478541,1.61440305243617,0.610266172951496,2.64540805961481,0.00815924565920981,0.0304048961229885
"UBXN10",58.4783136925291,1.15666621847074,0.437239692905267,2.64538246924748,0.00815986281524081,0.0304048961229885
"RNU6-920P",2.02245994193911,-2.3986819018945,0.909911901384887,-2.6361693898538,0.00838478633808335,0.0310780575520851
"TPPP",19.4938968756169,1.03305050538029,0.391863264503729,2.63625248640897,0.00838273312106394,0.0310780575520851
"GRAMD1A-AS1",8.68092672108306,2.37909939897163,0.90281552283814,2.63519992599658,0.00840877389577482,0.0311452883622989
"A4GALT",5.03660235401357,4.06529839167093,1.54397328576062,2.63301083585019,0.00846316472354162,0.031297257510473
"CLEC18A",15.1679618975544,1.28771059741241,0.489540806617941,2.63044587908562,0.00852729458415206,0.0315057748119521
"SKOR1",39.1029102512555,1.07964549260791,0.410905305644556,2.62748004899656,0.00860198859520599,0.031748866658656
"CRNDE",6.11243613424175,1.25034696765326,0.476413866804582,2.62449742707874,0.0086776948238323,0.0319819669974216
"MARCKSL1P1",6.93778412589014,-1.58266487746882,0.603115656095492,-2.624148223435,0.00868659729404419,0.0320081641254204
"DCAF13P3",3.71862913409211,-1.70185534102752,0.648664338163065,-2.62363019038006,0.00869981887586575,0.0320502621040259
"RWDD3",9.29403070095746,-1.03113239706321,0.393497635575445,-2.62042844439281,0.00878193577630559,0.0323060776196616
"GPC4",31.6787902576769,1.01286463188748,0.386728005799754,2.61906201955267,0.00881719155905344,0.0324290851609062
"KCNE1B",16.142648945119,-1.21748479261271,0.465033832473467,-2.61805638126808,0.0088432192362416,0.0325047073431028
"NR4A3",451.777826806378,2.21985058819368,0.848472954043861,2.61628915525683,0.00888912446973314,0.0326330937005762
"ZNF616",27.67663334375,-1.18489639470598,0.453313060373302,-2.61385893830241,0.008952599065746,0.0328188372656755
"RNASEH2B-AS1",11.8543833801334,-1.27592180267053,0.488219893903496,-2.61341624666105,0.00896420517269923,0.0328546315739899
"PTGER3",4.45831474630875,2.18412858504594,0.836150700176961,2.61212313113378,0.00899818394728261,0.0329453212749645
"LIMS2",5.45532187325336,1.45506293933554,0.557264389529845,2.61108186109497,0.00902562860553127,0.0330254693467624
"DIO3OS",2.44467964156445,2.42590747310623,0.929599451329475,2.60962661890215,0.00906410951085066,0.0331255040882102
"HSD17B1-AS1",13.4515667477116,-1.21185306262022,0.46474307592597,-2.60757636938579,0.00911857272839895,0.033276820852942
"EIF4BP5",5.46197961827671,1.40673413335472,0.539462691077491,2.60765787258614,0.00911640209847776,0.033276820852942
"MTCP1",6.44646921560135,1.26266431447573,0.484493263393298,2.60615453274266,0.00915651402432186,0.0333816736740383
"SLC16A8",6.99388739334647,1.38450662580454,0.531531722496777,2.60474881781479,0.00919416358198975,0.0334910128600231
"SLC47A2",3.67955672003896,-2.08478656902963,0.800814946773875,-2.60333124079202,0.00923227070672083,0.0336092336462217
"SPP1",4.02072309693934,2.42600047440907,0.932111910044735,2.60269228218813,0.00924949314870745,0.0336581923269367
"RPS2P45",3.3450179528125,-2.26282177334668,0.870050353237876,-2.60079404016748,0.00930082745460902,0.0338036186094775
"NUDT7",10.1615080169916,-1.2312606205832,0.473594917422872,-2.59981806241347,0.00932731972187097,0.0338791955200029
"RPL34P34",1.24044823424074,-2.70165442310788,1.03949191114137,-2.59901437822778,0.00934918572030077,0.0339309816640336
"PSPC1P1",3.0622914616979,1.62589913097225,0.626071947165902,2.5969844813082,0.00940461729701454,0.0341044040138535
"MAFG-DT",2.60506453618769,1.74270402546021,0.671880124707328,2.59377225397065,0.00949293464263595,0.0343827346508305
"MALT1-AS1",10.872804212753,1.08205525202931,0.417194654165764,2.59364601445583,0.00949642054217569,0.0343883779194742
"AXL",13.2482017070284,1.31214057074601,0.506369404675631,2.59127142878339,0.00956220391589229,0.0346055170321945
"ARL4AP4",5.91353144793766,-2.15368852786414,0.833002064875196,-2.58545400867262,0.00972508462143405,0.0351261153637467
"SNORA80E",3.42738432745947,-2.30276400990472,0.890852010387009,-2.58490072768017,0.00974070386480734,0.0351587769203629
"DDIT4L",2.8505963304024,2.13386424884464,0.82573484458921,2.58420031905787,0.00976050861802529,0.0352231342764182
"GJC2",5.82881379978355,1.42631420364838,0.551998424125988,2.58390991950158,0.00976873047417527,0.0352456743928678
"LAMA2",7.0020384174128,1.91000352091941,0.739971811378162,2.58118416343742,0.00984620404953711,0.035453489672112
"ALDH8A1",8.51204356903661,-1.27031469256365,0.493633649756039,-2.57339566131981,0.010070600667059,0.0360649216420396
"EPGN",2.49075688901271,3.88219407059463,1.50848003889424,2.57358000801945,0.0100652372190177,0.0360649216420396
"MIR3176",8.5569699906251,1.23148796832972,0.478644610906538,2.57286500311228,0.010086054035429,0.0361057659811324
"COLEC12",50.8645805487115,-1.07542147466611,0.418130885576732,-2.57197330252888,0.0101120689260938,0.0361771130171803
"MIR378D2HG",4.00795251248338,1.89969609311649,0.73880347903238,2.57131449300231,0.0101313277056788,0.0362314802754409
"RGS13",2.19756793267503,2.83878505507024,1.10409777967229,2.57113555278846,0.010136564247616,0.0362429410801713
"PLOD2",1.94648614062993,2.28464894011748,0.888619944502812,2.57100794805563,0.0101402999697401,0.0362490322365177
"NCLP1",9.42134376274857,-1.32485388751563,0.515902713858886,-2.56803046761644,0.0102278166116721,0.0365399144239949
"HAS1",20.707574764577,2.37689688855512,0.927922254907109,2.56152589937943,0.0104213470744257,0.0371049878470271
"MIR3605",2.3536022083752,-2.35018185367907,0.917599081848726,-2.56122951751875,0.0104302424316265,0.0371292485522557
"RPL35AP2",10.1384116124668,-1.75329884914678,0.684626005616761,-2.56095858872215,0.0104383797715273,0.0371433908566734
"MAGI2-AS3",3.55551572416688,2.02319819874352,0.790406547128663,2.55969311753966,0.010476463022902,0.0372566083338367
"ZNF780A",74.323545243237,-1.24862203012106,0.487873553087571,-2.55931485160243,0.010487870577761,0.0372897419505881
"KLHL13",2.93023537188918,-1.86993761757796,0.730800862922262,-2.55875124462855,0.0105048880535541,0.0373353642357639
"DSTNP3",1.23805601875337,-2.69904858542456,1.05480767823631,-2.55880635030787,0.0105032231170874,0.0373353642357639
"CLDN5",6.50014583715055,1.31574853344532,0.514268479484722,2.55848566640454,0.0105129153989665,0.0373490111306042
"ANKRD17-DT",5.45219479523255,1.36129524040584,0.532191485660727,2.55790495918169,0.0105304868205133,0.0373965406936724
"RNVU1-3",3.63484833872173,1.76314801674733,0.690157015403242,2.55470563566925,0.0106277633055448,0.0376681472573646
"NANOGP4",7.78025120668863,-1.44308291113479,0.564874813021893,-2.55469508972222,0.0106280852756092,0.0376681472573646
"COL10A1",6.44227403726491,-1.72347135007645,0.675178147604894,-2.55261719620258,0.010691693305656,0.0378259470817714
"FAM86B1",2.23225431619328,-2.55613663758359,1.00450778935066,-2.54466582009875,0.0109382363606396,0.0385681478950563
"KCTD1",20.5535575172128,-1.0978008745558,0.431734922380831,-2.54276598358527,0.010997885951609,0.0387478351974722
"TRBV7-2",3.181921276078,1.71433119551998,0.677062833966845,2.53201196331496,0.0113410121805303,0.0397604118074488
"ATP5PBP1",5.04379570862109,-1.79296656261287,0.708565144552185,-2.53041879973651,0.0113926451574407,0.0399022195795068
"KLHDC7B-DT",13.927013593984,1.12646676017565,0.445254397799481,2.52993966088338,0.0114082143739956,0.0399292850757883
"MDGA1",9.70859323768235,1.94900118151431,0.770384986319305,2.52990545782326,0.0114093264957558,0.0399292850757883
"NDC80",2.92975001624407,2.19125711771859,0.867272266507246,2.52660808184655,0.0115169944739218,0.0402035513553458
"APOE",8.73073863381605,1.22336137417452,0.484243304200487,2.52633616936502,0.0115259132454732,0.0402268128492958
"CCR7",62.586366652454,1.47881564365508,0.585672046021908,2.52498928999552,0.0115701815328155,0.0403576257689409
"KCTD9P1",3.59720137424992,-2.38003976667128,0.942821633761274,-2.52437967208749,0.0115902675768405,0.0404118829233151
"PLPP3",10.2319413821939,1.9100127328599,0.757678616787592,2.5208745377532,0.0117063582746253,0.0407608859853143
"HPCAL4",14.9303179070547,1.87683704972962,0.744847524184868,2.51976007006744,0.0117434851617011,0.0408662286996537
"CTBP2P8",2.60320378537508,-2.04413060398676,0.811739792932457,-2.51820918696399,0.0117953243915452,0.0410226158113441
"ZNF132",12.2606504869475,-1.12523888095601,0.447185871739563,-2.51626661767914,0.0118605422221751,0.04120726503313
"SPAG4",23.978537798934,1.2825549126549,0.50990523103093,2.51528094752395,0.0118937562320435,0.0413085715862914
"ACTBP8",8.88635553031033,1.63884524610395,0.651671169228237,2.51483466430594,0.0119088216900846,0.0413367505950048
"PEX12",8.22147629124067,-1.30068475987193,0.517356109854472,-2.5140995440023,0.0119336744925764,0.0414069024700599
"PGAM1P6",2.44058297983002,-3.03508867600787,1.20730395212238,-2.51393915399045,0.0119391030337247,0.0414176818194441
"NXPH3",1.32338656654147,-3.16924564142473,1.26118400061365,-2.51291297691905,0.0119738867440278,0.0414899362354252
"MIR3173",1.57246830467279,2.43015081323808,0.967794932596253,2.51101832773483,0.0120383446696913,0.0416566425253061
"PIWIL2",4.2983579493651,-2.0708557548072,0.824919192544333,-2.51037407484723,0.0120603327909142,0.0417246346633685
"RNU4-51P",1.81633319325828,2.3219654416746,0.925350681192102,2.50928160411929,0.0120976997980117,0.0418457958109235
"GOLGA5P1",3.88175431365536,-1.65994047414241,0.661949647001338,-2.50765368885989,0.012153571596763,0.0420294634690601
"EBI3",9.34414295386291,1.41624737823317,0.56478262082892,2.50759730558737,0.0121555108216662,0.0420294634690601
"HLA-W",1.77520447939451,-2.53651320736348,1.01283840982434,-2.50436119203199,0.0122672730130129,0.0423256510650142
"DISC1-IT1",2.85017047870478,-2.4119633064091,0.964565084164647,-2.50057082306474,0.0123993338079419,0.0427399645345057
"LINC01451",22.6823074129078,1.2076790403324,0.482980406649912,2.50047211792545,0.0124027895660345,0.0427436167463143
"UXT-AS1",8.55301927434858,1.23182462614019,0.493498052946933,2.49610838134886,0.0125564230363426,0.0431397292223189
"CLIP3",10.2399571674766,-1.17667119754857,0.471422430424947,-2.49600172076645,0.0125601992238568,0.0431400666378232
"FNDC11",2.97309652230186,2.2212000717597,0.890409827230973,2.49458171263368,0.0126105687619097,0.0432757455896393
"RHPN1-AS1",6.31584982633151,-1.5513047362836,0.62233715770338,-2.49270787881026,0.0126773097321776,0.0434796867914987
"RPL26P9",2.06964503903894,-3.13013662267216,1.25593238405282,-2.4922811629169,0.0126925518522858,0.0435068677826816
"FAM166A",4.0528319996666,1.33667370489938,0.536592456708471,2.49104080422359,0.0127369491070669,0.0436422777894466
"BACH1-IT3",1.31912677463962,-3.1653597360707,1.27118682065403,-2.49008224805392,0.0127713536511541,0.0437181743291665
"DUSP5-DT",6.24280685206745,1.66959688113676,0.670726485300024,2.48923654832257,0.0128017758087711,0.0438055010314328
"PDE6A",4.70688739331732,-1.40676664030814,0.565924198063629,-2.48578633873855,0.0129265548978916,0.04416469761896
"GPR82",15.4757719646484,-1.21430293892938,0.488590602010093,-2.4853178385619,0.012943581221274,0.0442144009622915
"LINC01531",1.45255498808701,2.98400703504424,1.20072321117789,2.48517477405719,0.0129487844516597,0.0442237061169262
"PIMREGP3",1.32295802533261,-3.53535994177763,1.42283923213068,-2.48472199946545,0.012965263979289,0.0442630390167572
"USP43",11.6943145234045,1.20173110095722,0.484114913321277,2.48232613350563,0.0130527749358469,0.0445191968079612
"SLC2A3",15648.8868640667,1.03511879532868,0.417285857765641,2.48059879352545,0.0131161911282887,0.0447183901655991
"LDLRAD4-AS1",4.91676209070737,-2.05501290145102,0.82874887488476,-2.47965694280644,0.0131508841480172,0.0448109783060803
"TCAP",15.3823642260231,1.11437664583602,0.449768225118093,2.4776686826719,0.0132243881648879,0.0450012659453016
"CHMP4BP1",49.2376147397796,1.15175191230347,0.465533433456834,2.47404768278639,0.0133591865283005,0.0453993464072823
"SPDEF",3.9712748213774,1.80845403576345,0.731850537810457,2.47107017393738,0.0134709381764988,0.0456660196108677
"TTLL1-AS1",2.14684949692513,-2.49440423285751,1.00968063979095,-2.4704883252728,0.0134928723105668,0.0457143126829802
"CSMD1",47.4962236278024,-1.76084403586271,0.712879728280482,-2.47004363570556,0.0135096571844918,0.0457624885789907
"MIR378A",1.90176774847155,-3.00006074459581,1.21508635699945,-2.46901031133638,0.01354873142989,0.0458687172606523
"MTCO3P23",2.77108484823659,2.93297595631334,1.18847873074666,2.46784050941383,0.0135930869270674,0.0459752530536648
"GPR61",3.85006494326154,1.6710521522411,0.677348597508285,2.46704895882014,0.0136231729533476,0.0460595449472735
"RPL5P30",1.19652699083098,-2.64657916749625,1.07517353191563,-2.46153675563504,0.0138343221761835,0.0467114592047628
"NTN1",6.3668993195581,1.34924773857236,0.548287358355485,2.46084050272334,0.0138611971896767,0.0467844911011264
"NEURL3",3.02964543356485,3.09372869758519,1.25757458909549,2.46007570796287,0.0138907710015974,0.0468577105004718
"TMEM176B",4053.96754572835,-1.29257942821526,0.525781695465333,-2.45839564093476,0.0139559331112085,0.0470330502243977
"ABCB4",9.57522754287285,1.47287608290951,0.599572827777436,2.45654241598863,0.0140281240813011,0.0472406413747874
"TTC41P",4.58079782215792,-1.53766459487495,0.626019849478693,-2.4562553346438,0.0140393365513299,0.0472694762934358
"SUDS3P1",4.20934612048501,-1.38811412887264,0.565701866752909,-2.45379096385225,0.0141359127562213,0.0475408016111378
"RPS12P27",2.93532019372338,-1.70947163369469,0.697026326700407,-2.45252089944295,0.014185913849276,0.047628144408693
"GATA6",3.26666705549073,1.85141815293549,0.75610222618747,2.44863470680543,0.0143398797591374,0.0480726884314024
"LINC02605",6.00297910325364,2.03474701162135,0.831780784364111,2.44625392876429,0.0144349295247315,0.0483459017765978
"C1ORF189",2.56598581410783,1.70472521369089,0.697229538883458,2.44499855301718,0.0144852723104485,0.0484508320783387
"PXT1",2.19532279204663,1.9471896130585,0.797085238700725,2.44288755896733,0.014570276026131,0.0486986291463602
"THRB",3.80668776995698,1.4423399364774,0.590584899438178,2.44222285034631,0.0145971328397715,0.0487609841939784
"ANGPTL8",1.24003674385392,2.9566866615023,1.211037023187,2.44145026526225,0.0146284031166896,0.0488380038921036
"CXCR1",127.556936612208,1.24924598921418,0.512302751190851,2.43849166593444,0.0147486987751147,0.0491365554949234
"DNAI2",3.01094692982908,2.34961487061,0.963592359354891,2.43839093139243,0.014752809911265,0.0491365554949234
"CPXM1",5.65579782939583,1.76714363882906,0.725435248378644,2.43597708104017,0.0148516254942361,0.049398339654332
"CAMTA1-DT",5.74340666635487,1.30846632877823,0.537443301118156,2.43461277879164,0.0149077334005773,0.0495664768684991
"ZNF382",7.01589898483192,-1.26299893022727,0.519139164620947,-2.43287160033371,0.0149796118280281,0.0497590904633827
"RNU5F-1",6.90740447717037,1.57318253981013,0.646894823505455,2.43189848279387,0.0150199164125568,0.0498743985419187
"P2RY6",38.426270872123,1.14814753565211,0.472150539656573,2.43174038620657,0.0150264734699209,0.049877602113221
"RRN3P2",6.68902307706812,-1.17454089779608,0.483003569859589,-2.43174372010859,0.0150263351702837,0.049877602113221
