"category","subcategory","ID","Description","GeneRatio","BgRatio","RichFactor","FoldEnrichment","zScore","pvalue","p.adjust","qvalue","geneID","Count"
"Human Diseases","Infectious disease: bacterial","hsa05132","Salmonella infection","111/2256","248/9382",0.44758064516129,1.86134823266987,7.73473271061695,3.68381153052922e-13,1.29301784721576e-10,1.29301784721576e-10,"RELA/NLRC4/RALA/MAP3K7/TAB3/BCL2/FBXO22/VPS33A/EXOC5/PODXL/ARL8A/MAPK11/TUBB2A/MAPK13/PAK1/TUBB6/IKBKB/VPS41/GAPDH/IKBKG/RAB9A/HSP90B1/TNFRSF10A/AKT2/RHOG/SKP1/MAP2K7/SNX9/MYC/DYNLT1/TCF7L1/ARPC5L/EXOC4/ACTB/NLRP3/RILP/BAX/EXOC2/CYTH2/ROCK2/ARF1/ELMO1/CYTH4/CTNNB1/SNX33/MAPK14/CYCS/FOS/PLEKHM1/IL1B/ARPC1B/VPS11/DYNC1H1/MYL5/ACTR10/IRAK4/TUBA4A/TUBB4B/RAC1/DYNLT3/MAPK1/FHOD1/MAP2K4/TLR2/DNM2/DYNC1LI1/KPNA4/TNF/ELMO2/RAB5B/ARL8B/TUBA1C/RHOB/RAB5C/BIRC3/RAB5A/DCTN6/FLNA/PIK3C3/ARF6/CD14/AKT1/IRAK1/CXCL8/PLEKHM2/RHOA/ACTG1/RAF1/HSP90AA1/MAPK12/VPS16/TLR4/RHOH/VPS18/EXOC7/NFKBIA/CYTH1/RIPK2/S100A10/MYD88/DYNC1I2/AHNAK/PFN1/IL6/TLR5/DYNLL1/TNFRSF10B/TNFSF10/MAP2K3/CSE1L/MYL9",111
"Human Diseases","Infectious disease: bacterial","hsa05152","Tuberculosis","80/2256","181/9382",0.441988950276243,1.83809411856902,6.405982850298,1.55995932574208e-09,2.73772861667734e-07,2.73772861667734e-07,"TGFB1/ATP6AP1/IL1A/RFX5/LAMP1/RELA/EEA1/CEBPB/BCL2/CASP9/HSPA9/MAPK11/IL23A/MAPK13/IFNGR1/APAF1/CD74/AKT2/ATP6V0C/SYK/CALM2/HLA-DPA1/NFYA/BAX/CREB1/CLEC7A/HLA-DMA/BCL10/MAPK14/FCGR1A/CYCS/IL1B/FCGR2B/BID/HLA-DPB1/ATP6V0B/HLA-DRA/SPHK1/IRAK4/MAPK1/TLR2/CALM3/CTSD/VDR/TNF/RAB5B/TCIRG1/IFNGR2/RAB5C/RAB5A/CYP27B1/PIK3C3/CD14/ATP6V0A2/IL10/AKT1/IRAK1/RHOA/SRC/PLK3/RFXAP/NFYB/RAF1/ITGAX/MAPK12/TLR4/FCER1G/PPP3CB/ATP6V1H/IRAK2/ATP6V0D1/RIPK2/MYD88/CASP10/MRC2/FCGR2C/FCGR3B/IFNB1/IL6/IL10RB",80
"Genetic Information Processing","Translation","hsa03013","Nucleocytoplasmic transport","54/2256","108/9382",0.5,2.07934397163121,6.3475979152432,3.80583868305823e-09,4.45283125917813e-07,4.45283125917813e-07,"NUP214/SNUPN/IPO8/UPF3B/NUP88/NCBP1/NUP133/PHAX/DDX39B/NXT1/XPO6/NUP98/UPF1/SUMO3/ALYREF/NUP107/SUMO1/THOC3/AHCTF1/NUP43/NXF1/PYM1/THOC2/NDC1/NCBP2/TNPO2/POM121C/NUP35/POM121/XPOT/KPNA4/XPO1/NUP153/IPO9/NUP50/DDX19B/KPNA2/RNPS1/CASC3/NUP42/NUP155/XPO5/NMD3/EEF1A2/RANGAP1/GLE1/RANBP2/NUP160/XPO7/THOC6/NUP37/NUP205/TPR/CSE1L",54
"Environmental Information Processing","Signal transduction","hsa04010","MAPK signaling pathway","115/2256","300/9382",0.383333333333333,1.59416371158392,5.88501005282748,1.5250869128647e-08,1.33826376603877e-06,1.33826376603877e-06,"TGFB1/IL1A/GADD45A/RELA/EREG/MAP3K7/IGF1R/PPM1B/SOS2/VEGFA/ARAF/MAP3K11/TAOK3/FGFR1/MET/DUSP7/PRKACB/PDGFB/IL1R1/STK3/MAPK11/RPS6KA1/MAPK13/PAK1/NR4A1/IKBKB/IKBKG/NRAS/AKT2/NLK/MAPKAPK2/MAP2K7/MAX/MYC/HGF/VEGFB/CDC25B/RASGRP3/DUSP6/RASGRP2/HSPB1/FLT3/DUSP8/ELK1/GADD45G/HSPA1B/MEF2C/EFNA4/MAPK14/FGF9/MAPKAPK5/FOS/IL1B/JUND/DAXX/CACNB3/CACNA2D3/MAP3K8/CACNA1E/MAP3K10/DUSP10/IRAK4/CSF1/MAP3K6/RAC1/HSPA1L/MAPK1/MAP2K4/RAC2/TNF/PAK2/ARRB2/PTPN7/RRAS2/SOS1/FLNA/MAP4K2/CD14/AKT1/IRAK1/DUSP4/MAPK7/DUSP3/NFKB2/RELB/RAPGEF2/MAPKAPK3/RAF1/NF1/IL1RAP/MAPK12/PDGFA/GNA12/TAOK1/CACNA1G/DUSP2/PPP3CB/CACNA1A/DDIT3/MAP4K3/HSPA8/MAPK8IP3/FLT1/MYD88/SRF/GADD45B/HSPA1A/TAOK2/TP53/CRKL/ATF4/ATF2/RPS6KA3/DUSP5/MAP2K3",115
"Human Diseases","Cardiovascular disease","hsa05417","Lipid and atherosclerosis","88/2256","216/9382",0.407407407407407,1.69428027318098,5.80821897686978,3.00578295163894e-08,2.11005963205054e-06,2.11005963205054e-06,"RXRB/CXCL1/ICAM1/RELA/OLR1/VAV3/MAP3K7/XBP1/BCL2/CD40/CASP9/CCL2/CXCL3/CCL3/MAPK11/MAPK13/ARHGEF1/IKBKB/IKBKG/HSP90B1/APAF1/IRF7/TNFRSF10A/NRAS/AKT2/MAP2K7/CCL5/CALM2/ATF6/NLRP3/BAX/CYBA/CXCL2/ROCK2/HSPA1B/MAPK14/CYCS/FOS/IL1B/BID/CASP6/IRAK4/CCL3L3/IKBKE/VAV2/MIB1/RAC1/HSPA1L/MAPK1/MAP2K4/TLR2/CALM3/TNF/ITPR1/TICAM1/EIF2S1/CD14/AKT1/IRAK1/MMP9/CXCL8/RHOA/SRC/NFE2L2/SOD2/ABCA1/PPARG/HSP90AA1/MAPK12/LYN/TLR4/NFKBIA/PPP3CB/DDIT3/HSPA8/MYD88/HSPA1A/LDLR/ERN1/TP53/IFNB1/IL6/MIB2/ATF4/TNFRSF10B/TNFSF10/MAP2K3/VAV1",88
"Human Diseases","Infectious disease: viral","hsa05167","Kaposi sarcoma-associated herpesvirus infection","81/2256","196/9382",0.413265306122449,1.71864144594008,5.72068826069134,5.07143538327455e-08,2.96678969921561e-06,2.96678969921561e-06,"CXCL1/MAP1LC3B/ATG3/ICAM1/RELA/MICB/CASP9/VEGFA/CXCL3/CSF2/PDGFB/E2F1/MAPK11/RB1/MAPK13/CCND1/IFNGR1/IKBKB/PIK3R6/IKBKG/IRF7/NRAS/AKT2/MAPKAPK2/MAP2K7/GNB2/MYC/SYK/CCR5/CALM2/HLA-B/TCF7L1/MAP1LC3A/BAX/HLA-E/HLA-A/CREB1/CXCL2/STAT2/MICA/CTNNB1/MAP1LC3B2/MAPK14/ITPR2/CYCS/FOS/TYK2/MTOR/HLA-C/BID/CDKN1A/IKBKE/RAC1/HLA-F/PTGS2/MAPK1/MAP2K4/CALM3/ITPR1/TICAM1/PIK3C3/AKT1/CD200R1/IRF9/CXCL8/CCR1/SRC/HIF1A/PIK3R5/RAF1/MAPK12/LYN/NFKBIA/PPP3CB/UBA52/CDK6/RCAN1/TP53/IFNB1/ZFP36/IL6",81
"Environmental Information Processing","Signal transduction","hsa04668","TNF signaling pathway","55/2256","119/9382",0.46218487394958,1.92208266285238,5.69558990666989,8.9901577403565e-08,4.50792195266447e-06,4.50792195266447e-06,"SOCS3/CXCL1/CCL20/ICAM1/RELA/BCL3/MAP3K7/TAB3/CEBPB/CCL2/CXCL3/CSF2/MAPK11/TNFAIP3/CYLD/MAPK13/CXCL5/IKBKB/IRF1/IKBKG/AKT2/TRAF1/MAP2K7/CCL5/RHBDF2/EDN1/CREB1/CXCL2/ADAM17/PGAM5/JAG1/MAPK14/FOS/IL1B/MAP3K8/CSF1/PTGS2/MAPK1/MAP2K4/BAG4/TNF/BIRC3/AKT1/MMP9/MAPK12/NFKBIA/CXCL6/DNM1L/CASP10/LIF/IFNB1/IL6/ATF4/ATF2/MAP2K3",55
"Cellular Processes","Transport and catabolism","hsa04148","Efferocytosis","67/2256","157/9382",0.426751592356688,1.77472670190179,5.50790410167049,1.71874835299193e-07,7.5410083987521e-06,7.5410083987521e-06,"TGFB1/SLC2A1/CEBPB/PPARD/VPS33A/DUSP7/ATP2A2/MAPK11/MAPK13/ADAM9/HAVCR2/NR1H2/VPS41/MAPKAPK2/PLA2G6/C1QC/RAB14/ODC1/DUSP8/CREB1/ADAM17/XKR8/MFGE8/ELMO1/MAPK14/P2RY6/VPS11/UQCRFS1/GAS6/SPHK1/PTPN6/ATP2A3/RAC1/SLC16A1/PTGS2/MAPK1/ADGRB1/SCARF1/SGK1/ALOX5/RAB5B/GPR132/RAB5C/RAB5A/IL10/C1QA/DUSP4/ANO9/PTGER4/S1PR1/HIF1A/ABCA1/PPARG/MAPK12/VPS16/VPS18/DUSP2/STAB1/ATP2A1/THBS1/TGFBRAP1/CRKL/AXL/LRP1/PTGER2/DUSP5/ANO6",67
"Human Diseases","Cancer: specific types","hsa05210","Colorectal cancer","43/2256","87/9382",0.494252873563218,2.05544346621016,5.56469174391413,2.22389582178614e-07,8.67319370496596e-06,8.67319370496596e-06,"TGFB1/GADD45A/EREG/RALA/BCL2/SOS2/CASP9/ARAF/RPS6KB2/CCND1/SMAD4/RALB/NRAS/AKT2/MSH2/MYC/MSH3/SMAD2/TCF7L1/BAX/GADD45G/CTNNB1/CYCS/POLK/FOS/APC/MTOR/APPL1/CDKN1A/RAC1/RALGDS/MAPK1/RAC2/SOS1/AKT1/BBC3/RHOA/SMAD3/RAF1/GADD45B/TP53/RPS6KB1/PMAIP1",43
"Cellular Processes","Cell growth and death","hsa04210","Apoptosis","60/2256","137/9382",0.437956204379562,1.82132318683025,5.44869020548388,2.54444301703771e-07,8.93099498980235e-06,8.93099498980235e-06,"PARP4/GADD45A/BCL2A1/RELA/CTSZ/BCL2/CASP9/CSF2RB/PARP2/PARP1/DFFB/IKBKB/IKBKG/APAF1/TNFRSF10A/NRAS/AKT2/TRAF1/DFFA/ACTB/BAX/GADD45G/MCL1/ITPR2/CYCS/FOS/DAXX/BID/LMNA/CASP6/HTRA2/AIFM1/TUBA4A/MAPK1/SPTAN1/CTSD/CASP2/TNF/ITPR1/CTSL/TUBA1C/BIRC3/ATM/PIDD1/EIF2S1/AKT1/BBC3/ACTG1/RAF1/NFKBIA/DDIT3/CASP10/GADD45B/ERN1/TP53/CTSB/ATF4/TNFRSF10B/TNFSF10/PMAIP1",60
"Organismal Systems","Immune system","hsa04621","NOD-like receptor signaling pathway","76/2256","187/9382",0.406417112299465,1.69016194485531,5.36373301106325,2.94402064151195e-07,9.39410222882448e-06,9.39410222882448e-06,"CXCL1/MAP1LC3B/GBP1/RELA/GPSM3/NLRC4/MAP3K7/TAB3/BCL2/TRIP6/CCL2/CXCL3/MAPK11/TNFAIP3/MAPK13/CARD8/IKBKB/IKBKG/IRF7/CCL5/NAMPT/NLRP1/NLRP3/MAP1LC3A/TRPM7/CYBA/GBP5/IFI16/CXCL2/STAT2/GBP2/NLRP6/GABARAPL1/MAP1LC3B2/MAPK14/ITPR2/BRCC3/RNASEL/TXNIP/IL1B/TYK2/MEFV/NFKBIB/SUGT1/VDAC2/IRAK4/IKBKE/MAPK1/GBP3/NEK7/TNF/ITPR1/NLRP12/TICAM1/BIRC3/NLRX1/IRF9/VDAC3/CXCL8/RHOA/HSP90AA1/SHARPIN/MAPK12/MFN2/ERBIN/TLR4/NFKBIA/RIPK2/AIM2/MYD88/DNM1L/DHX33/PRKCD/IFNB1/IL6/CTSB",76
"Cellular Processes","Cell growth and death","hsa04218","Cellular senescence","66/2256","157/9382",0.420382165605096,1.74823824366445,5.31958493387334,4.13883736600336e-07,1.01434016732955e-05,1.01434016732955e-05,"TGFB1/ZFP36L2/IL1A/RBBP4/GADD45A/RELA/E2F1/MAPK11/RB1/MAPK13/PTEN/CCND1/NRAS/AKT2/SQSTM1/MAPKAPK2/MYC/CALM2/HLA-B/SMAD2/LIN9/MRE11/PPP1CB/TRPM7/HLA-E/HLA-A/GADD45G/FOXO3/MAPK14/ZFP36L1/ITPR2/CHEK2/CCND2/MTOR/HLA-C/CDKN1A/VDAC2/CDKN2A/HLA-F/MAPK1/CALM3/ITPR1/CCNA1/RRAS2/ATM/HIPK3/CDK1/AKT1/VDAC3/CXCL8/RAD50/SMAD3/RAF1/RBL2/MAPK12/RASSF5/PPP3CB/PPP1CC/TRAF3IP2/CDK6/SERPINE1/GADD45B/FBXW11/TP53/IL6/MAP2K3",66
"Cellular Processes","Transport and catabolism","hsa04144","Endocytosis","95/2256","250/9382",0.38,1.58030141843972,5.23253198422584,4.39983601544691e-07,1.01434016732955e-05,1.01434016732955e-05,"SH3GL1/ARFGEF1/EHD4/WASHC5/SNX1/EEA1/CLTCL1/IGF1R/STAM2/ACAP3/PRKCI/VPS35/GRK6/CXCR1/PML/SH3GLB2/ACAP1/HGS/CBL/CCR5/HLA-B/SMAD2/RBSN/CAPZB/ARFGAP2/ARPC5L/VPS36/HLA-E/BIN1/HLA-A/ZFYVE27/RAB10/CYTH2/ARF1/EPN1/DNM1/STAMBP/HSPA1B/SNX4/CHMP1B/CYTH4/IL2RG/ASAP1/PDCD6IP/IST1/SMURF1/NEDD4L/HLA-C/ARPC1B/PLD2/PSD/ACAP2/HLA-F/HSPA1L/DNM2/IQSEC1/RAB5B/EPS15/ARRB2/WASHC3/VPS45/RAB11FIP3/CHMP1A/RAB5C/RAB5A/VPS37B/TFRC/CHMP7/ARF6/EPS15L1/SMURF2/SMAP2/SNX6/RHOA/SRC/RAB11B/SMAD3/GRK2/VTA1/ARF4/CLTB/RAB35/CYTH1/RAB11FIP4/HSPA8/VPS37C/CHMP2A/RABEP1/ARFGAP1/HSPA1A/LDLR/WASHC4/EHD1/GIT2/CHMP4B",95
"Human Diseases","Infectious disease: bacterial","hsa05134","Legionellosis","31/2256","56/9382",0.553571428571429,2.30213082573455,5.49885331492306,4.51316867575712e-07,1.01434016732955e-05,1.01434016732955e-05,"CXCL1/RELA/NLRC4/CASP9/CXCL3/HSF1/APAF1/CXCL2/ARF1/BCL2L13/HSPA1B/CYCS/IL1B/RAB1B/SAR1A/HSPA1L/TLR2/TNF/CD14/EEF1A2/CXCL8/NFKB2/TLR4/NFKBIA/HSPA8/MYD88/HSPA1A/VCP/RAB1A/IL6/TLR5",31
"Human Diseases","Infectious disease: parasitic","hsa05145","Toxoplasmosis","51/2256","112/9382",0.455357142857143,1.89368825987842,5.35335943405432,4.66735911199365e-07,1.01434016732955e-05,1.01434016732955e-05,"TGFB1/RELA/MAP3K7/BCL2/CD40/CASP9/MAPK11/MAPK13/IFNGR1/LAMB2/IKBKB/PIK3R6/IKBKG/AKT2/CCR5/HLA-DPA1/HLA-DMA/HSPA1B/GNAI3/MAPK14/CYCS/TYK2/HLA-DPB1/NFKBIB/HLA-DRA/IRAK4/HSPA1L/MAPK1/TLR2/PPIF/ALOX5/TNF/SOCS1/IFNGR2/BIRC3/IL10/AKT1/IRAK1/PIK3R5/MAPK12/TLR4/LAMA2/NFKBIA/HSPA8/LAMB1/MYD88/LAMB3/HSPA1A/LDLR/IL10RB/MAP2K3",51
"Human Diseases","Neurodegenerative disease","hsa05014","Amyotrophic lateral sclerosis","130/2256","368/9382",0.353260869565217,1.46910171908726,5.16539292771404,4.69331567017265e-07,1.01434016732955e-05,1.01434016732955e-05,"MAP1LC3B/NUP214/PSMC4/MT-CYB/PSMC6/XBP1/BCL2/CASP9/UBQLN4/NDUFS2/DNAH17/TOMM40L/NUP88/DERL1/MAPK11/HNRNPA3/ATP5F1A/FUS/UQCRC2/TUBB2A/MAPK13/NCBP1/HDAC6/NUP133/GPX1/TUBB6/APAF1/SQSTM1/MT-CO3/CHCHD10/PSMB2/NXT1/PSMC3/NUP98/SLC1A2/ATF6/NDUFB5/UQCR11/ALYREF/ACTB/MAP1LC3A/NUP107/BAX/WDR41/ATG2A/SRSF7/PSMB6/NUP43/MAP1LC3B2/MAPK14/ATXN2/CYCS/MT-ND2/NXF1/DAXX/ATP5F1D/MTOR/NDUFS7/NDC1/NDUFA8/BID/UQCRFS1/POM121C/HNRNPA2B1/ACTR10/TUBA4A/TUBB4B/RAC1/NUP35/POM121/MT-ND5/ADRM1/ATG101/NDUFA11/PSMA7/TNF/MT-CO1/HNRNPA1/NUP153/TARDBP/TUBA1C/NUP50/NDUFS1/GPX3/RAB5A/SETX/FIG4/DCTN6/EIF2S1/NUP155/MT-ND6/PIK3C3/NDUFB1/MT-ND4/SMCR8/ACTG1/GLE1/RANBP2/NUP160/ANXA11/MT-ATP8/DNAI2/MAPK12/TOMM40/MT-ND1/PPP3CB/PSMA1/PSMB4/DDIT3/PSMA6/MT-CO2/SDHD/SPG11/MT-ND3/MT-ATP6/NUP37/WIPI1/NUP205/VCP/PFN1/RAB1A/ERN1/TP53/SRSF3/TPR/ATF4/ULK1/NDUFV3/GRIN2C/MAP2K3",130
"Human Diseases","Infectious disease: viral","hsa05169","Epstein-Barr virus infection","81/2256","205/9382",0.395121951219512,1.6431888946549,5.23885415866096,4.91275864518587e-07,1.01434016732955e-05,1.01434016732955e-05,"HDAC2/ICAM1/PSMC4/GADD45A/RELA/PSMC6/MAP3K7/SAP30/BCL2/CD40/CASP9/SKP2/E2F1/MAPK11/RB1/ENTPD1/TNFAIP3/MAPK13/CCND1/IKBKB/IKBKG/APAF1/IRF7/AKT2/HES1/MAP2K7/NCOR2/MYC/SAP30L/SYK/PSMC3/HLA-B/HLA-DPA1/BAX/HLA-E/HLA-A/STAT2/GADD45G/HLA-DMA/TAPBP/MAPK14/CYCS/POLK/CCND2/TYK2/HLA-C/BID/HLA-DPB1/NFKBIB/JAK3/HLA-DRA/CDKN1A/IRAK4/IKBKE/RAC1/HLA-F/MAP2K4/TLR2/CDKN1B/ADRM1/TNF/TAP2/CCNA1/RBPJ/AKT1/IRAK1/IRF9/VIM/NFKB2/RELB/MAPK12/LYN/NFKBIE/NFKBIA/CDK6/MYD88/GADD45B/TP53/IFNB1/IL6/MAP2K3",81
"Cellular Processes","Cell growth and death","hsa04110","Cell cycle","66/2256","158/9382",0.417721518987342,1.73717344465392,5.25786928660502,5.46282879952681e-07,1.06525161590773e-05,1.06525161590773e-05,"TGFB1/HDAC2/GADD45A/PDS5A/SMC1A/ATRX/PCNA/YWHAQ/MCM3/ESPL1/SKP2/BUB3/E2F1/ANAPC1/RB1/ANAPC7/CCND1/DBF4/YWHAH/SMAD4/RAD21/HDAC8/ORC3/SKP1/MYC/MAD2L2/ORC4/SMAD2/CDC25B/MAU2/ANAPC16/CDC7/PPP2CA/GADD45G/DBF4B/PPP2CB/CHEK2/CCND2/TTK/PPP2R5D/CDKN1A/PPP2R5A/SMC3/YWHAZ/CDKN2A/CDKN1B/ANAPC2/CCNA1/FZR1/ATM/NIPBL/ZBTB17/CDK1/PRKDC/SMAD3/RBL2/WEE1/ORC5/CDK6/GADD45B/CDKN2D/TP53/CDC26/CDC23/NDC80/ORC2",66
"Human Diseases","Infectious disease: viral","hsa05168","Herpes simplex virus 1 infection","72/2256","180/9382",0.4,1.66347517730496,5.05697752988,1.22725319892227e-06,2.26718880432482e-05,2.26718880432482e-05,"SOCS3/TNFRSF14/RELA/MAP3K7/BCL2/CASP9/CCL2/CGAS/IFNGR1/IKBKB/PML/IKBKG/APAF1/IRF7/CD74/AKT2/CCL5/SYK/HLA-B/ALYREF/PPP1CB/HLA-DPA1/EIF2B4/BAX/HLA-E/HLA-A/STAT2/HLA-DMA/SRSF7/HCFC1/TAPBP/SRSF2/CYCS/RNASEL/NXF1/IL1B/HCFC2/DAXX/TYK2/MTOR/HLA-C/SRSF5/BID/HLA-DPB1/EIF2B3/HLA-DRA/IRAK4/IKBKE/HLA-F/TLR2/TNF/TAP2/SRSF1/TICAM1/IFNGR2/BIRC3/EIF2S1/AKT1/IRAK1/IRF9/SRC/NECTIN2/ZC3HAV1/NFKBIA/PPP1CC/SRSF6/MYD88/TP53/SRSF3/IFNB1/IL6/SRSF9",72
"Human Diseases","Infectious disease: viral","hsa05161","Hepatitis B","66/2256","163/9382",0.404907975460123,1.6838859156768,4.95572000535538,2.04924122914262e-06,3.5964183571453e-05,3.5964183571453e-05,"TGFB1/ATP6AP1/RELA/DDX3X/EGR2/MAP3K7/BCL2/SOS2/CASP9/ARAF/PCNA/YWHAQ/E2F1/MAPK11/RB1/MAPK13/SMAD4/IKBKB/IKBKG/APAF1/IRF7/NRAS/AKT2/MAP2K7/MYC/BAX/CREB1/ELK1/STAT2/MAPK14/CYCS/FOS/TYK2/BID/JAK3/CDKN1A/IRAK4/EGR3/YWHAZ/IKBKE/MAPK1/MAP2K4/TLR2/TNF/CCNA1/TICAM1/SOS1/AKT1/IRAK1/MMP9/VDAC3/CXCL8/SRC/SMAD3/RAF1/MAPK12/TLR4/NFKBIA/MYD88/CASP10/TP53/IFNB1/IL6/ATF4/ATF2/MAP2K3",66
"Organismal Systems","Immune system","hsa04625","C-type lectin receptor signaling pathway","47/2256","105/9382",0.447619047619048,1.86150793650794,4.99483746441287,2.36951711703982e-06,3.96047860990942e-05,3.96047860990942e-05,"CLEC1B/RELA/EGR2/BCL3/MAPK11/IL23A/CYLD/MAPK13/PAK1/IKBKB/IRF1/IKBKG/NRAS/AKT2/MAPKAPK2/SYK/CALM2/NLRP3/STAT2/CLEC7A/BCL10/MAPK14/ITPR2/IL1B/EGR3/IKBKE/PTGS2/MAPK1/CALM3/TNF/ITPR1/RRAS2/IL10/AKT1/IRF9/RHOA/NFKB2/SRC/PLK3/RELB/RAF1/MAPK12/FCER1G/NFKBIA/PPP3CB/PRKCD/IL6",47
"Human Diseases","Cancer: specific types","hsa05221","Acute myeloid leukemia","34/2256","68/9382",0.5,2.07934397163121,5.02594135136161,2.91414354525187e-06,4.64938356537911e-05,4.64938356537911e-05,"BCL2A1/RELA/PPARD/PIM1/SOS2/ARAF/CSF2/RPS6KB2/CCND1/IKBKB/PML/IKBKG/NRAS/SPI1/AKT2/MYC/TCF7L1/DUSP6/FLT3/RUNX1/FCGR1A/MTOR/CEBPA/CEBPE/MAPK1/PER2/CCNA1/SOS1/CD14/AKT1/RAF1/RARA/ZBTB16/RPS6KB1",34
"Genetic Information Processing","Chromosome","hsa03083","Polycomb repressive complex","39/2256","83/9382",0.469879518072289,1.95408228659318,4.91222172846206,3.99717397197266e-06,6.10003506157566e-05,6.10003506157566e-05,"HDAC2/RBBP4/PCGF6/UBE2D3/MTF2/UBE2D2/SCML1/PHF19/RING1/AUTS2/RNF2/MGA/BAP1/ASXL2/DCAF7/SKP1/MAX/FBRSL1/JARID2/SUZ12/EZH2/L3MBTL2/HCFC1/PHF1/TEX10/EPOP/CBX8/USP16/SFMBT2/FOXK2/RYBP/BCORL1/CBX6/E2F6/ASXL1/USP45/FBRS/WDR5B/PCGF3",39
"Genetic Information Processing","Chromosome","hsa03082","ATP-dependent chromatin remodeling","50/2256","117/9382",0.427350427350427,1.77721706977026,4.75974576342214,5.8677973125969e-06,8.5632978375478e-05,8.5632978375478e-05,"H2AJ/HDAC2/RBBP4/MORF4L2/CHRAC1/VPS72/UCHL5/KAT5/BAZ1B/MEAF6/BRD9/DPF2/BRD7/ACTR6/ARID1A/BICRAL/ACTB/PBRM1/H2AZ2/CECR2/H2AC6/ACTR8/GATAD2A/CHD3/SMARCA4/BRD8/MCRS1/ARID1B/EP400/BAZ1A/INO80C/ING3/SMARCC2/BCL7A/GATAD2B/BPTF/SMARCA2/YEATS4/PHF6/NFRKB/BICRA/ACTG1/ACTL6A/TRRAP/SRCAP/SMARCD2/MTA1/BCL7B/MACROH2A1/SMARCD1",50
"Organismal Systems","Development and regeneration","hsa04380","Osteoclast differentiation","58/2256","142/9382",0.408450704225352,1.69861901907901,4.71975872333708,6.09921498400841e-06,8.5632978375478e-05,8.5632978375478e-05,"TGFB1/SOCS3/IL1A/RELA/MAP3K7/OSCAR/IL1R1/ATP2A2/MAPK11/CYLD/MAPK13/IFNGR1/IKBKB/IKBKG/SPI1/AKT2/SQSTM1/MAP2K7/SYK/TMEM64/LILRA1/FOSL2/CYBA/CREB1/STAT2/FOSL1/MAPK14/ITPR2/FCGR1A/FOS/IL1B/JUND/FCGR2B/TYK2/CSF1/ATP2A3/RAC1/MAPK1/TNF/ITPR1/LILRB2/LCP2/SOCS1/IFNGR2/AKT1/IRF9/NFKB2/RELB/PPARG/MAPK12/NFKBIA/PPP3CB/LILRB4/GAB2/FCGR2C/FCGR3B/ATP2A1/IFNB1",58
"Human Diseases","Cancer: overview","hsa05202","Transcriptional misregulation in cancer","76/2256","201/9382",0.378109452736318,1.57243922232808,4.61587059215834,7.62539030698757e-06,0.000102942769144332,0.000102942769144332,"RXRB/HDAC2/GADD45A/BCL2A1/RELA/CEBPB/IGF1R/CD40/MET/DOT1L/CSF2/FUS/KMT2A/TFE3/PML/HHEX/SPI1/TRAF1/MAX/REL/MYC/BAIAP3/NCOR1/DUSP6/MAF/ID2/FLT3/BAX/GADD45G/H3-3B/RUNX1/PLAU/MEF2C/FCGR1A/POLK/CCND2/EWSR1/CEBPA/BCL6/NFKBIZ/SP1/CDKN1A/H3-3A/LDB1/CEBPE/CDKN1B/CCNT1/PER2/CCNA1/DDX5/BIRC3/ATM/JMJD1C/CDK9/IL1R2/ZBTB17/AFF1/ATF1/MLLT1/CD14/MMP9/ZEB1/CXCL8/NR4A3/PPARG/ASPSCR1/RARA/PDGFA/DDIT3/FLT1/ITGB7/GADD45B/TP53/ZBTB16/FLI1/IL6",76
"Organismal Systems","Immune system","hsa04657","IL-17 signaling pathway","42/2256","94/9382",0.446808510638298,1.85813716613852,4.7046870701323,8.51382355686245e-06,0.000109665642435409,0.000109665642435409,"CXCL1/CCL20/RELA/MAP3K7/TAB3/CEBPB/CCL2/CXCL3/CSF3/CSF2/MAPK11/TNFAIP3/MAPK13/CXCL5/IKBKB/IKBKG/HSP90B1/CCL7/CXCL2/LCN2/MAPK6/FOSL1/MAPK14/FOS/IL1B/JUND/TRAF4/IL17RB/IKBKE/PTGS2/MAPK1/TNF/SRSF1/MAPK7/MMP9/CXCL8/HSP90AA1/MAPK12/NFKBIA/CXCL6/TRAF3IP2/IL6",42
"Cellular Processes","Transport and catabolism","hsa04140","Autophagy - animal","66/2256","169/9382",0.390532544378698,1.62410298375928,4.60649158612056,8.74825637661384e-06,0.000109665642435409,0.000109665642435409,"MAP1LC3B/ATG3/LAMP1/MAP3K7/IGF1R/BCL2/VPS33A/MTMR14/AKT1S1/ATG4C/PRKACB/RPS6KB2/PTEN/VPS41/DDIT4/NRAS/AKT2/SQSTM1/STX7/ATG4D/PRKAA1/MAP1LC3A/RAB33B/BIRC6/PPP2CA/RRAGD/WDR41/ATG2A/SUPT20H/GABARAPL1/MAP1LC3B2/PPP2CB/PLEKHM1/YKT6/ZFYVE1/MTOR/VPS11/MAPK1/TP53INP2/ATG101/CTSD/ITPR1/CTSL/RRAS2/EIF2S1/GORASP1/PIK3C3/AKT1/NBR1/SMCR8/HIF1A/RAF1/EPG5/VPS16/VPS18/WDR45B/UBA52/STX17/GORASP2/WIPI1/RAB1A/ERN1/PRKCD/CTSB/RPS6KB1/ULK1",66
"Human Diseases","Cancer: specific types","hsa05212","Pancreatic cancer","36/2256","77/9382",0.467532467532468,1.944321635811,4.68142770094827,1.07274024722708e-05,0.000128470249924731,0.000128470249924731,"TGFB1/GADD45A/RELA/RALA/CASP9/VEGFA/ARAF/E2F1/RPS6KB2/RB1/CCND1/SMAD4/IKBKB/ARHGEF6/RALB/IKBKG/AKT2/SMAD2/BAX/GADD45G/POLK/MTOR/PLD2/CDKN1A/CDKN2A/RAC1/RALGDS/MAPK1/RAC2/AKT1/SMAD3/RAF1/CDK6/GADD45B/TP53/RPS6KB1",36
"Human Diseases","Infectious disease: bacterial","hsa05131","Shigellosis","91/2256","253/9382",0.359683794466403,1.49581265943431,4.49818667750768,1.098036324143e-05,0.000128470249924731,0.000128470249924731,"MAP1LC3B/RELA/UBE2D3/NLRC4/MAP3K7/TAB3/BCL2/UBE2D2/ARHGEF2/WASF1/AKT1S1/CSF2/CGAS/IL1R1/RPS6KB2/MAPK11/MAPK13/IKBKB/HK3/IKBKG/AKT2/SQSTM1/SKP1/CCL5/HK1/ARPC5L/ACTB/NLRP3/MAP1LC3A/TLN2/BAX/CYTH2/RRAGD/H3-3B/ROCK2/ARF1/PLCD1/ELMO1/CYTH4/BCL10/MAP1LC3B2/FOXO3/MAPK14/ITPR2/CYCS/UBE2V2/IL1B/MTOR/ARPC1B/NFKBIB/MYL5/H3-3A/RAC1/MAPK1/U2AF1L4/PLCD3/TNF/ITPR1/ELMO2/ATM/FNBP1/PIK3C3/ARF6/CD14/AKT1/ACTN4/CXCL8/RHOA/ACTG1/VCL/SRC/SHARPIN/MAPK12/ACTN1/TLR4/CAPNS1/NFKBIA/UBA52/CYTH1/RIPK2/MYD88/FBXW11/WIPI1/PFN1/TP53/PRKCD/IFNB1/CRKL/TLR5/RPS6KB1/MYL9",91
"Human Diseases","Infectious disease: viral","hsa05166","Human T-cell leukemia virus 1 infection","82/2256","224/9382",0.366071428571429,1.52237683637285,4.45224245987185,1.40791647221962e-05,0.000159412477983576,0.000159412477983576,"TGFB1/ICAM1/RELA/EGR2/SLC2A1/CD40/KAT5/ADCY3/CSF2/ESPL1/PRKACB/BUB3/IL1R1/E2F1/ANAPC1/RB1/ANAPC7/PTEN/CCND1/SMAD4/IKBKB/IKBKG/NRAS/SPI1/AKT2/ETS2/TBPL1/MYC/HLA-B/SMAD2/TLN2/HLA-DPA1/BAX/HLA-E/ANAPC16/HLA-A/CREB1/ELK1/HLA-DMA/FOSL1/IL2RG/CHEK2/CCND2/FOS/HLA-C/HLA-DPB1/JAK3/HLA-DRA/CDKN1A/VDAC2/CDKN2A/HLA-F/MAPK1/CANX/MAP2K4/ANAPC2/XPO1/TNF/VAC14/CCNA1/ATM/IL1R2/POLB/AKT1/VDAC3/NFKB2/RELB/SMAD3/TRRAP/NFYB/EGR1/NFKBIA/PPP3CB/SRF/TP53/CDC26/CRTC2/ZFP36/CDC23/IL6/ATF4/ATF2",82
"Environmental Information Processing","Signal transduction","hsa04064","NF-kappa B signaling pathway","45/2256","105/9382",0.428571428571429,1.78229483282675,4.53557695017665,1.55000213455593e-05,0.000170015859134103,0.000170015859134103,"CXCL1/ICAM1/GADD45A/BCL2A1/RELA/MAP3K7/TAB3/BCL2/CD40/CXCL3/IL1R1/PARP1/TNFAIP3/CYLD/TRIM25/CCL4L2/IKBKB/IKBKG/TRAF1/SYK/CXCL2/GADD45G/PLAU/BCL10/IL1B/LTB/IRAK4/PTGS2/TNF/TICAM1/BIRC3/ATM/PIDD1/CD14/IRAK1/CXCL8/NFKB2/RELB/LYN/TLR4/NFKBIA/CCL4/CSNK2A1/MYD88/GADD45B",45
"Organismal Systems","Immune system","hsa04620","Toll-like receptor signaling pathway","46/2256","109/9382",0.422018348623853,1.75504261825753,4.46113937521225,2.02564872270614e-05,0.00021545536414238,0.00021545536414238,"CD80/RELA/MAP3K7/CD40/CCL3/SPP1/MAPK11/MAPK13/CCL4L2/IKBKB/IKBKG/IRF7/AKT2/MAP2K7/IRF5/CCL5/STAT2/MAPK14/FOS/IL1B/TYK2/MAP3K8/IRAK4/CCL3L3/IKBKE/RAC1/MAPK1/MAP2K4/TLR2/TNF/TICAM1/CD14/AKT1/IRAK1/IRF9/CXCL8/TLR8/MAPK12/TLR4/NFKBIA/CCL4/MYD88/IFNB1/IL6/TLR5/MAP2K3",46
"Cellular Processes","Transport and catabolism","hsa04142","Lysosome biogenesis","89/2256","250/9382",0.356,1.48049290780142,4.33256653934197,2.15950067640264e-05,0.000222936687475684,0.000222936687475684,"CD63/ATP6AP1/LAMP1/LAPTM4A/GGA2/SLC38A9/GNPTG/CTSZ/CLTCL1/ATP6V1A/VPS33A/GUSB/IDS/GPR155/AKT1S1/NEU1/NPC2/AP4E1/ARL8A/VPS35/LAMP3/MCOLN1/SLC15A3/AP1G2/LITAF/TFE3/SNAPIN/VPS41/OSBPL1A/ATP6V0C/AP5B1/BLOC1S6/TFEB/DMXL1/IDUA/RRAGD/CLN8/PLEKHM1/BLOC1S5/MTOR/CTSA/VPS11/ATP6V1F/ATP6V0B/BORCS6/AP1G1/HEXA/CLCN7/OSBPL5/TTI1/SLC29A3/TELO2/CTSD/WDR7/CTSL/ARL8B/TCIRG1/GGA1/FIG4/LAPTM5/ATP6V0A2/SGSH/AP3M1/AP5M1/ENTPD4/TLR8/OSBPL2/SLC15A4/VPS16/MFSD8/GNPTAB/VPS18/SLC11A1/CLTB/ATP6V1H/TMEM175/ATP6V0D1/AP3S2/NCOA7/SLC11A2/STX17/AP5Z1/SPG11/MANBA/VPS13C/SLC2A6/CTSB/DNASE2/ABCA2",89
"Human Diseases","Infectious disease: viral","hsa05163","Human cytomegalovirus infection","82/2256","227/9382",0.361233480176211,1.50225731871153,4.31003934537774,2.46999468060554e-05,0.000247705180826441,0.000247705180826441,"RELA/SOS2/CASP9/VEGFA/CCL2/CCL3/ADCY3/PRKACB/CGAS/IL1R1/E2F1/RPS6KB2/MAPK11/RB1/MAPK13/CCND1/ARHGEF1/CCL4L2/IKBKB/IKBKG/NRAS/AKT2/GNB2/MYC/CCL5/CCR5/CALM2/HLA-B/BAX/HLA-E/HLA-A/CREB1/ELK1/ROCK2/TAPBP/CTNNB1/GNAI3/MAPK14/ITPR2/CYCS/IL1B/MTOR/HLA-C/BID/GNA13/SP1/CDKN1A/CCL3L3/CDKN2A/RAC1/HLA-F/PTGS2/MAPK1/CALM3/RAC2/TNF/ITPR1/TAP2/SOS1/AKT1/CXCL8/RHOA/CCR1/SRC/PTGER4/RAF1/MAPK12/GNA12/NFKBIA/PPP3CB/CCL4/PTGER3/CDK6/TP53/IFNB1/IL6/CRKL/ATF4/ATF2/RPS6KB1/IL10RB/PTGER2",82
"Human Diseases","Immune disease","hsa05323","Rheumatoid arthritis","41/2256","95/9382",0.431578947368421,1.79480216498694,4.38080909332546,2.99503986149191e-05,0.000285785100315314,0.000285785100315314,"TGFB1/CXCL1/CD80/ATP6AP1/IL1A/CCL20/ICAM1/ATP6V1A/VEGFA/CCL2/CXCL3/CCL3/CSF2/IL23A/CXCL5/ATP6V0C/CCL5/HLA-DPA1/CXCL2/HLA-DMA/FOS/IL1B/LTB/HLA-DPB1/ATP6V1F/ATP6V0B/HLA-DRA/CSF1/CCL3L3/TLR2/TNF/CTSL/TCIRG1/ATP6V0A2/CXCL8/TLR4/ATP6V1H/ATP6V0D1/CXCL6/FLT1/IL6",41
"Human Diseases","Cancer: specific types","hsa05220","Chronic myeloid leukemia","35/2256","77/9382",0.454545454545455,1.89031270148291,4.41368108615739,3.01254949050331e-05,0.000285785100315314,0.000285785100315314,"TGFB1/HDAC2/GADD45A/RELA/SOS2/ARAF/SHC1/E2F1/RB1/CCND1/SMAD4/IKBKB/IKBKG/NRAS/AKT2/MYC/CBL/BAX/GADD45G/RUNX1/POLK/CDKN1A/CDKN2A/MAPK1/CDKN1B/SOS1/AKT1/SMAD3/RAF1/NFKBIA/GAB2/CDK6/GADD45B/TP53/CRKL",35
"Cellular Processes","Cell growth and death","hsa04115","p53 signaling pathway","34/2256","75/9382",0.453333333333333,1.88527186761229,4.33085501191608,4.17157379676233e-05,0.000379313519576518,0.000379313519576518,"GADD45A/RRM2/BCL2/CASP9/PTEN/CCND1/APAF1/TNFRSF10A/ZNF385A/BAX/GADD45G/CYCS/CHEK2/CCND2/SESN3/BID/CDKN1A/CDKN2A/ADGRB1/SESN2/CD82/TP53I3/ATM/PIDD1/CDK1/BBC3/RCHY1/CDK6/SERPINE1/GADD45B/THBS1/TP53/TNFRSF10B/PMAIP1",34
"Human Diseases","Infectious disease: parasitic","hsa05140","Leishmaniasis","35/2256","78/9382",0.448717948717949,1.86607792325877,4.32156078027074,4.21459466196132e-05,0.000379313519576518,0.000379313519576518,"TGFB1/IL1A/RELA/MAP3K7/MAPK11/MAPK13/IFNGR1/MARCKSL1/HLA-DPA1/CYBA/ELK1/HLA-DMA/MAPK14/FCGR1A/FOS/IL1B/HLA-DPB1/NFKBIB/HLA-DRA/IRAK4/PTPN6/PTGS2/MAPK1/TLR2/TNF/IFNGR2/IL10/IRAK1/EEF1A2/MAPK12/TLR4/NFKBIA/MYD88/FCGR2C/FCGR3B",35
"Genetic Information Processing","Translation","hsa03015","mRNA surveillance pathway","43/2256","103/9382",0.41747572815534,1.73615127728431,4.22674747201177,5.09105597113839e-05,0.000442343870745047,0.000442343870745047,"GSPT2/PPP2R2D/SMG1/CPSF3/PABPC4/UPF3B/ETF1/CSTF2/FUS/PAPOLA/NCBP1/DDX39B/CSTF1/NXT1/PPP2R3A/UPF1/PCF11/ALYREF/PPP1CB/PABPN1/CSTF3/NUDT21/PPP2CA/PPP2CB/NXF1/PABPN1L/PYM1/PABPC1/NCBP2/PPP2R5D/SSU72/PPP2R5A/CPSF2/TARDBP/DDX19B/RNPS1/CASC3/DAZAP1/GLE1/GSPT1/PPP1CC/PAPOLG/RNMT",43
"Human Diseases","Cancer: overview","hsa05205","Proteoglycans in cancer","74/2256","204/9382",0.362745098039216,1.50854366569323,4.13181162172804,5.16697968676551e-05,0.000442343870745047,0.000442343870745047,"TGFB1/CD63/VAV3/IGF1R/SOS2/VEGFA/ARAF/FGFR1/EZR/MET/PRKACB/RPS6KB2/MAPK11/MAPK13/PAK1/CCND1/FZD2/ARHGEF1/NRAS/AKT2/WNT5A/MYC/HGF/CBL/SMAD2/ACTB/PPP1CB/ELK1/VTN/ROCK2/PLAU/CTNNB1/MAPK14/ITPR2/MTOR/FZD7/CDKN1A/HBEGF/TWIST2/PTPN6/VAV2/RAC1/MAPK1/PPP1R12C/SDC4/TLR2/TNF/ITPR1/CTSL/RRAS2/DDX5/SDC2/SOS1/FLNA/PPP1R12A/AKT1/MMP9/RHOA/ACTG1/SRC/HIF1A/PLAUR/RAF1/MAPK12/TLR4/FZD4/PPP1CC/RDX/GAB1/THBS1/TP53/RPS6KB1/VAV1/WNT5B",74
"Human Diseases","Cancer: overview","hsa05203","Viral carcinogenesis","74/2256","205/9382",0.360975609756098,1.50118491610448,4.0822139558253,6.21605024045495e-05,0.000519484198666592,0.000519484198666592,"HDAC2/RELA/DDX3X/EGR2/GTF2A1/PKM/YWHAQ/PRKACB/SKP2/RB1/GTF2E1/HDAC6/CCND1/HNRNPK/YWHAH/HDAC4/IKBKG/IRF7/HDAC8/NRAS/TRAF1/MAPKAPK2/REL/TBPL1/SYK/CCR5/HLA-B/GTF2H3/BAX/HLA-E/DNAJA3/HLA-A/CREB1/GTF2H2C/CCND2/MRPS18B/GTF2E2/H2BC21/HLA-C/JAK3/CDKN1A/GTF2H1/EGR3/YWHAZ/CDKN2A/H2BC18/RAC1/HLA-F/MAPK1/CDKN1B/VAC14/CCNA1/RBPJ/POLB/CDK1/IRF9/ACTN4/VDAC3/RHOA/NFKB2/SRC/RBL2/LYN/ACTN1/NFKBIA/ATP6V0D1/H2BC4/CDK6/H2BC12/SRF/TP53/ATF4/ATF2/PMAIP1",74
"Cellular Processes","Transport and catabolism","hsa04137","Mitophagy - animal","43/2256","105/9382",0.40952380952381,1.70308172914556,4.07631643594043,8.72618736346679e-05,0.000712300410366708,0.000712300410366707,"MAP1LC3B/RELA/HUWE1/TOMM40L/E2F1/TFE3/NRAS/SQSTM1/SAMM50/RHOT2/MAP1LC3A/TFEB/BCL2L13/PGAM5/GABARAPL1/MAP1LC3B2/FOXO3/SMURF1/ARIH1/SP1/RHOT1/RAB5B/RRAS2/RAB5C/RAB5A/EIF2S1/NLRX1/SMURF2/RABGEF1/NBR1/SRC/HIF1A/MON1A/MFN2/TOMM40/UBA52/CSNK2A1/MTX1/VCP/TP53/CITED2/ATF4/ULK1",43
"Human Diseases","Endocrine and metabolic disease","hsa04936","Alcoholic liver disease","55/2256","144/9382",0.381944444444444,1.58838775610717,4.00338263026434,9.73157256740746e-05,0.00077631408435455,0.00077631408435455,"CXCL1/RELA/MAP3K7/TAB3/PPARA/CXCL3/ADH5/ACADM/MAPK11/MAPK13/CCND1/MLYCD/IKBKB/IKBKG/ADIPOR2/AKT2/C2/MAP2K7/PRKAA1/TCF7L1/ALDH3A2/C1QC/C3AR1/CXCL2/ADIPOR1/CTNNB1/FOXO3/MAPK14/ALDH9A1/IL1B/IRAK4/IKBKE/MAP2K4/ACADVL/TNF/FASN/TICAM1/CD14/AKT1/C1QA/IRAK1/CXCL8/C5AR1/ALDH1B1/MAPK12/TLR4/ACOX1/NFKBIA/ALDH2/MYD88/LPIN1/SREBF1/IFNB1/IL6/MAP2K3",55
"Human Diseases","Infectious disease: bacterial","hsa05135","Yersinia infection","53/2256","138/9382",0.384057971014493,1.5971772535718,3.97634482112215,0.000109391979341328,0.000839896644036892,0.000839896644036893,"RELA/NLRC4/VAV3/MAP3K7/CCL2/MAPK11/RPS6KA1/MAPK13/ARHGEF1/IKBKB/IKBKG/AKT2/RHOG/MAP2K7/ARPC5L/ACTB/NLRP3/ROCK2/ELMO1/MAPK14/FOS/IL1B/ARPC1B/MEFV/IRAK4/VAV2/RAC1/MAPK1/MAP2K4/RAC2/TNF/ELMO2/LCP2/TICAM1/ARF6/IL10/AKT1/IRAK1/CXCL8/RHOA/ACTG1/SRC/MAPK12/TLR4/NFKBIA/MYD88/IFNB1/IL6/CRKL/RPS6KA3/GIT2/MAP2K3/VAV1",53
"Human Diseases","Infectious disease: bacterial","hsa05133","Pertussis","34/2256","78/9382",0.435897435897436,1.81276141116567,4.05552173064869,0.000110071924859536,0.000839896644036892,0.000839896644036893,"IL1A/RELA/MAPK11/IL23A/MAPK13/CXCL5/IRF1/CFL1/C2/SERPING1/CALM2/C1QC/NLRP3/GNAI3/MAPK14/FOS/IL1B/CFL2/IRAK4/MAPK1/CALM3/TNF/TICAM1/CD14/IL10/C1QA/IRAK1/CXCL8/RHOA/MAPK12/TLR4/CXCL6/MYD88/IL6",34
"Human Diseases","Infectious disease: parasitic","hsa05142","Chagas disease","42/2256","103/9382",0.407766990291262,1.69577566618467,3.99492350129765,0.000117809580258475,0.000879811971717547,0.000879811971717547,"TGFB1/RELA/PPP2R2D/CCL2/CCL3/MAPK11/MAPK13/IFNGR1/IKBKB/IKBKG/AKT2/ACE/CCL5/SMAD2/C1QC/PPP2CA/GNA15/GNAI3/MAPK14/PPP2CB/FOS/IL1B/IRAK4/CCL3L3/MAPK1/MAP2K4/TLR2/TNF/TICAM1/IFNGR2/IL10/AKT1/C1QA/IRAK1/CXCL8/MAPK12/TLR4/NFKBIA/MYD88/SERPINE1/IFNB1/IL6",42
"Cellular Processes","Transport and catabolism","hsa04145","Phagosome","58/2256","155/9382",0.374193548387097,1.556154198124,3.92827619540628,0.000123376378548663,0.000902189768137095,0.000902189768137095,"ATP6AP1/LAMP1/EEA1/OLR1/ATP6V1A/FCAR/TUBB2A/TUBB6/HGS/STX7/ATP6V0C/HLA-B/ACTB/HLA-DPA1/RILP/HLA-E/CYBA/HLA-A/CLEC7A/HLA-DMA/MSR1/FCGR1A/FCGR2B/HLA-C/DYNC1H1/HLA-DPB1/ATP6V1F/ATP6V0B/HLA-DRA/TUBA4A/TUBB4B/RAC1/HLA-F/CANX/TLR2/DYNC1LI1/RAB5B/TAP2/CTSL/TUBA1C/TCIRG1/RAB5C/RAB5A/TFRC/PIK3C3/CD14/ATP6V0A2/ACTG1/SEC61A1/TLR4/ATP6V1H/ATP6V0D1/COLEC12/DYNC1I2/MRC2/FCGR2C/FCGR3B/THBS1",58
"Human Diseases","Infectious disease: bacterial","hsa05120","Epithelial cell signaling in Helicobacter pylori infection","31/2256","71/9382",0.436619718309859,1.81576515832584,3.88210582674236,0.000210310308744853,0.00150245760658892,0.00150245760658892,"CXCL1/ATP6AP1/RELA/ATP6V1A/CXCL3/MET/MAPK11/MAPK13/PAK1/CXCR1/IKBKB/IKBKG/ATP6V0C/CCL5/CXCL2/ADAM17/MAPK14/ATP6V1F/ATP6V0B/HBEGF/RAC1/MAP2K4/TCIRG1/ATP6V0A2/CXCL8/SRC/MAPK12/LYN/NFKBIA/ATP6V1H/ATP6V0D1",31
"Human Diseases","Drug resistance: antineoplastic","hsa01522","Endocrine resistance","40/2256","99/9382",0.404040404040404,1.6802779568737,3.82852094525282,0.000214025300083891,0.00150245760658892,0.00150245760658892,"IGF1R/BCL2/SOS2/ARAF/SHC1/ADCY3/PRKACB/E2F1/RPS6KB2/MAPK11/RB1/MAPK13/CCND1/NRAS/AKT2/NCOR1/NOTCH4/NOTCH1/BAX/JAG1/MAPK14/FOS/MTOR/SP1/CDKN1A/CYP2D7/HBEGF/CDKN2A/MAPK1/CDKN1B/SOS1/AKT1/MMP9/SRC/DLL1/RAF1/MAPK12/JAG2/TP53/RPS6KB1",40
"Cellular Processes","Cell growth and death","hsa04216","Ferroptosis","21/2256","42/9382",0.5,2.07934397163121,3.94441211422556,0.000228964298499136,0.00153900411719431,0.00153900411719431,"MAP1LC3B/FTH1/SLC40A1/NCOA4/SLC3A2/ACSL1/MAP1LC3A/MAP1LC3B2/SLC39A8/VDAC2/FTL/PRNP/SAT1/TFRC/SAT2/VDAC3/SLC7A11/SLC11A2/CP/TP53/GPX4",21
"Genetic Information Processing","Folding, sorting and degradation","hsa04141","Protein processing in endoplasmic reticulum","63/2256","175/9382",0.36,1.49712765957447,3.73507293579182,0.000231752142626922,0.00153900411719431,0.00153900411719431,"MAN1C1/SELENOS/UBE2D3/CKAP4/XBP1/BCL2/UBE2D2/OS9/UBQLN4/PRKCSH/DERL1/UBXN1/DNAJB11/NSFL1C/HSP90B1/PPP1R15A/SKP1/MAP2K7/EDEM3/HSPH1/ATF6/DNAJB2/BAX/EDEM1/STT3A/HSPA1B/DNAJB12/SAR1A/STUB1/UBE4B/SSR4/UFD1/RAD23A/HSPA1L/CANX/SEL1L/HYOU1/SEC31B/NGLY1/EIF2S1/MBTPS2/OSTC/PREB/NFE2L2/SEC61A1/HSP90AA1/PDIA4/SEC24D/RNF185/DDIT3/UGGT1/HSPA8/ERLEC1/UBE2G2/SSR3/SEC23A/UBE2J1/HSPA1A/VCP/ERN1/SSR1/MARCHF6/ATF4",63
"Cellular Processes","Cellular community - eukaryotes","hsa04520","Adherens junction","38/2256","93/9382",0.408602150537634,1.69924883703195,3.81293983221233,0.000232385237069226,0.00153900411719431,0.00153900411719431,"MAP3K7/IGF1R/WASF1/FGFR1/MET/SMAD4/SNAI1/NLK/TCF7L1/ACTB/NECTIN4/ROCK2/CTNNB1/SMURF1/MYL5/AFDN/PTPN1/PTPN6/RAC1/MAPK1/HEG1/RAC2/CTNND1/PDCD10/SMURF2/ACTN4/RHOA/ACTG1/VCL/SRC/NECTIN2/SMAD3/FER/ACTN1/FARP2/CSNK2A1/PTPRM/MYL9",38
"Organismal Systems","Immune system","hsa04659","Th17 cell differentiation","43/2256","109/9382",0.394495412844037,1.64058331706682,3.78486113203236,0.000237626569308658,0.00154457270050627,0.00154457270050627,"TGFB1/RXRB/RELA/IL4R/IL1R1/MAPK11/IL23A/MAPK13/IFNGR1/SMAD4/IKBKB/IKBKG/SMAD2/IL27RA/HLA-DPA1/RUNX1/HLA-DMA/IL2RG/EBI3/MAPK14/FOS/IL1B/TYK2/MTOR/HLA-DPB1/NFKBIB/JAK3/HLA-DRA/IL27/MAPK1/AHR/IL12RB1/IFNGR2/HIF1A/SMAD3/HSP90AA1/IL1RAP/MAPK12/RARA/NFKBIE/NFKBIA/PPP3CB/IL6",43
"Human Diseases","Cardiovascular disease","hsa05418","Fluid shear stress and atherosclerosis","53/2256","142/9382",0.373239436619718,1.55218634502048,3.73048292079672,0.000255561831483107,0.00163094914273764,0.00163094914273764,"BMPR2/IL1A/ICAM1/RELA/MAP3K7/BCL2/VEGFA/ARHGEF2/CCL2/PDGFB/IL1R1/MAPK11/MAPK13/IKBKB/IKBKG/HSP90B1/AKT2/SQSTM1/MAP2K7/PRKAA1/CALM2/SUMO3/ACTB/SUMO1/EDN1/CYBA/MEF2C/CTNNB1/MAPK14/FOS/IL1B/RAC1/SDC4/MAP2K4/CALM3/RAC2/TNF/CTSL/SDC2/IL1R2/ACVR2A/AKT1/MAPK7/MMP9/RHOA/ACTG1/SRC/NFE2L2/HSP90AA1/MAPK12/PDGFA/THBD/TP53",53
"Genetic Information Processing","Folding, sorting and degradation","hsa03018","RNA degradation","33/2256","78/9382",0.423076923076923,1.75944489907256,3.78948268102664,0.000273572304211107,0.00171471212103748,0.00171471212103748,"MTREX/BTG3/DDX6/CNOT10/DCP1A/PFKP/PABPC4/HSPA9/EDC4/DIS3L/NUDT16/DCPS/LSM6/EXOSC3/DCP1B/EDC3/CNOT1/EXOSC5/CNOT8/CNOT3/PABPC1/BTG1/EXOSC8/CNOT6/TENT4A/PFKL/DCP2/PARN/ZCCHC7/TOB2/ENO1/CNOT4/BTG2",33
"Human Diseases","Cancer: specific types","hsa05216","Thyroid cancer","19/2256","37/9382",0.513513513513513,2.13554245735097,3.89390895337378,0.000291173491618463,0.00179301571154527,0.00179301571154527,"RXRB/GADD45A/CCND1/NRAS/NCOA4/MYC/TCF7L1/BAX/GADD45G/CTNNB1/POLK/CDKN1A/MAPK1/PPARG/TPM3/GADD45B/TP53/TPR/TFG",19
"Human Diseases","Cancer: specific types","hsa05225","Hepatocellular carcinoma","61/2256","170/9382",0.358823529411765,1.49223508552357,3.64410824459947,0.000319849877065598,0.00193564322155215,0.00193564322155215,"TGFB1/DVL1/GADD45A/IGF1R/SOS2/ARAF/MET/SHC1/CSNK1A1/E2F1/RPS6KB2/RB1/PTEN/CCND1/FZD2/SMAD4/BRD7/NRAS/AKT2/FRAT1/ARID1A/WNT5A/MYC/HGF/SMAD2/TCF7L1/ACTB/BAX/PBRM1/ELK1/GADD45G/CTNNB1/POLK/SMARCA4/APC/MTOR/FZD7/ARID1B/DVL3/CDKN1A/CDKN2A/SMARCC2/MAPK1/SMARCA2/SOS1/AKT1/ACTG1/ACTL6A/NFE2L2/SMAD3/RAF1/FZD4/SMARCD2/CDK6/FRAT2/GADD45B/GAB1/TP53/RPS6KB1/SMARCD1/WNT5B",61
"Organismal Systems","Immune system","hsa04666","Fc gamma R-mediated phagosome formation","39/2256","98/9382",0.397959183673469,1.65498805905341,3.66733059081503,0.000368974689420269,0.00219508671163584,0.00219508671163584,"INPP5D/VAV3/WASF1/RPS6KB2/PAK1/VASP/LIMK2/CFL1/AKT2/MARCKSL1/PLA2G6/SYK/ARPC5L/BIN1/ASAP1/FCGR1A/FCGR2B/CFL2/ARPC1B/PLD2/SPHK1/PLPP3/VAV2/RAC1/MAPK1/DNM2/RAC2/ARF6/AKT1/INPPL1/RAF1/LYN/GAB2/FCGR3B/PRKCD/CRKL/RPS6KB1/VAV1/MARCKS",39
"Genetic Information Processing","Folding, sorting and degradation","hsa04120","Ubiquitin mediated proteolysis","52/2256","142/9382",0.366197183098592,1.52289981020877,3.53262776028865,0.000495034401833354,0.0028503331406992,0.0028503331406992,"SOCS3/CUL4B/UBE2D3/PPIL2/UBE2D2/MGRN1/TRIM37/HUWE1/SKP2/ANAPC1/UBE4A/ANAPC7/UBA7/UBA3/PML/FBXO4/SKP1/CBL/ANAPC16/BIRC6/SMURF1/NEDD4L/STUB1/UBE4B/PIAS1/CUL2/UBE2H/FBXW7/ANAPC2/DET1/KLHL13/ELOC/HERC4/SOCS1/BRCA1/BIRC3/UBE2O/FZR1/SMURF2/UBE2R2/CUL4A/RCHY1/UBA52/UBE2G2/FBXW11/UBE2J1/ERCC8/UBE2S/CDC26/HERC2/CDC23/UBE2M",52
"Human Diseases","Infectious disease: bacterial","hsa05130","Pathogenic Escherichia coli infection","69/2256","200/9382",0.345,1.43474734042553,3.49666876526821,0.000495357041546015,0.0028503331406992,0.0028503331406992,"RELA/MAP3K7/TAB3/CASP9/ARHGEF2/TMED10/WASF1/EZR/IL1R1/MAPK11/TUBB2A/MAPK13/PAK1/TUBB6/ARHGEF1/IKBKB/GAPDH/LPAR1/IKBKG/TNFRSF10A/MYO1G/NCK1/ARPC5L/ACTB/NLRP3/BAX/TMBIM6/CYTH2/ROCK2/ARF1/CYTH4/MAPK14/CYCS/FOS/IL1B/ARPC1B/NFKBIB/GNA13/IRAK4/TUBA4A/PTPN6/TUBB4B/CLDN5/RAC1/MAPK1/TNF/PAK2/MYO1C/TUBA1C/ARF6/IRAK1/CXCL8/RHOA/ACTG1/SRC/MYH10/MAPK12/GNA12/TLR4/SEC24D/NFKBIA/CYTH1/MYD88/RAB1A/LPAR2/IL6/TLR5/TNFRSF10B/TNFSF10",69
"Human Diseases","Cancer: specific types","hsa05222","Small cell lung cancer","37/2256","93/9382",0.397849462365591,1.65453176237322,3.56910172177652,0.000519302642127378,0.00293992302236629,0.00293992302236629,"RXRB/GADD45A/RELA/BCL2/CASP9/SKP2/E2F1/RB1/PTEN/ITGA3/CCND1/LAMB2/IKBKB/IKBKG/APAF1/AKT2/TRAF1/MAX/MYC/BAX/GADD45G/CYCS/POLK/TRAF4/CDKN1A/PTGS2/CDKN1B/BIRC3/ZBTB17/AKT1/LAMA2/NFKBIA/CDK6/LAMB1/LAMB3/GADD45B/TP53",37
"Human Diseases","Infectious disease: viral","hsa05164","Influenza A","61/2256","173/9382",0.352601156069364,1.46635817652605,3.48343424694868,0.000542613837935747,0.00302313423992773,0.00302313423992773,"SOCS3/IL1A/ICAM1/RELA/CASP9/CCL2/IFNGR1/TRIM25/IKBKB/PML/IKBKG/APAF1/IRF7/TNFRSF10A/AKT2/CCL5/NXT1/NUP98/ACTB/NLRP3/HLA-DPA1/BAX/PABPN1/STAT2/HLA-DMA/CYCS/RNASEL/NXF1/IL1B/TYK2/PABPN1L/BID/HLA-DPB1/NFKBIB/MX2/HLA-DRA/IRAK4/IKBKE/MAPK1/XPO1/TNF/TICAM1/IFNGR2/KPNA2/EIF2S1/NLRX1/AKT1/IRF9/CXCL8/ACTG1/RAB11B/RAF1/TLR4/HNRNPUL1/NFKBIA/CDK6/MYD88/IFNB1/IL6/TNFRSF10B/TNFSF10",61
"Human Diseases","Infectious disease: viral","hsa05170","Human immunodeficiency virus 1 infection","72/2256","214/9382",0.336448598130841,1.39918472857427,3.32364560397018,0.000850890189769101,0.00466660088451491,0.00466660088451491,"CUL4B/RELA/MAP3K7/BCL2/TRIM5/CASP9/APOBEC3H/CGAS/RPS6KB2/MAPK11/AP1G2/MAPK13/PAK1/IKBKB/IKBKG/LIMK2/CFL1/NRAS/AKT2/SKP1/MAP2K7/GNB2/CCR5/CALM2/HLA-B/APOBEC3G/BAX/HLA-E/HLA-A/SAMHD1/TAPBP/GNAI3/MAPK14/ITPR2/CYCS/FOS/MTOR/HLA-C/CFL2/BID/APOBEC3A/AP1G1/IRAK4/RAC1/HLA-F/MAPK1/TLR2/CALM3/RAC2/ELOC/TNF/ITPR1/PAK2/TAP2/ATM/CDK1/AKT1/IRAK1/RAF1/MAPK12/WEE1/TLR4/CUL4A/NFKBIA/PPP3CB/APOBEC3F/MYD88/FBXW11/IFNB1/CRKL/RPS6KB1/MAP2K3",72
"Human Diseases","Infectious disease: viral","hsa05162","Measles","49/2256","136/9382",0.360294117647059,1.49835080308719,3.29381254066464,0.00107304930341479,0.00579446623843987,0.00579446623843987,"IL1A/RELA/MAP3K7/BCL2/CASP9/TNFAIP3/CCND1/IKBKB/IKBKG/RAB9A/APAF1/IRF7/AKT2/SLAMF1/BAX/STAT2/HSPA1B/IL2RG/CYCS/CCND2/FOS/IL1B/FCGR2B/TYK2/BID/NFKBIB/JAK3/MX2/IRAK4/IKBKE/HSPA1L/TLR2/CDKN1B/EIF2S1/AKT1/IRAK1/IRF9/BBC3/TLR4/RCHY1/NFKBIA/CSNK2A1/HSPA8/CDK6/MYD88/HSPA1A/TP53/IFNB1/IL6",49
"Organismal Systems","Nervous system","hsa04722","Neurotrophin signaling pathway","44/2256","120/9382",0.366666666666667,1.52485224586288,3.25571590544759,0.00125633110260706,0.00668139722750121,0.00668139722750121,"ZNF274/RELA/BCL2/SH2B2/SOS2/SHC1/MAPK11/RPS6KA1/MAPK13/IKBKB/NRAS/AKT2/MAPKAPK2/MAP2K7/CALM2/BAX/FOXO3/MAPK14/NFKBIB/IRAK3/IRAK4/RAC1/MAPK1/ARHGDIA/CALM3/SOS1/RAPGEF1/AKT1/IRAK1/MAPK7/RHOA/RAF1/MAPK12/NFKBIE/NFKBIA/IRAK2/RIPK2/KIDINS220/GAB1/TP53/PRKCD/CRKL/ATF4/RPS6KA3",44
"Human Diseases","Cancer: specific types","hsa05219","Bladder cancer","19/2256","41/9382",0.463414634146341,1.92719685175575,3.34763729292088,0.00146767072742966,0.00751772687883377,0.00751772687883377,"RASSF1/VEGFA/ARAF/TYMP/E2F1/RB1/CCND1/NRAS/MYC/CDKN1A/HBEGF/CDKN2A/MAPK1/MMP9/CXCL8/SRC/RAF1/THBS1/TP53",19
"Human Diseases","Cancer: specific types","hsa05224","Breast cancer","52/2256","148/9382",0.351351351351351,1.46116062871382,3.18170090744152,0.00147150178494167,0.00751772687883377,0.00751772687883377,"DVL1/GADD45A/IGF1R/SOS2/ARAF/FGFR1/HEY1/SHC1/CSNK1A1/E2F1/RPS6KB2/RB1/PTEN/CCND1/FZD2/NRAS/AKT2/FRAT1/HES1/WNT5A/MYC/TCF7L1/NOTCH4/NOTCH1/BAX/GADD45G/CTNNB1/JAG1/FGF9/POLK/FOS/APC/MTOR/FZD7/DVL3/SP1/CDKN1A/MAPK1/BRCA1/SOS1/AKT1/NFKB2/DLL1/RAF1/FZD4/JAG2/CDK6/FRAT2/GADD45B/TP53/RPS6KB1/WNT5B",52
"Organismal Systems","Immune system","hsa04662","B cell receptor signaling pathway","35/2256","91/9382",0.384615384615385,1.59949536279324,3.23330371198809,0.00147784374541177,0.00751772687883377,0.00751772687883377,"INPP5D/RELA/VAV3/SOS2/CD81/IFITM1/IKBKB/CD22/IKBKG/DAPP1/NRAS/AKT2/SYK/RASGRP3/LILRA1/BCL10/FOS/FCGR2B/NFKBIB/PTPN6/VAV2/RAC1/MAPK1/RAC2/LILRB2/SOS1/AKT1/INPPL1/RAF1/LYN/NFKBIE/NFKBIA/PPP3CB/LILRB4/VAV1",35
"Organismal Systems","Immune system","hsa04664","Fc epsilon RI signaling pathway","28/2256","69/9382",0.405797101449275,1.68758351320794,3.2253467029658,0.00167614045218092,0.00840464712450717,0.00840464712450718,"INPP5D/VAV3/SOS2/CSF2/MAPK11/MAPK13/NRAS/AKT2/MAP2K7/SYK/MAPK14/VAV2/RAC1/MAPK1/MAP2K4/RAC2/ALOX5/TNF/LCP2/SOS1/AKT1/RAF1/MAPK12/LYN/FCER1G/GAB2/MAP2K3/VAV1",28
"Environmental Information Processing","Signal transduction","hsa04071","Sphingolipid signaling pathway","45/2256","125/9382",0.36,1.49712765957447,3.14817603571058,0.00171206805813403,0.00846388575218371,0.00846388575218371,"DEGS1/RELA/PPP2R2D/BCL2/ABCC1/SPTLC1/MAPK11/MAPK13/PTEN/SGPP2/SPTSSA/NRAS/AKT2/PPP2R3A/BAX/ADORA3/S1PR3/PPP2CA/ROCK2/GNAI3/MAPK14/PPP2CB/BID/PLD2/GNA13/PPP2R5D/SPHK1/PPP2R5A/RAC1/SMPD2/MAPK1/RAC2/CTSD/TNF/AKT1/RHOA/SPTLC2/S1PR1/RAF1/SGMS1/MAPK12/GNA12/FCER1G/GAB2/TP53",45
"Human Diseases","Neurodegenerative disease","hsa05022","Pathways of neurodegeneration - multiple diseases","143/2256","480/9382",0.297916666666667,1.23894244976359,3.02371839742742,0.00180688700990693,0.00880857417329629,0.00880857417329629,"MAP1LC3B/IL1A/DVL1/PSMC4/MT-CYB/RELA/PSMC6/XBP1/BCL2/CASP9/ARAF/STX1A/NDUFS2/DNAH17/TOMM40L/CSNK1A1/DERL1/ATP2A2/MAPK11/ATP5F1A/FUS/UQCRC2/UBA7/TUBB2A/MAPK13/GPX1/FZD2/TUBB6/APAF1/NRAS/SQSTM1/FRAT1/MT-CO3/MAP2K7/PSMB2/WNT5A/PSMC3/CALM2/ATF6/NDUFB5/UQCR11/MAP1LC3A/CDK5R1/DLG4/BAX/WDR41/CSNK1E/ATG2A/PSMB6/CTNNB1/MAP1LC3B2/MAPK14/ATXN2/ITPR2/CYCS/MT-ND2/IL1B/DAXX/ATP5F1D/ZFYVE1/APC/MTOR/FZD7/NDUFS7/NDUFA8/BID/UQCRFS1/HTRA2/DVL3/MAP3K10/VDAC2/ACTR10/CSF1/TUBA4A/ATP2A3/TUBB4B/RAC1/MT-ND5/PTGS2/MAPK1/PRNP/ADRM1/CALM3/ATG101/PPIF/NDUFA11/PSMA7/TNF/ITPR1/MT-CO1/TARDBP/TUBA1C/IFT57/NDUFS1/ATXN1L/GPX3/RAB5A/FIG4/DCTN6/EIF2S1/MT-ND6/PIK3C3/NDUFB1/MT-ND4/VDAC3/SMCR8/LRRK2/MT-ATP8/DNAI2/RAF1/MAPK12/MFN2/TOMM40/MT-ND1/PPP3CB/FZD4/PSMA1/PSMB4/DDIT3/PSMA6/MT-CO2/UBA52/SDHD/CSNK2A1/UBE2G2/SPG11/MT-ND3/MT-ATP6/FRAT2/SLC6A3/UBE2J1/WIPI1/ATP2A1/VCP/RAB1A/ERN1/IL6/ATF4/ULK1/NDUFV3/GRIN2C/MAP2K3/WNT5B",143
"Genetic Information Processing","Information processing in viruses","hsa03250","Viral life cycle - HIV-1","29/2256","73/9382",0.397260273972603,1.65208151170699,3.14690047867003,0.00205835679181834,0.00982735207978468,0.00982735207978468,"MAP1S/TRIM5/APOBEC3H/ELL/HGS/NELFE/CCR5/APOBEC3G/BICD2/AFF4/SAMHD1/NELFA/ELL2/PDCD6IP/PSIP1/MX2/APOBEC3A/CCNT1/XPO1/NUP153/CDK9/MDFIC/MLLT1/RANBP2/FURIN/APOBEC3F/SUPT5H/PIN1/CHMP4B",29
"Metabolism","Amino acid metabolism","hsa00280","Valine, leucine and isoleucine degradation","21/2256","48/9382",0.4375,1.8194259751773,3.20234157486137,0.00207186340143609,0.00982735207978468,0.00982735207978468,"ACADM/HMGCL/HIBADH/HIBCH/ALDH3A2/PCCA/MCEE/ALDH9A1/ABAT/EHHADH/HMGCS1/IVD/MCCC1/IL4I1/DBT/ALDH1B1/ACAD8/MMUT/ALDH2/ACAA1/MCCC2",21
"Environmental Information Processing","Signal transduction","hsa04015","Rap1 signaling pathway","69/2256","212/9382",0.325471698113208,1.35353522681654,2.92945724109173,0.00282080981024974,0.0132013899119688,0.0132013899119688,"RALA/VAV3/IGF1R/VEGFA/FGFR1/MET/PRKCI/ADCY3/LPAR3/PDGFB/MAPK11/RAP1GAP/MAPK13/VASP/RALB/LPAR1/NRAS/ADORA2A/AKT2/HGF/VEGFB/CALM2/RASGRP3/RASGRP2/ACTB/TLN2/FPR1/CTNNB1/EFNA4/GNAI3/MAPK14/FGF9/ID1/AFDN/PRKD3/CSF1/VAV2/RAC1/RALGDS/MAPK1/CALM3/RAC2/CTNND1/LCP2/ADORA2B/RAPGEF1/SIPA1L2/AKT1/RHOA/ACTG1/SRC/RAPGEF2/DOCK4/RAF1/MAPK12/PDGFA/RASSF5/FARP2/RGS14/FLT1/P2RY1/MAGI3/THBS1/PFN1/LPAR2/CRKL/PRKD2/MAP2K3/VAV1",69
"Human Diseases","Cancer: specific types","hsa05213","Endometrial cancer","24/2256","59/9382",0.406779661016949,1.69166967183556,2.99859700992505,0.00336362514742632,0.0154072996090473,0.0154072996090473,"GADD45A/SOS2/CASP9/ARAF/PTEN/CCND1/NRAS/AKT2/MYC/TCF7L1/BAX/ELK1/GADD45G/CTNNB1/FOXO3/POLK/APC/CDKN1A/MAPK1/SOS1/AKT1/RAF1/GADD45B/TP53",24
"Organismal Systems","Environmental adaptation","hsa04714","Thermogenesis","75/2256","235/9382",0.319148936170213,1.32724083295609,2.85846769018359,0.00337994891708445,0.0154072996090473,0.0154072996090473,"MT-CYB/PNPLA2/SOS2/FGFR1/AKT1S1/NDUFS2/ADCY3/PRKACB/RPS6KB2/MAPK11/ATP5F1A/COX18/UQCRC2/RPS6KA1/MAPK13/NRAS/MT-CO3/ARID1A/PRKAA1/NDUFAF5/ACSL1/NDUFB5/UQCR11/ACTB/KDM3A/CREB1/COA7/MAPK14/MT-ND2/SMARCA4/ATP5F1D/MTOR/NDUFS7/NDUFA8/ARID1B/COA6/UQCRFS1/COA4/NDUFAF1/SMARCC2/MT-ND5/NDUFA11/COX11/MT-CO1/NDUFAF7/SMARCA2/NDUFS1/SOS1/MT-ND6/NDUFB1/MT-ND4/ACTG1/ACTL6A/COA5/NDUFAF8/PPARG/MT-ATP8/MAPK12/KDM1A/MT-ND1/MT-CO2/SDHD/SMARCD2/MT-ND3/MT-ATP6/NDUFAF4/COX15/ATF2/RPS6KB1/RPS6KA3/NDUFV3/COX10/SMARCD1/COX17/MAP2K3",75
"Environmental Information Processing","Signal transduction","hsa04068","FoxO signaling pathway","46/2256","133/9382",0.345864661654135,1.43834319842159,2.86459948543854,0.00379121890940421,0.0170604850923189,0.0170604850923189,"TGFB1/GADD45A/IGF1R/SOS2/ARAF/SKP2/MAPK11/MAPK13/PTEN/CCND1/SMAD4/IKBKB/NRAS/AKT2/NLK/HOMER1/PRKAA1/GADD45G/CSNK1E/GABARAPL1/FOXO3/MAPK14/CCND2/BCL6/CDKN1A/MAPK1/PLK4/CDKN1B/SGK1/ATM/SOS1/IL10/AKT1/HOMER3/PLK3/S1PR1/SOD2/SMAD3/SGK3/RAF1/RBL2/MAPK12/GADD45B/CDKN2D/IL6/TNFSF10",46
"Human Diseases","Cancer: specific types","hsa05214","Glioma","29/2256","76/9382",0.381578947368421,1.58686776782381,2.89025882788957,0.00414337640704541,0.0184091787199106,0.0184091787199106,"GADD45A/CAMK1G/IGF1R/SOS2/ARAF/SHC1/PDGFB/E2F1/RB1/PTEN/CCND1/NRAS/AKT2/CALM2/BAX/GADD45G/POLK/MTOR/CDKN1A/CDKN2A/MAPK1/CALM3/SOS1/AKT1/RAF1/PDGFA/CDK6/GADD45B/TP53",29
"Human Diseases","Cancer: specific types","hsa05223","Non-small cell lung cancer","28/2256","73/9382",0.383561643835616,1.59511318371709,2.87197525014892,0.00440688028394619,0.0193351872458139,0.0193351872458139,"RXRB/GADD45A/RASSF1/SOS2/CASP9/ARAF/MET/E2F1/RB1/CCND1/NRAS/AKT2/HGF/BAX/GADD45G/FOXO3/POLK/JAK3/CDKN1A/CDKN2A/MAPK1/SOS1/AKT1/RAF1/RASSF5/CDK6/GADD45B/TP53",28
"Environmental Information Processing","Signal transduction","hsa04350","TGF-beta signaling pathway","39/2256","110/9382",0.354545454545455,1.47444390715667,2.81621437848772,0.00454705022783143,0.0197038843206029,0.0197038843206029,"TGFB1/BMPR2/HDAC2/SMAD7/RPS6KB2/SMAD4/SKIL/SKP1/LRRC32/MYC/NCOR1/SMAD2/ID2/NRROS/HFE/PPP2CA/PPP2CB/SMURF1/BMP6/CHRD/ID1/SP1/BMP2/ID3/MAPK1/TNF/TFRC/ACVR2A/SMURF2/RHOA/SMAD3/SKI/RGMA/TGIF1/EMP3/THBS1/HAMP/SMAD6/RPS6KB1",39
"Human Diseases","Endocrine and metabolic disease","hsa04933","AGE-RAGE signaling pathway in diabetic complications","36/2256","101/9382",0.356435643564356,1.48230461344007,2.74192722230198,0.00566965741478877,0.0242688994218397,0.0242688994218397,"TGFB1/IL1A/ICAM1/RELA/PIM1/F3/BCL2/VEGFA/CCL2/MAPK11/MAPK13/CCND1/SMAD4/NRAS/AKT2/VEGFB/SMAD2/BAX/EDN1/PLCD1/MAPK14/IL1B/RAC1/MAPK1/CDKN1B/PLCD3/TNF/AKT1/CXCL8/SMAD3/MAPK12/EGR1/THBD/SERPINE1/PRKCD/IL6",36
"Human Diseases","Cancer: overview","hsa05230","Central carbon metabolism in cancer","27/2256","71/9382",0.380281690140845,1.58147287983218,2.76714349938875,0.00585760234595723,0.0247713063063974,0.0247713063063974,"SLC2A1/SLC16A3/FGFR1/MET/PKM/PFKP/PTEN/HK3/NRAS/AKT2/PDHB/MYC/HK1/SLC7A5/FLT3/SCO2/MTOR/GLS/TIGAR/MAPK1/PFKL/G6PD/AKT1/HIF1A/RAF1/IDH1/TP53",27
"Organismal Systems","Immune system","hsa04660","T cell receptor signaling pathway","42/2256","122/9382",0.344262295081967,1.43167945587722,2.70026886692446,0.00603502141476036,0.0252177680545344,0.0252177680545344,"RELA/PPP2R2D/VAV3/MAP3K7/SOS2/CSF2/MAPK11/MAPK13/PAK1/IKBKB/PDCD1/IKBKG/NRAS/AKT2/MAP2K7/NCK1/PPP2R3A/PPP2CA/BCL10/MAPK14/PPP2CB/FOS/NFKBIB/PPP2R5D/MAP3K8/PPP2R5A/PTPN6/VAV2/MAPK1/TNF/PAK2/LCP2/SOS1/IL10/AKT1/RHOA/RAF1/MAPK12/NFKBIE/NFKBIA/PPP3CB/VAV1",42
"Human Diseases","Neurodegenerative disease","hsa05017","Spinocerebellar ataxia","48/2256","144/9382",0.333333333333333,1.3862293144208,2.6278992256418,0.00702433077593026,0.029006354145312,0.029006354145312,"GRIN3A/PSMC4/PUM2/PSMC6/XBP1/KAT5/OMA1/ATP2A2/AFG3L2/KCNC3/AKT2/PSMB2/TBPL1/PSMC3/NFYA/ATG2A/PSMB6/ATXN2/ITPR2/CYCS/MTOR/SP1/ATXN10/VDAC2/ATP2A3/CIC/PUM1/ADRM1/TWNK/ATG101/PPIF/PSMA7/ITPR1/ATXN1L/RBPJ/PIK3C3/NOP56/AKT1/VDAC3/PSMA1/PSMB4/CACNA1A/PSMA6/WIPI1/ATP2A1/ERN1/ULK1/GRIN2C",48
"Human Diseases","Neurodegenerative disease","hsa05020","Prion disease","84/2256","275/9382",0.305454545454545,1.27029013539652,2.55964702968071,0.00743919970613695,0.0301482374371817,0.0301482374371817,"GRIN3A/IL1A/PSMC4/MT-CYB/PSMC6/CASP9/NDUFS2/PRKACB/MAPK11/ATP5F1A/UQCRC2/TUBB2A/MAPK13/TUBB6/APAF1/MT-CO3/PSMB2/CCL5/PSMC3/NDUFB5/UQCR11/C1QC/NOTCH1/BAX/CYBA/CREB1/PSMB6/HSPA1B/MAPK14/ITPR2/CYCS/STIP1/MT-ND2/IL1B/ATP5F1D/NDUFS7/NDUFA8/UQCRFS1/VDAC2/TUBA4A/TUBB4B/RAC1/MT-ND5/HSPA1L/MAPK1/PRNP/ADRM1/RAC2/PPIF/NDUFA11/PSMA7/TNF/ITPR1/MT-CO1/TUBA1C/NDUFS1/EIF2S1/MT-ND6/NDUFB1/MT-ND4/C1QA/VDAC3/MT-ATP8/MAPK12/EGR1/MT-ND1/PPP3CB/PSMA1/PSMB4/DDIT3/PSMA6/MT-CO2/SDHD/CSNK2A1/HSPA8/MT-ND3/MT-ATP6/HSPA1A/PRKCD/IL6/ATF4/ATF2/NDUFV3/GRIN2C",84
"Human Diseases","Cancer: specific types","hsa05215","Prostate cancer","37/2256","106/9382",0.349056603773585,1.45161748962933,2.63096167393801,0.00747264004853222,0.0301482374371817,0.0301482374371817,"RELA/IGF1R/BCL2/SOS2/CASP9/ARAF/FGFR1/PDGFB/E2F1/RB1/PTEN/CCND1/IKBKB/IKBKG/HSP90B1/NRAS/AKT2/TCF7L1/NKX3-1/CREB1/PLAU/CTNNB1/MTOR/CDKN1A/MAPK1/CDKN1B/SOS1/IL1R2/AKT1/MMP9/ZEB1/RAF1/HSP90AA1/PDGFA/NFKBIA/TP53/ATF4",37
"Human Diseases","Infectious disease: parasitic","hsa05144","Malaria","20/2256","50/9382",0.4,1.66347517730496,2.64663177902219,0.00883432073984935,0.03523689295099,0.03523689295099,"TGFB1/ICAM1/CD40/CCL2/MET/CSF3/CD81/HGF/GYPC/IL1B/TLR2/TNF/SDC2/IL10/CXCL8/TLR4/MYD88/THBS1/IL6/LRP1",20
"Human Diseases","Cancer: overview","hsa05235","PD-L1 expression and PD-1 checkpoint pathway in cancer","32/2256","90/9382",0.355555555555556,1.47864460204886,2.5671487042439,0.00913531052364869,0.0360280224022549,0.0360280224022549,"RELA/RPS6KB2/MAPK11/MAPK13/PTEN/IFNGR1/IKBKB/PDCD1/IKBKG/NRAS/AKT2/MAPK14/FOS/MTOR/NFKBIB/PTPN6/MAPK1/TLR2/TICAM1/IFNGR2/AKT1/HIF1A/RAF1/MAPK12/NFKBIE/TLR4/NFKBIA/PPP3CB/CSNK2A1/MYD88/RPS6KB1/MAP2K3",32
"Human Diseases","Drug resistance: antineoplastic","hsa01521","EGFR tyrosine kinase inhibitor resistance","29/2256","80/9382",0.3625,1.50752437943262,2.56498565959226,0.00945859205753505,0.0365931386639177,0.0365931386639177,"IGF1R/BCL2/SOS2/VEGFA/ARAF/MET/SHC1/PDGFB/RPS6KB2/PTEN/NRAS/AKT2/HGF/BAX/FOXO3/EIF4E/MTOR/GAS6/MAPK1/SOS1/AKT1/SRC/RAF1/NF1/PDGFA/GAB1/IL6/AXL/RPS6KB1",29
"Human Diseases","Cancer: specific types","hsa05211","Renal cell carcinoma","26/2256","70/9382",0.371428571428571,1.54465552178318,2.57347914942129,0.00959136398028611,0.0365931386639177,0.0365931386639177,"TGFB1/SLC2A1/SOS2/VEGFA/ARAF/MET/PDGFB/PAK1/TFE3/NRAS/AKT2/HGF/EGLN2/CDKN1A/CUL2/RAC1/MAPK1/ELOC/PAK2/SOS1/RAPGEF1/AKT1/HIF1A/RAF1/GAB1/CRKL",26
"Human Diseases","Cardiovascular disease","hsa05416","Viral myocarditis","26/2256","70/9382",0.371428571428571,1.54465552178318,2.57347914942129,0.00959136398028611,0.0365931386639177,0.0365931386639177,"CD80/ICAM1/CD40/CASP9/DAG1/CD55/CCND1/HLA-B/ACTB/HLA-DPA1/HLA-E/HLA-A/EIF4G1/HLA-DMA/CYCS/HLA-C/BID/HLA-DPB1/HLA-DRA/EIF4G2/RAC1/HLA-F/RAC2/ACTG1/LAMA2/SNTB2",26
"Human Diseases","Endocrine and metabolic disease","hsa04932","Non-alcoholic fatty liver disease","51/2256","157/9382",0.32484076433121,1.35091137010435,2.49479741691615,0.00970254495325103,0.0366192825654958,0.0366192825654958,"TGFB1/SOCS3/IL1A/MT-CYB/RELA/XBP1/PPARA/MAP3K11/NDUFS2/MLX/MAPK11/UQCRC2/MAPK13/IKBKB/ADIPOR2/AKT2/MT-CO3/PRKAA1/NDUFB5/UQCR11/BAX/ADIPOR1/MLXIPL/MAPK14/CYCS/FOS/IL1B/NDUFS7/CEBPA/NDUFA8/BID/UQCRFS1/RAC1/NDUFA11/TNF/MT-CO1/NDUFS1/EIF2S1/NDUFB1/AKT1/CXCL8/PPARG/MAPK12/DDIT3/MT-CO2/SDHD/SREBF1/ERN1/IL6/ATF4/NDUFV3",51
"Organismal Systems","Endocrine system","hsa04928","Parathyroid hormone synthesis, secretion and action","39/2256","115/9382",0.339130434782609,1.41033765032377,2.49110430675,0.010429746938251,0.0389451188864478,0.0389451188864478,"RXRB/MMP25/BCL2/ARAF/FGFR1/ADCY3/PRKACB/ARHGEF1/OXSR1/CREB1/MEF2C/GNAI3/ITPR2/FOS/JUND/PLD2/GNA13/PDE4B/SP1/CDKN1A/HBEGF/MAPK1/SGK1/VDR/ITPR1/ARRB2/CYP27B1/KL/PDE4A/RHOA/RAF1/PDE4D/EGR1/GNA12/MAFB/ATF4/ATF2/MEF2D/WNK1",39
"Organismal Systems","Immune system","hsa04062","Chemokine signaling pathway","60/2256","193/9382",0.310880829015544,1.29285635541837,2.31297207073482,0.0146384300190315,0.0540851467018952,0.0540851467018952,"CXCL1/CCL20/RELA/VAV3/SOS2/CCL2/CXCL3/CCL3/SHC1/ADCY3/PRKACB/GRK6/PAK1/CXCR1/CXCL5/CCL4L2/IKBKB/PIK3R6/IKBKG/CCL7/NRAS/AKT2/CCR7/GNB2/CCL5/CCR5/RASGRP2/XCR1/CXCL2/STAT2/ROCK2/ELMO1/GNAI3/FOXO3/NFKBIB/JAK3/CCR2/CCL3L3/VAV2/RAC1/MAPK1/RAC2/CXCL16/ARRB2/SOS1/AKT1/CXCL8/RHOA/CCR1/SRC/PIK3R5/RAF1/GRK2/LYN/NFKBIA/CCL4/CXCL6/PRKCD/CRKL/VAV1",60
"Human Diseases","Neurodegenerative disease","hsa05010","Alzheimer disease","112/2256","388/9382",0.288659793814433,1.2004460042407,2.26886173725262,0.0148261187926379,0.0542079968355823,0.0542079968355823,"IL1A/DVL1/PSMC4/MT-CYB/RELA/PSMC6/APBB1/XBP1/RTN4/CASP9/ARAF/APH1A/NDUFS2/CSNK1A1/ATP2A2/ATP5F1A/UQCRC2/TUBB2A/FZD2/TUBB6/IKBKB/GAPDH/IKBKG/APAF1/NRAS/AKT2/FRAT1/MT-CO3/MAP2K7/PSMB2/WNT5A/SLC39A13/PSMC3/CALM2/ATF6/NDUFB5/UQCR11/CDK5R1/SLC39A3/ADAM17/CSNK1E/ATG2A/PSMB6/CTNNB1/ITPR2/CYCS/MT-ND2/IL1B/ATP5F1D/APC/MTOR/FZD7/NDUFS7/NDUFA8/BID/UQCRFS1/DVL3/SLC39A8/VDAC2/CSF1/TUBA4A/ATP2A3/TUBB4B/MT-ND5/PTGS2/MAPK1/ADRM1/CALM3/ATG101/PPIF/NDUFA11/PSMA7/TNF/ITPR1/MT-CO1/TUBA1C/NDUFS1/EIF2S1/MT-ND6/PIK3C3/NDUFB1/MT-ND4/AKT1/VDAC3/MME/MT-ATP8/RAF1/MT-ND1/PPP3CB/FZD4/PSMA1/PSMB4/DDIT3/PSMA6/MT-CO2/SDHD/CSNK2A1/SLC11A2/MT-ND3/APOE/MT-ATP6/FRAT2/WIPI1/ATP2A1/ERN1/IL6/ATF4/LRP1/ULK1/NDUFV3/GRIN2C/WNT5B",112
"Metabolism","Global and overview maps","hsa01210","2-Oxocarboxylic acid metabolism","14/2256","33/9382",0.424242424242424,1.76429185471739,2.47459897034117,0.0151175302282576,0.0547036403104993,0.0547036403104993,"GOT2/GPT/DLAT/PDHB/DLST/IDH3A/IDH3G/IDH3B/NAGS/GOT1/CS/DBT/DHTKD1/IDH1",14
"Metabolism","Metabolism of cofactors and vitamins","hsa00770","Pantothenate and CoA biosynthesis","10/2256","21/9382",0.476190476190476,1.98032759202972,2.53041036418821,0.0156335718292604,0.055993711347657,0.055993711347657,"UPB1/AASDHPPT/ALDH3A2/CSAD/COASY/PPCS/ALDH1B1/PPCDC/PANK2/ALDH2",10
"Cellular Processes","Transport and catabolism","hsa04146","Peroxisome","29/2256","83/9382",0.349397590361446,1.45303554644108,2.33251480114994,0.016351454602682,0.0579733390458725,0.0579733390458725,"ECI2/PEX13/PXMP4/PEX1/HMGCL/PEX16/MLYCD/PEX12/ACSL1/NUDT7/PEX11G/SLC25A17/PEX3/GNPAT/EHHADH/FAR1/DECR2/PEX26/CRAT/CROT/HSD17B4/PEX11A/PEX11B/SOD2/ACOX1/AGPS/IDH1/ACAA1/GSTK1",29
"Human Diseases","Cancer: specific types","hsa05218","Melanoma","26/2256","73/9382",0.356164383561644,1.4811765277373,2.3221247931067,0.017230912661624,0.0604317179761274,0.0604317179761275,"GADD45A/IGF1R/ARAF/FGFR1/MET/PDGFB/E2F1/RB1/PTEN/CCND1/NRAS/AKT2/HGF/BAX/GADD45G/FGF9/POLK/CDKN1A/CDKN2A/MAPK1/AKT1/RAF1/PDGFA/CDK6/GADD45B/TP53",26
"Human Diseases","Infectious disease: viral","hsa05165","Human papillomavirus infection","97/2256","333/9382",0.291291291291291,1.21138958107043,2.20992027995843,0.0173891838050965,0.0604317179761274,0.0604317179761275,"HDAC2/ATP6AP1/DVL1/LFNG/RELA/PPP2R2D/ATP6V1A/SOS2/VEGFA/SPP1/TNXB/PKM/HEY1/PRKCI/CSNK1A1/PRKACB/E2F1/RPS6KB2/RB1/PTEN/ITGA3/CCND1/FZD2/OASL/LAMB2/ITGB8/IKBKB/IRF1/MFNG/IKBKG/NRAS/AKT2/HES1/ATP6V0C/WNT5A/TBPL1/HLA-B/TCF7L1/PPP2R3A/NOTCH4/NOTCH1/BAX/HLA-E/HLA-A/CREB1/VTN/STAT2/PPP2CA/ITGA7/HES4/CTNNB1/JAG1/PPP2CB/CCND2/TYK2/APC/MTOR/FZD7/HLA-C/PPP2R5D/MX2/DVL3/ATP6V1F/ATP6V0B/CDKN1A/PPP2R5A/IKBKE/HLA-F/PTGS2/MAPK1/CDKN1B/TNF/CCNA1/TCIRG1/TICAM1/ATM/RBPJ/SOS1/ATP6V0A2/AKT1/IRF9/PTGER4/RAF1/RBL2/LAMA2/FZD4/ATP6V1H/ATP6V0D1/CDK6/ITGB7/LAMB1/LAMB3/THBS1/TP53/IFNB1/RPS6KB1/WNT5B",97
"Environmental Information Processing","Signal transduction","hsa04330","Notch signaling pathway","23/2256","63/9382",0.365079365079365,1.51825115388945,2.3221865387652,0.0178283834270208,0.0613506135576893,0.0613506135576893,"HDAC2/DVL1/LFNG/APH1A/HEY1/MFNG/HES1/NCOR2/NOTCH4/DTX4/TLE1/NOTCH1/ADAM17/NRARP/JAG1/DVL3/DTX3L/ATXN1L/RBPJ/RITA1/DLL1/TLE3/JAG2",23
"Cellular Processes","Cellular community - eukaryotes","hsa04510","Focal adhesion","62/2256","203/9382",0.305418719211823,1.27014114523285,2.1893352889887,0.019446416021188,0.0661693478486936,0.0661693478486936,"VAV3/IGF1R/BCL2/SOS2/VEGFA/SPP1/TNXB/MET/SHC1/PDGFB/PTEN/PAK1/ITGA3/CCND1/VASP/LAMB2/ITGB8/AKT2/HGF/VEGFB/ACTB/TLN2/PPP1CB/ELK1/VTN/ROCK2/ITGA7/CTNNB1/CCND2/MYL5/VAV2/RAC1/MAPK1/PPP1R12C/RAC2/EMP1/PAK2/BIRC3/SOS1/RAPGEF1/FLNA/PPP1R12A/AKT1/ACTN4/RHOA/ACTG1/VCL/SRC/RAF1/ZYX/PDGFA/ACTN1/LAMA2/PPP1CC/FLT1/ITGB7/LAMB1/LAMB3/THBS1/CRKL/VAV1/MYL9",62
"Genetic Information Processing","Replication and repair","hsa03450","Non-homologous end-joining","7/2256","13/9382",0.538461538461538,2.23929350791053,2.51576712671737,0.0196057326959092,0.0661693478486936,0.0661693478486936,"XRCC5/POLM/MRE11/NHEJ1/PRKDC/DCLRE1C/RAD50",7
"Metabolism","Global and overview maps","hsa01200","Carbon metabolism","38/2256","116/9382",0.327586206896552,1.36232880899976,2.20931133000631,0.0202985588479912,0.0678551824347134,0.0678551824347134,"SUCLG1/PSPH/SUCLA2/ADH5/GOT2/PKM/PFKP/PGP/SDSL/GPT/DLAT/SDS/GAPDH/HIBCH/HK3/PDHB/GLYCTK/HK1/RPE/DLST/PCCA/MCEE/PGK1/IDH3A/ME2/PFKL/IDH3G/IDH3B/GOT1/G6PD/CS/ACOX1/IDH1/MMUT/SDHD/GPI/ACSS1/ENO1",38
"Organismal Systems","Excretory system","hsa04962","Vasopressin-regulated water reabsorption","17/2256","44/9382",0.386363636363636,1.60676579626048,2.26982147944466,0.0219046755833473,0.0725334068844801,0.0725334068844801,"AVPR2/ADCY3/PRKACB/CREB1/DYNC1H1/ARHGDIA/DYNC1LI1/RAB5B/STX4/RAB5C/RAB5A/DCTN6/NSF/VAMP2/RAB11B/DYNC1I2/DYNLL1",17
"Genetic Information Processing","Replication and repair","hsa03460","Fanconi anemia pathway","20/2256","54/9382",0.37037037037037,1.54025479380089,2.24012600147316,0.0222036539369727,0.0728362853446486,0.0728362853446486,"PMS2/RPA2/TOP3A/RMI1/PALB2/HES1/FANCI/FANCF/FANCE/USP1/POLK/TELO2/BRCA1/RPA1/FANCM/POLI/EME2/ATRIP/ERCC4/POLH",20
"Environmental Information Processing","Signal transduction","hsa04066","HIF-1 signaling pathway","36/2256","110/9382",0.327272727272727,1.3610251450677,2.14298084388619,0.0237695995731898,0.0767685841467876,0.0767685841467876,"RELA/PFKFB3/SLC2A1/IGF1R/BCL2/VEGFA/PFKP/RPS6KB2/IFNGR1/GAPDH/HK3/AKT2/PDHB/HK1/TIMP1/EDN1/PGK1/EGLN2/EIF4E/MTOR/CDKN1A/CUL2/MAPK1/PFKL/CDKN1B/ELOC/IFNGR2/TFRC/AKT1/HIF1A/TLR4/FLT1/SERPINE1/ENO1/IL6/RPS6KB1",36
"Human Diseases","Cardiovascular disease","hsa05415","Diabetic cardiomyopathy","62/2256","205/9382",0.302439024390244,1.25774952430375,2.09940217953561,0.0238398167293443,0.0767685841467876,0.0767685841467876,"TGFB1/MT-CYB/RELA/SLC2A1/PPARA/NDUFS2/ATP2A2/MAPK11/ATP5F1A/PARP1/UQCRC2/MAPK13/PTEN/GAPDH/AKT2/PDHB/MT-CO3/ACE/SMAD2/NDUFB5/UQCR11/PPP1CB/CYBA/TBC1D4/MAPK14/MT-ND2/ATP5F1D/MTOR/NDUFS7/NDUFA8/UQCRFS1/SP1/VDAC2/ATP2A3/RAC1/GSR/MT-ND5/RAC2/CTSD/PPIF/NDUFA11/MT-CO1/NDUFS1/G6PD/MT-ND6/NDUFB1/MT-ND4/AKT1/MMP9/VDAC3/SMAD3/MT-ATP8/MAPK12/MT-ND1/PPP1CC/MT-CO2/SDHD/MT-ND3/MT-ATP6/ATP2A1/PRKCD/NDUFV3",62
"Human Diseases","Cancer: specific types","hsa05226","Gastric cancer","47/2256","150/9382",0.313333333333333,1.30305555555556,2.10518946529952,0.0245872116177496,0.0777878034628138,0.0777878034628138,"TGFB1/RXRB/DVL1/GADD45A/BCL2/SOS2/ARAF/MET/SHC1/CSNK1A1/E2F1/RPS6KB2/RB1/CCND1/FZD2/SMAD4/NRAS/AKT2/FRAT1/WNT5A/MYC/HGF/SMAD2/TCF7L1/BAX/GADD45G/CTNNB1/FGF9/POLK/APC/MTOR/FZD7/DVL3/CDKN1A/MAPK1/CDKN1B/SOS1/AKT1/SMAD3/RAF1/FZD4/FRAT2/GADD45B/GAB1/TP53/RPS6KB1/WNT5B",47
"Organismal Systems","Immune system","hsa04612","Antigen processing and presentation","28/2256","82/9382",0.341463414634146,1.42003978550424,2.14944871052462,0.024731592364481,0.0777878034628138,0.0777878034628138,"RFX5/CD74/HLA-B/KLRD1/HLA-DPA1/NFYA/HLA-E/HLA-A/CREB1/HLA-DMA/HSPA1B/TAPBP/HLA-C/HLA-DPB1/HLA-DRA/HLA-F/HSPA1L/CANX/TNF/TAP2/CTSL/RFXAP/NFYB/HSP90AA1/PSME1/HSPA8/HSPA1A/CTSB",28
"Metabolism","Glycan biosynthesis and metabolism","hsa00520","Amino sugar and nucleotide sugar metabolism","15/2256","38/9382",0.394736842105263,1.64158734602464,2.22973052745433,0.0248211794525218,0.0777878034628138,0.0777878034628138,"HK3/PGM2/HK1/GNE/UGP2/HEXA/UAP1/GALK2/AMDHD2/CHIT1/FPGT/GPI/RENBP/UGDH/PGM3",15
"Organismal Systems","Immune system","hsa04622","RIG-I-like receptor signaling pathway","25/2256","72/9382",0.347222222222222,1.44398886918834,2.12781907007082,0.0265913634657584,0.0825979520042585,0.0825979520042585,"RELA/DDX3X/MAP3K7/RNF125/ZNFX1/MAPK11/CYLD/MAPK13/TRIM25/IKBKB/IKBKG/IRF7/OTUD5/SIKE1/MAPK14/NFKBIB/IKBKE/TNF/NLRX1/CXCL8/MAPK12/NFKBIA/CASP10/PIN1/IFNB1",25
"Metabolism","Carbohydrate metabolism","hsa00640","Propanoate metabolism","13/2256","32/9382",0.40625,1.68946697695035,2.1981324631032,0.0278001304680063,0.0854120682768878,0.0854120682768877,"SUCLG1/SUCLA2/MLYCD/HIBCH/PCCA/MCEE/ABAT/EHHADH/DBT/ACOX1/MMUT/ECHDC1/ACSS1",13
"Organismal Systems","Endocrine system","hsa04919","Thyroid hormone signaling pathway","39/2256","122/9382",0.319672131147541,1.32941663760028,2.06058796324086,0.0279840109739091,0.0854120682768878,0.0854120682768877,"RXRB/HDAC2/SLC2A1/CASP9/PFKP/PRKACB/ATP2A2/CCND1/NRAS/AKT2/MED13L/MYC/NCOR1/NOTCH4/ACTB/NOTCH1/THRA/PLCD1/CTNNB1/TBC1D4/MTOR/MED30/ATP2A3/MAPK1/PFKL/PLCD3/ATP1A1/FXYD2/AKT1/THRB/ACTG1/SRC/HIF1A/RAF1/ATP1B1/ATP2A1/RCAN1/TP53/ATP1B3",39
"Organismal Systems","Aging","hsa04211","Longevity regulating pathway","30/2256","90/9382",0.333333333333333,1.3862293144208,2.07149120623566,0.0287629422359918,0.0870326959037338,0.0870326959037338,"RELA/IGF1R/AKT1S1/ADCY3/PRKACB/RPS6KB2/ADIPOR2/NRAS/AKT2/PRKAA1/BAX/CREB1/ADIPOR1/FOXO3/EHMT2/EIF4E/SESN3/MTOR/APPL1/SESN2/ATG101/AKT1/KL/SOD2/PPARG/TP53/ATF4/ATF2/RPS6KB1/ULK1",30
"Human Diseases","Immune disease","hsa05321","Inflammatory bowel disease","23/2256","66/9382",0.348484848484849,1.44923973780357,2.06066122698042,0.0311965070449538,0.0935895211348613,0.0935895211348612,"TGFB1/IL1A/RELA/IL4R/IL23A/IFNGR1/SMAD2/MAF/HLA-DPA1/HLA-DMA/IL2RG/IL1B/HLA-DPB1/HLA-DRA/TLR2/IL12RB1/TNF/IFNGR2/IL10/SMAD3/TLR4/IL6/TLR5",23
"Metabolism","Metabolism of terpenoids and polyketides","hsa00900","Terpenoid backbone biosynthesis","10/2256","23/9382",0.434782608695652,1.80812519272279,2.1832277700186,0.0315705560120722,0.0939090267816724,0.0939090267816724,"PDSS1/FNTA/ICMT/FNTB/MVD/HMGCS1/ZMPSTE24/GGPS1/PCYOX1/IDI1",10
"Human Diseases","Infectious disease: viral","hsa05160","Hepatitis C","48/2256","156/9382",0.307692307692308,1.27959629023459,1.98133625041382,0.0320104092113761,0.0942675463369254,0.0942675463369254,"SOCS3/RELA/PPP2R2D/PPARA/SOS2/CASP9/ARAF/CD81/YWHAQ/E2F1/RB1/CCND1/YWHAH/IKBKB/IKBKG/APAF1/IRF7/NRAS/AKT2/MYC/BAX/STAT2/PPP2CA/CTNNB1/PPP2CB/CYCS/RNASEL/TYK2/BID/MX2/CDKN1A/PIAS1/YWHAZ/IKBKE/CLDN5/MAPK1/TNF/TICAM1/SOS1/EIF2S1/AKT1/IRF9/RAF1/NFKBIA/CDK6/LDLR/TP53/IFNB1",48
"Metabolism","Glycan biosynthesis and metabolism","hsa00541","Biosynthesis of various nucleotide sugars","9/2256","20/9382",0.45,1.87140957446808,2.19494788628008,0.032228220969889,0.0942675463369254,0.0942675463369254,"TGDS/CYB5R2/GNE/UGP2/CYB5RL/UAP1/CYB5R3/UGDH/NANP",9
"Human Diseases","Cancer: overview","hsa05208","Chemical carcinogenesis - reactive oxygen species","67/2256","227/9382",0.295154185022026,1.22745415065454,1.9518607336683,0.0325483511630012,0.0944171178364744,0.0944171178364744,"MT-CYB/RELA/SOS2/VEGFA/ARAF/MET/NDUFS2/MAPK11/ATP5F1A/UQCRC2/MAPK13/PTEN/IKBKB/IKBKG/NRAS/AKT2/MT-CO3/MAP2K7/HGF/NDUFB5/UQCR11/CYBA/FOXO3/MAPK14/MT-ND2/FOS/ATP5F1D/NDUFS7/NDUFA8/PLD2/UQCRFS1/PTPN1/VDAC2/PRKD3/RAC1/MT-ND5/MAPK1/MAP2K4/AHR/PPIF/NDUFA11/MT-CO1/NDUFS1/SOS1/MT-ND6/NDUFB1/MT-ND4/AKT1/VDAC3/SRC/SLC26A6/NFE2L2/HIF1A/SOD2/MT-ATP8/CBR1/RAF1/MAPK12/MT-ND1/NFKBIA/MT-CO2/SDHD/MT-ND3/MT-ATP6/PRKCD/NDUFV3/PRKD2",67
"Environmental Information Processing","Signal transduction","hsa04072","Phospholipase D signaling pathway","46/2256","149/9382",0.308724832214765,1.28389023751725,1.96536574001079,0.033320358747789,0.0958643108235568,0.0958643108235568,"RALA/AVPR2/SOS2/SHC1/ADCY3/LPAR3/PDGFB/CXCR1/LPAR6/PIK3R6/RALB/LPAR1/NRAS/AKT2/SYK/CYTH2/ARF1/DNM1/CYTH4/DGKD/MTOR/PLD2/GNA13/SPHK1/PLPP3/RALGDS/MAPK1/DNM2/GRM2/RRAS2/SOS1/ARF6/AKT1/AGPAT5/CXCL8/RHOA/DGKA/PIK3R5/RAF1/PDGFA/GNA12/FCER1G/GAB2/CYTH1/GAB1/LPAR2",46
"Metabolism","Amino acid metabolism","hsa00310","Lysine degradation","22/2256","63/9382",0.349206349206349,1.45224023415513,2.02640394750973,0.0338053146603504,0.0964688247624634,0.0964688247624634,"PLOD2/SETDB2/DOT1L/SETD2/KMT2A/KMT2B/SETD1A/DLST/SUV39H2/ALDH3A2/EZH2/EHMT2/ALDH9A1/TMLHE/SETDB1/EHHADH/NSD3/GCDH/DHTKD1/ALDH1B1/ALDH2/NSD1",22
"Metabolism","Global and overview maps","hsa01240","Biosynthesis of cofactors","47/2256","154/9382",0.305194805194805,1.26920995670996,1.89526041687565,0.0384123897009532,0.108731845040601,0.108731845040601,"DHRS3/EARS2/DHODH/NFS1/AK2/GUSB/ALPL/NADSYN1/COQ5/LIPT2/CPOX/ALAD/AK6/PNPO/EPRS1/HMBS/ALDH3A2/MAT2B/GCH1/GGCX/UGP2/RFK/MTHFD2/FLAD1/CAD/FPGS/FECH/RDH11/CMPK2/VKORC1L1/NME6/LIAS/COASY/NMNAT1/PTS/MTHFD2L/PPCS/ALDH1B1/NAPRT/PDXK/PPCDC/PANK2/ALDH2/UGDH/AFMID/COX15/COX10",47
"Organismal Systems","Endocrine system","hsa04917","Prolactin signaling pathway","24/2256","71/9382",0.338028169014085,1.40575367096194,1.93092175387354,0.0401482439706762,0.112736269069659,0.112736269069659,"SOCS3/RELA/SOS2/SHC1/SOCS5/MAPK11/MAPK13/CCND1/IRF1/NRAS/AKT2/SOCS4/FOXO3/MAPK14/CCND2/FOS/MAPK1/SOCS6/SOCS1/SOS1/AKT1/SRC/RAF1/MAPK12",24
"Organismal Systems","Immune system","hsa04650","Natural killer cell mediated cytotoxicity","41/2256","133/9382",0.308270676691729,1.28200154641924,1.84289727244379,0.0435552639461811,0.121332520992933,0.121332520992933,"ICAM1/VAV3/MICB/SOS2/ARAF/SHC1/CSF2/ULBP1/HCST/PAK1/IFNGR1/TNFRSF10A/NRAS/SYK/HLA-B/KLRD1/SH3BP2/HLA-E/HLA-A/MICA/CD244/HLA-C/BID/PTPN6/VAV2/RAC1/MAPK1/RAC2/TNF/LCP2/IFNGR2/SOS1/RAF1/FCER1G/PPP3CB/ULBP2/FCGR3B/IFNB1/TNFRSF10B/TNFSF10/VAV1",41
"Organismal Systems","Immune system","hsa04658","Th1 and Th2 cell differentiation","30/2256","93/9382",0.32258064516129,1.34151223976207,1.86223494872589,0.0440645707612301,0.121784758560565,0.121784758560565,"RELA/IL4R/MAPK11/MAPK13/IFNGR1/IKBKB/IKBKG/MAF/HLA-DPA1/NOTCH1/HLA-DMA/IL2RG/JAG1/MAPK14/FOS/TYK2/HLA-DPB1/NFKBIB/JAK3/HLA-DRA/MAPK1/IL12RB1/IFNGR2/RBPJ/DLL1/MAPK12/NFKBIE/NFKBIA/PPP3CB/JAG2",30
"Genetic Information Processing","Transcription","hsa03022","Basal transcription factors","16/2256","44/9382",0.363636363636364,1.51225016118633,1.91625240887933,0.0453246312264502,0.124288637191281,0.124288637191281,"TAF9/TAF13/GTF2A1/GTF2E1/TBPL1/TAF4/GTF2H3/TAF12/TAF5/GTF2H2C/GTF2E2/GTF2H1/ERCC3/TAF1/TAF10/GTF2F1",16
"Organismal Systems","Environmental adaptation","hsa04710","Circadian rhythm","13/2256","34/9382",0.382352941176471,1.59008656654151,1.93939843681715,0.0458901950981353,0.124864019220508,0.124864019220508,"NFIL3/DBP/CSNK1D/SKP1/PRKAA1/BHLHE41/CREB1/CSNK1E/NR1D1/PER2/BHLHE40/PER3/FBXW11",13
"Genetic Information Processing","Replication and repair","hsa03440","Homologous recombination","15/2256","41/9382",0.365853658536585,1.52147119875454,1.88276785973678,0.0490592821630837,0.132008349827019,0.132008349827019,"SYCP3/RPA2/POLD3/TOP3A/RAD51D/PALB2/MRE11/RAD52/BRCC3/TOPBP1/BRCA1/RPA1/ATM/RAD50/ABRAXAS1",15
"Metabolism","Metabolism of other amino acids","hsa00410","beta-Alanine metabolism","12/2256","31/9382",0.387096774193548,1.60981468771448,1.91346668592931,0.0492680735821639,0.132008349827019,0.132008349827019,"UPB1/MLYCD/HIBCH/ALDH3A2/ALDH9A1/ABAT/EHHADH/CSAD/ALDH1B1/ACOX1/ALDH2/SMOX",12
"Organismal Systems","Endocrine system","hsa04910","Insulin signaling pathway","42/2256","138/9382",0.304347826086957,1.26568763490595,1.76909894805204,0.0502055919661001,0.133501233182584,0.133501233182584,"SOCS3/SH2B2/SOS2/ARAF/SHC1/PRKCI/PRKAR1B/PRKACB/RPS6KB2/IKBKB/HK3/NRAS/AKT2/HK1/PRKAA1/CBL/CALM2/SOCS4/PPP1CB/ELK1/EIF4E/MTOR/PRKAR1A/PTPN1/MAPK1/CALM3/SOCS1/FASN/PPP1R3B/SOS1/RAPGEF1/AKT1/INPP5A/INPPL1/RAF1/EXOC7/PYGM/FLOT1/PPP1CC/SREBF1/CRKL/RPS6KB1",42
"Environmental Information Processing","Signal transduction","hsa04630","JAK-STAT signaling pathway","50/2256","168/9382",0.297619047619048,1.23770474501857,1.74920050741884,0.0510332980592182,0.13468186179538,0.13468186179538,"SOCS3/FHL1/PIM1/BCL2/SOS2/STAM2/CRLF2/SOCS5/CSF3/IL4R/CSF2/CSF3R/CSF2RB/PDGFB/IL23A/CCND1/IFNGR1/AKT2/MYC/CLCF1/IL27RA/SOCS4/STAT2/MCL1/IL2RG/CCND2/TYK2/MTOR/JAK3/CDKN1A/PIAS1/PTPN6/IL27/SOCS6/IL12RB1/SOCS1/IFNGR2/IL7/SOS1/IL10/AKT1/IRF9/IL11RA/RAF1/PDGFA/IL31RA/LIF/IFNB1/IL6/IL10RB",50
"Environmental Information Processing","Signal transduction","hsa04390","Hippo signaling pathway","47/2256","157/9382",0.299363057324841,1.24495753715499,1.74152074572756,0.0521989739249703,0.1367301481169,0.1367301481169,"TGFB1/BMPR2/DVL1/PPP2R2D/RASSF1/SMAD7/PRKCI/YWHAQ/STK3/CCND1/FZD2/YWHAH/SMAD4/CSNK1D/WNT5A/MYC/SMAD2/TCF7L1/ACTB/ID2/PPP1CB/DLG4/SAV1/FRMD6/PPP2CA/CSNK1E/LATS1/CTNNB1/PPP2CB/CCND2/APC/BMP6/FZD7/ID1/TP53BP2/DVL3/BMP2/YWHAZ/BIRC3/BBC3/ACTG1/SMAD3/FZD4/PPP1CC/SERPINE1/FBXW11/WNT5B",47
"Human Diseases","Neurodegenerative disease","hsa05012","Parkinson disease","76/2256","268/9382",0.283582089552239,1.17932941674606,1.67585186681694,0.0562928595845825,0.146361434919915,0.146361434919915,"PSMC4/MT-CYB/PSMC6/XBP1/CASP9/NDUFS2/PRKACB/ATP5F1A/UQCRC2/UBA7/TUBB2A/TUBB6/APAF1/ADORA2A/MT-CO3/PSMB2/SLC39A13/PSMC3/CALM2/ATF6/NDUFB5/UQCR11/BAX/SLC39A3/PSMB6/GNAI3/ITPR2/CYCS/MT-ND2/DAXX/ATP5F1D/NDUFS7/NDUFA8/UQCRFS1/HTRA2/SLC39A8/VDAC2/TUBA4A/TUBB4B/MT-ND5/ADRM1/CALM3/PPIF/NDUFA11/PSMA7/ITPR1/MT-CO1/TUBA1C/NDUFS1/EIF2S1/MT-ND6/NDUFB1/MT-ND4/VDAC3/LRRK2/NFE2L2/MT-ATP8/MFN2/MT-ND1/PSMA1/PSMB4/DDIT3/PSMA6/MT-CO2/UBA52/SDHD/SLC11A2/UBE2G2/MT-ND3/MT-ATP6/SLC6A3/UBE2J1/ERN1/TP53/ATF4/NDUFV3",76
"Environmental Information Processing","Signal transduction","hsa04340","Hedgehog signaling pathway","19/2256","56/9382",0.339285714285714,1.41098340932118,1.73556868331511,0.0609617623097053,0.157335136549313,0.157335136549313,"BCL2/CSNK1G2/MGRN1/CSNK1A1/PRKACB/CCND1/PTCH2/CSNK1D/CSNK1E/MOSMO/EFCAB7/CCND2/SPOP/SMURF1/ARRB2/SMURF2/GRK2/SUFU/FBXW11",19
"Metabolism","Metabolism of cofactors and vitamins","hsa00785","Lipoic acid metabolism","8/2256","19/9382",0.421052631578947,1.75102650242628,1.84372335979684,0.0633276859897087,0.162248304980933,0.162248304980933,"LIPT2/DLAT/PDHB/DLST/ACSM1/LIAS/DBT/DHTKD1",8
"Environmental Information Processing","Signal transduction","hsa04370","VEGF signaling pathway","20/2256","60/9382",0.333333333333333,1.3862293144208,1.68864172342131,0.0656907183235413,0.167082913996833,0.167082913996833,"CASP9/VEGFA/MAPK11/MAPK13/NRAS/AKT2/MAPKAPK2/HSPB1/MAPK14/SPHK1/RAC1/PTGS2/MAPK1/RAC2/AKT1/SRC/MAPKAPK3/RAF1/MAPK12/PPP3CB",20
"Metabolism","Carbohydrate metabolism","hsa00562","Inositol phosphate metabolism","25/2256","78/9382",0.320512820512821,1.3329128023277,1.66117028405021,0.0663981799759672,0.167514476371509,0.167514476371509,"INPP5D/MTMR14/ISYNA1/IMPA2/INPP5F/PTEN/MTMR6/INPP1/INPP4A/INPP5K/IP6K1/PLCD1/MTMR1/SYNJ2/PPIP5K2/PIP4K2A/PLCD3/SACM1L/FIG4/PIP4K2B/PIK3C3/INPP5A/INPPL1/PI4KB/PI4K2A",25
"Environmental Information Processing","Signaling molecules and interaction","hsa04061","Viral protein interaction with cytokine and cytokine receptor","31/2256","100/9382",0.31,1.28919326241135,1.63583160684374,0.0672914856076508,0.167514476371509,0.167514476371509,"CXCL1/CCL20/ACKR3/TNFRSF14/CCL2/CXCL3/CCL3/CXCR1/CXCL5/CCL4L2/CCL7/TNFRSF10A/CCR7/CCL5/CCR5/XCR1/CXCL2/IL2RG/CCR2/CSF1/CCL3L3/TNF/IL10/CXCL8/CCR1/CCL4/CXCL6/IL6/IL10RB/TNFRSF10B/TNFSF10",31
"Cellular Processes","Cell motility","hsa04810","Regulation of actin cytoskeleton","66/2256","232/9382",0.28448275862069,1.18307501834189,1.58867016035796,0.0672921400808625,0.167514476371509,0.167514476371509,"RGCC/VAV3/ITGAD/SOS2/ARAF/WASF1/FGFR1/EZR/PDGFB/PAK1/ITGA3/ITGB8/ARHGEF1/ARHGEF6/LPAR1/LIMK2/CFL1/NRAS/AKT2/ARPC5L/ACTB/PPP1CB/ROCK2/ITGA7/FGF9/ITGAE/APC/CFL2/ARPC1B/MYL5/GNA13/FGD3/PIP4K2A/VAV2/RAC1/MAPK1/PPP1R12C/RAC2/PAK2/IQGAP2/RRAS2/SOS1/PIP4K2B/PPP1R12A/AKT1/ACTN4/TMSB4X/RHOA/ACTG1/VCL/SRC/MYH10/RAF1/ITGAX/PDGFA/GNA12/ACTN1/PPP1CC/RDX/ITGB7/PFN1/IQGAP3/LPAR2/CRKL/VAV1/MYL9",66
"Environmental Information Processing","Signal transduction","hsa04012","ErbB signaling pathway","27/2256","86/9382",0.313953488372093,1.3056345868382,1.60204560150946,0.0729470686400394,0.178791168195834,0.178791168195834,"EREG/SOS2/ARAF/SHC1/RPS6KB2/PAK1/NRAS/AKT2/MAP2K7/MYC/CBL/NCK1/ELK1/MTOR/CDKN1A/HBEGF/MAPK1/MAP2K4/CDKN1B/PAK2/SOS1/AKT1/SRC/RAF1/GAB1/CRKL/RPS6KB1",27
"Metabolism","Energy metabolism","hsa00190","Oxidative phosphorylation","41/2256","138/9382",0.297101449275362,1.23555221502724,1.5684402323184,0.0733502228495729,0.178791168195834,0.178791168195834,"ATP6AP1/MT-CYB/ATP6V1A/NDUFS2/ATP5F1A/UQCRC2/MT-CO3/ATP6V0C/NDUFB5/UQCR11/CYCS/MT-ND2/ATP5F1D/NDUFS7/NDUFA8/UQCRFS1/ATP6V1F/ATP6V0B/MT-ND5/NDUFA11/COX11/MT-CO1/NDUFS1/TCIRG1/MT-ND6/NDUFB1/MT-ND4/ATP6V0A2/MT-ATP8/MT-ND1/ATP6V1H/ATP6V0D1/MT-CO2/SDHD/MT-ND3/MT-ATP6/PPA2/COX15/NDUFV3/COX10/COX17",41
"Cellular Processes","Cell growth and death","hsa04114","Oocyte meiosis","41/2256","138/9382",0.297101449275362,1.23555221502724,1.5684402323184,0.0733502228495729,0.178791168195834,0.178791168195834,"IGF1R/SMC1A/ADCY3/YWHAQ/ESPL1/PRKACB/ANAPC1/MAPK11/ANAPC7/CPEB2/RPS6KA1/MAPK13/YWHAH/SKP1/MAD2L2/CALM2/PPP1CB/ANAPC16/PPP2CA/MAPK14/ITPR2/PPP2CB/PPP2R5D/REC8/CPEB4/PPP2R5A/SMC3/YWHAZ/MAPK1/CALM3/ANAPC2/CPEB3/ITPR1/CDK1/MAPK12/PPP3CB/PPP1CC/FBXW11/CDC26/CDC23/RPS6KA3",41
"Genetic Information Processing","Folding, sorting and degradation","hsa04130","SNARE interactions in vesicular transport","12/2256","33/9382",0.363636363636364,1.51225016118633,1.65854668423428,0.0770659930659819,0.186552852180411,0.186552852180411,"STX1A/VAMP5/STX7/YKT6/STX11/STX6/STX4/VAMP4/VAMP2/STX17/VTI1A/GOSR2",12
"Environmental Information Processing","Signal transduction","hsa04150","mTOR signaling pathway","46/2256","158/9382",0.291139240506329,1.21075724930425,1.5032202747976,0.0813770502687477,0.195205516625366,0.195205516625366,"DVL1/SLC38A9/IGF1R/RNF152/ATP6V1A/SOS2/AKT1S1/MAPKAP1/SKP2/RPS6KB2/RPS6KA1/PTEN/FZD2/IKBKB/CAB39/DDIT4/NRAS/AKT2/WNT5A/SLC3A2/PRKAA1/SLC7A5/FNIP1/RRAGD/EIF4E/MTOR/FZD7/DVL3/ATP6V1F/MAPK1/TTI1/SESN2/TELO2/SGK1/TNF/SOS1/AKT1/RHOA/RAF1/FZD4/ATP6V1H/LPIN1/RPS6KB1/RPS6KA3/ULK1/WNT5B",46
"Environmental Information Processing","Signal transduction","hsa04070","Phosphatidylinositol signaling system","30/2256","98/9382",0.306122448979592,1.27306773773339,1.52892812947093,0.081752737731991,0.195205516625366,0.195205516625366,"INPP5D/PIP4P2/MTMR14/IMPA2/INPP5F/PTEN/MTMR6/INPP1/INPP4A/CALM2/IP6K1/PLCD1/ITPR2/DGKD/MTMR1/SYNJ2/PPIP5K2/PIP4K2A/CALM3/PLCD3/ITPR1/SACM1L/PIP4K2B/PIK3C3/DGKA/INPP5A/INPPL1/PIP4P1/PI4KB/PI4K2A",30
"Metabolism","Carbohydrate metabolism","hsa00020","Citrate cycle (TCA cycle)","11/2256","30/9382",0.366666666666667,1.52485224586288,1.62000608124365,0.0838820664369074,0.197601377982245,0.197601377982245,"SUCLG1/SUCLA2/DLAT/PDHB/DLST/IDH3A/IDH3G/IDH3B/CS/IDH1/SDHD",11
"Human Diseases","Drug resistance: antineoplastic","hsa01523","Antifolate resistance","11/2256","30/9382",0.366666666666667,1.52485224586288,1.62000608124365,0.0838820664369074,0.197601377982245,0.197601377982245,"RELA/ABCC1/IKBKB/IKBKG/IL1B/FPGS/GART/MTR/TNF/MTHFR/IL6",11
"Human Diseases","Infectious disease: bacterial","hsa05110","Vibrio cholerae infection","17/2256","51/9382",0.333333333333333,1.3862293144208,1.55609975085128,0.0851884417487965,0.198725591168362,0.198725591168362,"ATP6AP1/ATP6V1A/ADCY3/PRKACB/ATP6V0C/KDELR2/ACTB/ARF1/ATP6V1F/ATP6V0B/TCIRG1/ATP6V0A2/ACTG1/SEC61A1/PDIA4/ATP6V1H/ATP6V0D1",17
"Genetic Information Processing","Transcription","hsa03040","Spliceosome","68/2256","243/9382",0.279835390946502,1.16374806642734,1.45512795845136,0.0854916360866743,0.198725591168362,0.198725591168362,"SF3B1/SNIP1/BUD13/DHX15/HNRNPA3/PUF60/FUS/NCBP1/HNRNPK/DDX39B/YJU2/WBP11/SF3B3/SNRPD3/LSM6/ALYREF/THOC3/RNU4-2/RNVU1-27/SRSF7/HSPA1B/SF3A2/RBMXL1/SNRPA1/SRSF2/RNVU1-30/THOC2/SNRPB/SRSF5/NCBP2/RNVU1-15/SF1/HSPA1L/U2AF1L4/HNRNPC/PRPF4/HNRNPA1/HNRNPU/SRSF1/HNRNPM/DDX5/CASC3/SF3B4/SF3A3/PLRG1/SNRNP40/SNRNP70/RNU5F-1/SRSF6/HSPA8/THOC6/SART1/DDX42/DHX8/DDX23/RNU5A-1/PRPF3/RP9/RNVU1-3/DHX38/TXNL4A/HSPA1A/XAB2/USP39/SRSF3/CWC25/DDX46/SRSF9",68
"Metabolism","Global and overview maps","hsa01250","Biosynthesis of nucleotide sugars","13/2256","37/9382",0.351351351351351,1.46116062871382,1.58137416128089,0.0860822728941621,0.198782090696388,0.198782090696388,"TGDS/HK3/PGM2/HK1/GNE/UGP2/UAP1/GALK2/FPGT/GPI/UGDH/PGM3/NANP",13
"Human Diseases","Infectious disease: parasitic","hsa05146","Amoebiasis","31/2256","103/9382",0.300970873786408,1.25164394408869,1.44485982344243,0.0940354165981398,0.215728308666321,0.215728308666321,"TGFB1/CXCL1/RELA/CD1A/CXCL3/CSF2/PRKACB/IL1R1/LAMB2/HSPB1/CXCL2/GNA15/IL1B/SERPINB9/TLR2/TNF/RAB5B/RAB5C/RAB5A/IL1R2/CD14/IL10/ACTN4/CXCL8/VCL/ACTN1/TLR4/LAMA2/LAMB1/LAMB3/IL6",31
"Cellular Processes","Cell growth and death","hsa04217","Necroptosis","48/2256","168/9382",0.285714285714286,1.18819655521783,1.38488404956235,0.0994113011512813,0.226580303273375,0.226580303273375,"H2AJ/IL1A/FTH1/BCL2/PARP1/TNFAIP3/CYLD/IFNGR1/TNFRSF10A/SQSTM1/NLRP3/TRPM7/BAX/H2AZ2/H2AC6/STAT2/CHMP1B/PGAM5/GLUL/IL1B/TYK2/BID/SPATA2L/JAK3/VDAC2/AIFM1/FTL/TNF/TICAM1/IFNGR2/CHMP1A/BIRC3/CHMP7/IRF9/VDAC3/SPATA2/HSP90AA1/SHARPIN/TLR4/PYGM/USP21/CHMP2A/DNM1L/IFNB1/MACROH2A1/TNFRSF10B/TNFSF10/CHMP4B",48
"Human Diseases","Cancer: specific types","hsa05217","Basal cell carcinoma","20/2256","63/9382",0.317460317460317,1.32021839468648,1.4348387649988,0.101382312428838,0.2275981256525,0.2275981256525,"DVL1/GADD45A/PTCH2/FZD2/WNT5A/TCF7L1/BAX/GADD45G/CTNNB1/POLK/APC/FZD7/DVL3/CDKN1A/BMP2/SUFU/FZD4/GADD45B/TP53/WNT5B",20
"Organismal Systems","Immune system","hsa04640","Hematopoietic cell lineage","30/2256","100/9382",0.3,1.24760638297872,1.40059399709223,0.10164377621167,0.2275981256525,0.2275981256525,"IL1A/CD1A/CSF3/IL4R/CSF2/CSF3R/IL1R1/CD55/CD7/ITGA3/CD22/CD5/FLT3/HLA-DPA1/HLA-DMA/FCGR1A/IL1B/HLA-DPB1/CD33/HLA-DRA/CSF1/TNF/IL7/IL1R2/TFRC/CD14/IL11RA/MME/GP1BA/IL6",30
"Human Diseases","Immune disease","hsa05332","Graft-versus-host disease","15/2256","45/9382",0.333333333333333,1.3862293144208,1.46123147150579,0.101803150220634,0.2275981256525,0.2275981256525,"CD80/IL1A/HLA-B/KLRD1/HLA-DPA1/HLA-E/HLA-A/HLA-DMA/IL1B/HLA-C/HLA-DPB1/HLA-DRA/HLA-F/TNF/IL6",15
"Environmental Information Processing","Signaling molecules and interaction","hsa04518","Integrin signaling","44/2256","154/9382",0.285714285714286,1.18819655521783,1.32491935311662,0.110683983993468,0.245886572036123,0.245886572036123,"TGFB1/ICAM1/IGF1R/ITGAD/VEGFA/SPP1/TNXB/MET/PDGFB/ITGA3/CCND1/LAMB2/ITGB8/ARHGEF6/AKT2/HGF/VEGFB/ACTB/TLN2/VTN/ITGA7/CTNNB1/ITGAE/CCND2/MTOR/RAC1/RAC2/FLNA/AKT1/FERMT3/ACTN4/ACTG1/VCL/SRC/ITGAX/PDGFA/ACTN1/LAMA2/FLT1/ITGB7/LAMB1/LAMB3/LIMS2/THBS1",44
"Human Diseases","Endocrine and metabolic disease","hsa04931","Insulin resistance","32/2256","109/9382",0.293577981651376,1.22089921270089,1.30517424037276,0.11783698400462,0.258517077316915,0.258517077316915,"SOCS3/RELA/SLC2A1/PPARA/MLX/RPS6KB2/RPS6KA1/PTEN/SLC27A1/NR1H2/IKBKB/AKT2/PRKAA1/PPP1CB/CREB1/MLXIPL/TBC1D4/MTOR/PTPN1/TNF/TRIB3/PPP1R3B/AKT1/NFKBIA/PYGM/PPP1CC/SREBF1/CRTC2/PRKCD/IL6/RPS6KB1/RPS6KA3",32
"Organismal Systems","Digestive system","hsa04980","Cobalamin transport and metabolism","7/2256","18/9382",0.388888888888889,1.61726753349094,1.47485794339218,0.117842542366685,0.258517077316915,0.258517077316915,"ZNF143/HCFC1/MTR/LMBRD1/TCN1/MMUT/THAP11",7
"Environmental Information Processing","Signal transduction","hsa04151","PI3K-Akt signaling pathway","97/2256","362/9382",0.267955801104972,1.11434455938247,1.24835391737983,0.118595697760988,0.258553353503768,0.258553353503768,"RELA/PPP2R2D/EREG/IGF1R/BCL2/SOS2/CASP9/VEGFA/FGFR1/SPP1/TNXB/MET/CSF3/IL4R/YWHAQ/CSF3R/LPAR3/PDGFB/MTCP1/RPS6KB2/PTEN/ITGA3/CCND1/NR4A1/YWHAH/LAMB2/ITGB8/LPAR6/IKBKB/PIK3R6/LPAR1/IKBKG/HSP90B1/DDIT4/NRAS/AKT2/GNB2/MYC/HGF/PRKAA1/VEGFB/SYK/PPP2R3A/FLT3/CDC37/CREB1/VTN/PPP2CA/MCL1/ITGA7/IL2RG/EFNA4/FOXO3/FGF9/PPP2CB/CCND2/EIF4E/MTOR/PPP2R5D/JAK3/CDKN1A/PPP2R5A/CSF1/YWHAZ/RAC1/MAPK1/TLR2/CDKN1B/MYB/SGK1/BRCA1/IL7/SOS1/AKT1/PHLPP1/PIK3R5/SGK3/RAF1/HSP90AA1/RBL2/PDGFA/TLR4/LAMA2/FLT1/CDK6/ITGB7/LAMB1/LAMB3/THBS1/TP53/LPAR2/CRTC2/IFNB1/IL6/ATF4/ATF2/RPS6KB1",97
"Organismal Systems","Immune system","hsa04623","Cytosolic DNA-sensing pathway","25/2256","83/9382",0.301204819277108,1.25261685038024,1.30063203022509,0.121967894670012,0.263326187381745,0.263326187381745,"RELA/POLR3B/DDX41/CGAS/POLR3A/CCL4L2/IKBKB/IKBKG/IRF7/CCL5/NLRP3/IFI16/SAMHD1/IL1B/MEFV/NFKBIB/IKBKE/POLR3K/NFKBIA/CCL4/AIM2/POLR2H/IFNB1/IL6/DNASE2",25
"Human Diseases","Immune disease","hsa05330","Allograft rejection","13/2256","39/9382",0.333333333333333,1.3862293144208,1.35989560103352,0.122285380465027,0.263326187381745,0.263326187381745,"CD80/CD40/HLA-B/HLA-DPA1/HLA-E/HLA-A/HLA-DMA/HLA-C/HLA-DPB1/HLA-DRA/HLA-F/TNF/IL10",13
"Cellular Processes","Transport and catabolism","hsa04136","Autophagy - other","11/2256","32/9382",0.34375,1.42954898049645,1.36947176599892,0.124275960298442,0.264368860998503,0.264368860998503,"ATG3/ATG4C/ATG4D/PPP2CA/ATG2A/GABARAPL1/PPP2CB/MTOR/ATG101/PIK3C3/WIPI1",11
"Cellular Processes","Cell growth and death","hsa04215","Apoptosis - multiple species","11/2256","32/9382",0.34375,1.42954898049645,1.36947176599892,0.124275960298442,0.264368860998503,0.264368860998503,"BCL2/CASP9/APAF1/BAX/BIRC6/CYCS/BID/HTRA2/BIRC3/BBC3/PMAIP1",11
"Human Diseases","Neurodegenerative disease","hsa05016","Huntington disease","83/2256","308/9382",0.269480519480519,1.12068538730773,1.21171885539197,0.126933426439959,0.268395377592925,0.268395377592925,"HDAC2/PSMC4/MT-CYB/PSMC6/CLTCL1/CASP9/STX1A/NDUFS2/DNAH17/TGM2/ATP5F1A/UQCRC2/TUBB2A/GPX1/TUBB6/APAF1/MT-CO3/MAP2K7/PSMB2/TBPL1/PSMC3/SLC1A2/NDUFB5/UQCR11/TAF4/DLG4/BAX/CREB1/ATG2A/PSMB6/CYCS/MT-ND2/ATP5F1D/MTOR/NDUFS7/NDUFA8/UQCRFS1/SP1/MAP3K10/VDAC2/ACTR10/TUBA4A/TUBB4B/MT-ND5/ADRM1/ATG101/PPIF/NDUFA11/PSMA7/ITPR1/MT-CO1/TUBA1C/IFT57/NDUFS1/GPX3/DCTN6/MT-ND6/PIK3C3/NDUFB1/MT-ND4/VDAC3/BBC3/POLR2J2/SOD2/PPARG/MT-ATP8/DNAI2/MT-ND1/CLTB/PSMA1/PSMB4/POLR2D/PSMA6/MT-CO2/SDHD/MT-ND3/MT-ATP6/POLR2H/WIPI1/ERN1/TP53/ULK1/NDUFV3",83
"Metabolism","Lipid metabolism","hsa00071","Fatty acid degradation","14/2256","43/9382",0.325581395348837,1.35399142338776,1.30902513800664,0.130416080270806,0.274108048952412,0.274108048952412,"ECI2/ADH5/ACADM/ACSL1/ALDH3A2/ALDH9A1/EHHADH/ACADVL/CYP2U1/GCDH/ALDH1B1/ACOX1/ALDH2/ACAA1",14
"Environmental Information Processing","Signal transduction","hsa04152","AMPK signaling pathway","35/2256","122/9382",0.286885245901639,1.19306621323102,1.20768009166273,0.136068620364765,0.28428622469067,0.28428622469067,"PPP2R2D/PFKFB3/MAP3K7/IGF1R/AKT1S1/PFKP/RPS6KB2/CCND1/MLYCD/CAB39/ADIPOR2/AKT2/PRKAA1/PFKFB4/PPP2R3A/RAB14/RAB10/CREB1/PPP2CA/ADIPOR1/FOXO3/PPP2CB/MTOR/PPP2R5D/PPP2R5A/PFKL/CCNA1/FASN/AKT1/RAB11B/PPARG/SREBF1/CRTC2/RPS6KB1/ULK1",35
"Human Diseases","Endocrine and metabolic disease","hsa04930","Type II diabetes mellitus","15/2256","47/9382",0.319148936170213,1.32724083295609,1.26540767402106,0.13770395311464,0.28502365445031,0.285023654450309,"SOCS3/MAFA/PKM/IKBKB/HK3/HK1/SOCS4/MTOR/CACNA1E/MAPK1/TNF/SOCS1/CACNA1G/CACNA1A/PRKCD",15
"Organismal Systems","Immune system","hsa04611","Platelet activation","36/2256","126/9382",0.285714285714286,1.18819655521783,1.19662060266016,0.138045644605563,0.28502365445031,0.285023654450309,"PRKCI/ADCY3/PRKACB/MAPK11/MAPK13/VASP/ARHGEF1/PIK3R6/AKT2/SYK/RASGRP2/ACTB/TLN2/PPP1CB/ROCK2/GNAI3/MAPK14/ITPR2/GNA13/MAPK1/ITPR1/LCP2/PPP1R12A/AKT1/FERMT3/ADAMTS13/RHOA/ACTG1/SRC/PIK3R5/MAPK12/LYN/FCER1G/GP1BA/PPP1CC/P2RY1",36
"Organismal Systems","Aging","hsa04213","Longevity regulating pathway - multiple species","19/2256","62/9382",0.306451612903226,1.27443662777396,1.21983522247059,0.142642137260896,0.292791755430259,0.292791755430259,"HDAC2/IGF1R/AKT1S1/ADCY3/PRKACB/RPS6KB2/NRAS/AKT2/CLPB/PRKAA1/HSPA1B/FOXO3/MTOR/HSPA1L/AKT1/SOD2/HSPA8/HSPA1A/RPS6KB1",19
"Metabolism","Lipid metabolism","hsa00600","Sphingolipid metabolism","17/2256","55/9382",0.309090909090909,1.28541263700838,1.19441365877637,0.150191519570084,0.306417919627779,0.306417919627779,"DEGS1/NEU1/SPTLC1/SGPP2/SMPD4/UGCG/B4GALT6/SPHK1/HEXA/PLPP3/SMPD2/B4GALT5/ACER3/SPTLC2/CERK/SGMS1/NEU4",17
"Genetic Information Processing","Replication and repair","hsa03410","Base excision repair","14/2256","44/9382",0.318181818181818,1.32321889103804,1.20911426774867,0.151026495998877,0.306417919627779,0.306417919627779,"PARP4/PNKP/POLD3/PCNA/PARP2/PARP1/ADPRS/APEX1/NTHL1/POLB/RFC5/NEIL1/PARG/UNG",14
"Environmental Information Processing","Signal transduction","hsa04310","Wnt signaling pathway","49/2256","178/9382",0.275280898876405,1.14480735516774,1.09744692061605,0.156474052402135,0.315645933293961,0.315645933293961,"DVL1/GPC4/MAP3K7/PPARD/CBY1/LZTS2/CSNK1A1/PRKACB/PORCN/CCND1/RNF43/FZD2/SMAD4/FRAT1/NLK/SKP1/WNT5A/MYC/TCF7L1/TLE1/PRICKLE1/CSNK1E/ROCK2/FOSL1/CTNNB1/CHD8/CCND2/APC/FZD7/DVL3/RAC1/RAC2/CACYBP/CCAR2/PRICKLE3/INVS/DAAM2/CELSR1/RHOA/SMAD3/DAAM1/TLE3/PPP3CB/FZD4/CSNK2A1/FRAT2/FBXW11/TP53/WNT5B",49
"Human Diseases","Infectious disease: bacterial","hsa05100","Bacterial invasion of epithelial cells","23/2256","78/9382",0.294871794871795,1.22627977814148,1.12909218480611,0.159367438134631,0.319645547344317,0.319645547344317,"CLTCL1/WASF1/MET/SHC1/RHOG/MAD2L2/CBL/ARPC5L/ACTB/DNM1/ELMO1/CTNNB1/ARPC1B/RAC1/DNM2/ELMO2/RHOA/ACTG1/VCL/SRC/CLTB/GAB1/CRKL",23
"Metabolism","Carbohydrate metabolism","hsa00010","Glycolysis / Gluconeogenesis","20/2256","67/9382",0.298507462686567,1.24139938604848,1.11571517388239,0.164923160195403,0.328739064628882,0.328739064628882,"ADH5/PKM/PFKP/DLAT/GAPDH/HK3/PDHB/PGM2/HK1/ALDH3A2/GALM/PGK1/ALDH9A1/PFKL/BPGM/ALDH1B1/ALDH2/GPI/ACSS1/ENO1",20
"Genetic Information Processing","Replication and repair","hsa03430","Mismatch repair","8/2256","23/9382",0.347826086956522,1.44650015417823,1.20626302050441,0.166710978643707,0.328739064628882,0.328739064628882,"PMS2/RPA2/POLD3/PCNA/MSH2/MSH3/RPA1/RFC5",8
"Organismal Systems","Excretory system","hsa04964","Proximal tubule bicarbonate reclamation","8/2256","23/9382",0.347826086956522,1.44650015417823,1.20626302050441,0.166710978643707,0.328739064628882,0.328739064628882,"SLC9A3/CA2/GLS/ATP1A1/FXYD2/CA4/ATP1B1/ATP1B3",8
"Metabolism","Global and overview maps","hsa01230","Biosynthesis of amino acids","22/2256","75/9382",0.293333333333333,1.21988179669031,1.07568783789974,0.172757151457903,0.336876445342911,0.336876445342911,"PSPH/GOT2/PKM/PFKP/SDSL/GPT/SDS/GAPDH/RPE/MAT2B/PGK1/GLUL/IDH3A/PFKL/MTR/IDH3G/IDH3B/NAGS/GOT1/CS/IDH1/ENO1",22
"Human Diseases","Drug resistance: antineoplastic","hsa01524","Platinum drug resistance","22/2256","75/9382",0.293333333333333,1.21988179669031,1.07568783789974,0.172757151457903,0.336876445342911,0.336876445342911,"BCL2/CASP9/APAF1/AKT2/MSH2/MSH3/BAX/CYCS/BID/CDKN1A/CDKN2A/MAPK1/ATP7A/BRCA1/BIRC3/ATM/AKT1/BBC3/TP53/TOP2B/POLH/PMAIP1",22
"Organismal Systems","Digestive system","hsa04978","Mineral absorption","18/2256","61/9382",0.295081967213115,1.22715381932333,1.00143995226645,0.195297804628511,0.378726681903908,0.378726681903908,"SLC9A3/FTH1/SLC40A1/ATP2B1/TRPM7/FTL/ATP7A/VDR/ATP1A1/SLC30A1/FXYD2/ATOX1/ATP2B4/SLC26A6/ATP1B1/SLC11A2/CYBRD1/ATP1B3",18
"Organismal Systems","Circulatory system","hsa04261","Adrenergic signaling in cardiomyocytes","42/2256","154/9382",0.272727272727273,1.13418762088975,0.944691977277266,0.196500583978482,0.378965411958501,0.378965411958501,"PPP2R2D/BCL2/TPM4/ADCY3/PRKACB/ATP2A2/MAPK11/MAPK13/ATP2B1/PIK3R6/AKT2/CALM2/PPP2R3A/PPP1CB/CREB1/PPP2CA/GNAI3/MAPK14/PPP2CB/CACNB3/CACNA2D3/PPP2R5D/PPP2R5A/SCN1B/ATP2A3/MAPK1/CALM3/CREM/ATP1A1/FXYD2/AKT1/ATP2B4/PIK3R5/MAPK12/TPM3/ATP1B1/PPP1CC/TPM2/ATP2A1/ATF4/ATF2/ATP1B3",42
"Environmental Information Processing","Signal transduction","hsa04022","cGMP-PKG signaling pathway","45/2256","166/9382",0.271084337349398,1.12735516534222,0.931473666649875,0.199203784915389,0.382079390739353,0.382079390739353,"PDE2A/ADCY3/ATP2A2/VASP/ATP2B1/PIK3R6/AKT2/CALM2/PPP1CB/ADORA3/CREB1/ROCK2/MEF2C/GNAI3/ITPR2/GNA13/VDAC2/ATP2A3/EDNRB/MAPK1/CALM3/PPIF/ITPR1/ATP1A1/PPP1R12A/FXYD2/AKT1/VDAC3/RHOA/ATP2B4/CNGB1/PIK3R5/RAF1/GNA12/ATP1B1/PPP3CB/PPP1CC/SRF/ATP2A1/ATF4/ADRA2B/ATF2/MEF2D/ATP1B3/MYL9",45
"Organismal Systems","Endocrine system","hsa04915","Estrogen signaling pathway","38/2256","139/9382",0.273381294964029,1.13690749528037,0.914954200621245,0.205909217591689,0.392794213992842,0.392794213992842,"KRT10/KRT17/BCL2/SOS2/SHC1/ADCY3/PRKACB/HSP90B1/NRAS/AKT2/CALM2/CREB1/HSPA1B/FKBP5/GNAI3/ITPR2/FOS/SP1/HBEGF/HSPA1L/MAPK1/CALM3/CTSD/ITPR1/SOS1/AKT1/MMP9/SRC/RAF1/HSP90AA1/RARA/GABBR1/HSPA8/HSPA1A/PRKCD/FKBP4/ATF4/ATF2",38
"Organismal Systems","Endocrine system","hsa04912","GnRH signaling pathway","26/2256","93/9382",0.279569892473118,1.16264394112713,0.886882506982669,0.219599630272374,0.416645785003262,0.416645785003262,"SOS2/ADCY3/PRKACB/MAPK11/MAPK13/NRAS/MAP2K7/CALM2/ELK1/MAPK14/ITPR2/PLD2/HBEGF/MAPK1/MAP2K4/CALM3/ITPR1/SOS1/MAPK7/SRC/RAF1/MAPK12/EGR1/PRKCD/ATF4/MAP2K3",26
"Genetic Information Processing","Replication and repair","hsa03420","Nucleotide excision repair","18/2256","63/9382",0.285714285714286,1.18819655521783,0.84327358248787,0.239390711324199,0.451753439111796,0.451753439111796,"CUL4B/RPA2/POLD3/PCNA/GTF2H3/GTF2H2C/XPC/GTF2H1/RAD23A/RPA1/ERCC3/RFC5/POLR2J2/CUL4A/POLR2D/POLR2H/ERCC8/ERCC4",18
"Human Diseases","Endocrine and metabolic disease","hsa04940","Type I diabetes mellitus","13/2256","44/9382",0.295454545454545,1.22870325596389,0.85554519718334,0.243573436879915,0.455091746634613,0.455091746634613,"CD80/IL1A/HLA-B/HLA-DPA1/HLA-E/HLA-A/HLA-DMA/IL1B/HLA-C/HLA-DPB1/HLA-DRA/HLA-F/TNF",13
"Organismal Systems","Endocrine system","hsa04914","Progesterone-mediated oocyte maturation","30/2256","110/9382",0.272727272727273,1.13418762088975,0.79651377468312,0.243752844351303,0.455091746634613,0.455091746634613,"IGF1R/ARAF/ADCY3/PRKACB/ANAPC1/MAPK11/ANAPC7/CPEB2/RPS6KA1/MAPK13/AKT2/MAD2L2/CDC25B/ANAPC16/GNAI3/MAPK14/CPEB4/MAPK1/ANAPC2/CPEB3/CCNA1/FZR1/CDK1/AKT1/RAF1/HSP90AA1/MAPK12/CDC26/CDC23/RPS6KA3",30
"Organismal Systems","Endocrine system","hsa04926","Relaxin signaling pathway","35/2256","130/9382",0.269230769230769,1.11964675395526,0.772904776702336,0.248548614402579,0.459770418042308,0.459770418042308,"TGFB1/RELA/SOS2/VEGFA/SHC1/ADCY3/PRKACB/MAPK11/MAPK13/NRAS/AKT2/MAP2K7/GNB2/VEGFB/SMAD2/EDN1/CREB1/GNA15/GNAI3/MAPK14/FOS/EDNRB/MAPK1/MAP2K4/ARRB2/SOS1/AKT1/MMP9/SRC/RAF1/MAPK12/NFKBIA/RXFP2/ATF4/ATF2",35
"Organismal Systems","Nervous system","hsa04721","Synaptic vesicle cycle","22/2256","79/9382",0.278481012658228,1.15811562976928,0.79405035448899,0.25005267870203,0.459770418042308,0.459770418042308,"SLC6A12/CLTCL1/ATP6V1A/STX1A/NAPA/ATP6V0C/SLC1A2/DNM1/ATP6V1F/ATP6V0B/DNM2/TCIRG1/ATP6V0A2/STXBP1/NSF/VAMP2/CLTB/SLC6A7/ATP6V1H/CACNA1A/ATP6V0D1/SLC6A3",22
"Metabolism","Glycan biosynthesis and metabolism","hsa00511","Other glycan degradation","6/2256","18/9382",0.333333333333333,1.3862293144208,0.922830606565185,0.250188461099945,0.459770418042308,0.459770418042308,"NEU1/ENGASE/HEXA/MAN2C1/NEU4/MANBA",6
"Environmental Information Processing","Signal transduction","hsa04014","Ras signaling pathway","62/2256","238/9382",0.260504201680672,1.08335568269861,0.732869738506563,0.253605840584183,0.46362317731796,0.46362317731796,"RELA/RASSF1/RALA/IGF1R/SOS2/VEGFA/FGFR1/MET/RASAL1/SHC1/PRKACB/PDGFB/PAK1/IKBKB/RALB/IKBKG/NRAS/AKT2/ETS2/REL/GNB2/PLA2G6/HGF/VEGFB/CALM2/RASGRP3/RASGRP2/FLT3/EXOC2/ELK1/EFNA4/FGF9/PLD2/AFDN/CSF1/RAC1/RALGDS/MAPK1/RGL1/CALM3/RAC2/PLA1A/RAB5B/PAK2/RGL2/RRAS2/RAB5C/RAB5A/SOS1/ARF6/AKT1/RHOA/RAF1/NF1/PDGFA/RASSF5/GAB2/RIN1/FLT1/HTR7/GAB1/RASA3",62
"Human Diseases","Cancer: overview","hsa05231","Choline metabolism in cancer","27/2256","99/9382",0.272727272727273,1.13418762088975,0.755191480157612,0.258262181025107,0.469689251501619,0.469689251501619,"SOS2/WASF1/PDGFB/RPS6KB2/NRAS/AKT2/SLC22A5/LYPLA1/SLC22A4/FOS/DGKD/MTOR/PLD2/SP1/PLPP3/RAC1/RALGDS/MAPK1/RAC2/GPCPD1/SOS1/AKT1/DGKA/HIF1A/RAF1/PDGFA/RPS6KB1",27
"Metabolism","Amino acid metabolism","hsa00340","Histidine metabolism","7/2256","22/9382",0.318181818181818,1.32321889103804,0.85396753100484,0.26405379187868,0.477746809017612,0.477746809017612,"ALDH3A2/ALDH9A1/HNMT/CARNMT1/HAL/ALDH1B1/ALDH2",7
"Organismal Systems","Immune system","hsa04670","Leukocyte transendothelial migration","31/2256","116/9382",0.267241379310345,1.11137350207875,0.679103438350178,0.280260257638078,0.500842837056552,0.500842837056552,"ICAM1/VAV3/EZR/MAPK11/MAPK13/VASP/ACTB/CYBA/ROCK2/CTNNB1/GNAI3/MAPK14/MYL5/AFDN/CLDN5/VAV2/RAC1/RAC2/CTNND1/ESAM/MMP9/ACTN4/RHOA/ACTG1/VCL/MAPK12/RASSF5/ACTN1/RHOH/VAV1/MYL9",31
"Environmental Information Processing","Signal transduction","hsa04371","Apelin signaling pathway","37/2256","140/9382",0.264285714285714,1.09908181357649,0.664578350725162,0.282245760599951,0.500842837056552,0.500842837056552,"MAP1LC3B/SPP1/ADCY3/PRKACB/RPS6KB2/CCND1/SMAD4/PIK3R6/HDAC4/NRAS/AKT2/GNB2/PRKAA1/CALM2/SMAD2/MAP1LC3A/MEF2C/JAG1/GNAI3/MAP1LC3B2/ITPR2/MTOR/GNA13/SPHK1/MAPK1/CALM3/ITPR1/RRAS2/PIK3C3/AKT1/PIK3R5/SMAD3/RAF1/EGR1/SERPINE1/RPS6KB1/MEF2D",37
"Cellular Processes","Cellular community - eukaryotes","hsa04550","Signaling pathways regulating pluripotency of stem cells","38/2256","144/9382",0.263888888888889,1.09743154058314,0.662922933323883,0.28239456683082,0.500842837056552,0.500842837056552,"BMPR2/DVL1/PCGF6/IGF1R/FGFR1/ZFHX3/MAPK11/MAPK13/FZD2/SMAD4/SKIL/NRAS/AKT2/WNT5A/MYC/SMAD2/JARID2/ID2/CTNNB1/MAPK14/APC/FZD7/ID1/JAK3/DVL3/SETDB1/ID3/MAPK1/ACVR2A/AKT1/SMAD3/RAF1/MAPK12/FZD4/SMARCAD1/LIF/PCGF3/WNT5B",38
"Metabolism","Glycan biosynthesis and metabolism","hsa00563","Glycosylphosphatidylinositol (GPI)-anchor biosynthesis","9/2256","30/9382",0.3,1.24760638297872,0.764260512062415,0.282526728596003,0.500842837056552,0.500842837056552,"PIGM/PIGQ/PIGC/PGAP3/GPAA1/PIGF/PIGV/PIGA/PGAP2",9
"Environmental Information Processing","Signaling molecules and interaction","hsa04060","Cytokine-cytokine receptor interaction","76/2256","298/9382",0.25503355704698,1.0606049788186,0.59820367903488,0.295533521243446,0.521267668122863,0.521267668122863,"TGFB1/CXCL1/BMPR2/IL1A/TNFRSF18/CCL20/TNFSF8/ACKR3/TNFRSF14/CD40/CCL2/CXCL3/CCL3/CRLF2/CSF3/IL4R/CSF2/CSF3R/CSF2RB/IL1R1/TNFRSF25/IL23A/CXCR1/IFNGR1/CXCL5/CCL4L2/CCL7/TNFRSF21/TNFRSF10A/RELT/CD70/CCR7/CCL5/CCR5/CLCF1/IL27RA/XCR1/CXCL2/TNFRSF4/IL2RG/EBI3/IL1B/BMP6/LTB/IL17RB/CCR2/BMP2/CSF1/CCL3L3/TNFRSF12A/IL27/IL12RB1/CXCL16/TNF/GDF15/IFNGR2/IL7/IL1R2/ACVR2A/IL10/IL11RA/CXCL8/IL1RN/CCR1/TNFSF18/IL1RAP/IL1RL2/IL31RA/CCL4/CXCL6/LIF/IFNB1/IL6/IL10RB/TNFRSF10B/TNFSF10",76
"Metabolism","Amino acid metabolism","hsa00380","Tryptophan metabolism","12/2256","42/9382",0.285714285714286,1.18819655521783,0.68775551795121,0.298269616955244,0.523463177756454,0.523463177756454,"KYAT3/DLST/ALDH3A2/ALDH9A1/EHHADH/IL4I1/GCDH/ALDH8A1/DHTKD1/ALDH1B1/ALDH2/AFMID",12
"Metabolism","Amino acid metabolism","hsa00220","Arginine biosynthesis","7/2256","23/9382",0.304347826086957,1.26568763490595,0.717780645747316,0.306641272668981,0.535478043317475,0.535478043317475,"GOT2/GPT/GLUL/CAD/GLS/NAGS/GOT1",7
"Organismal Systems","Endocrine system","hsa04920","Adipocytokine signaling pathway","19/2256","70/9382",0.271428571428571,1.12878672745694,0.608512985873252,0.313305337007878,0.542980013913288,0.542980013913288,"RXRB/SOCS3/RELA/SLC2A1/PPARA/IKBKB/IKBKG/ADIPOR2/AKT2/PRKAA1/ACSL1/ADIPOR1/MTOR/NFKBIB/APPL1/TNF/AKT1/NFKBIE/NFKBIA",19
"Metabolism","Lipid metabolism","hsa01040","Biosynthesis of unsaturated fatty acids","8/2256","27/9382",0.296296296296296,1.23220383504071,0.679830399916552,0.314031176137884,0.542980013913288,0.542980013913288,"HACD2/ELOVL7/ELOVL3/ACOT2/HSD17B4/ACOX1/ACAA1/HSD17B12",8
"Metabolism","Carbohydrate metabolism","hsa00630","Glyoxylate and dicarboxylate metabolism","9/2256","31/9382",0.290322580645161,1.20736101578586,0.650654048943604,0.319628221403301,0.547265881524677,0.547265881524677,"PGP/GLYCTK/PCCA/MCEE/GLUL/CS/MMUT/ACSS1/AFMID",9
"Genetic Information Processing","Folding, sorting and degradation","hsa03060","Protein export","9/2256","31/9382",0.290322580645161,1.20736101578586,0.650654048943604,0.319628221403301,0.547265881524677,0.547265881524677,"SGTA/SRP19/SRP9/TMEM208/UBL4A/SRP68/SEC61A1/BAG6/SRPRB",9
"Organismal Systems","Immune system","hsa04613","Neutrophil extracellular trap formation","50/2256","195/9382",0.256410256410256,1.06633024186216,0.526639263838263,0.325221441696227,0.554139446773667,0.554139446773668,"H2AJ/HDAC2/RELA/MAP3K7/MAPK11/MAPK13/HDAC6/FPR2/HDAC4/SIGLEC9/HDAC8/AKT2/SYK/ACTB/H2AZ2/CYBA/FPR1/H2AC6/H3-3B/CLEC7A/MAPK14/FCGR1A/H2BC21/MTOR/VDAC2/H3-3A/AQP9/H2BC18/RAC1/MAPK1/TLR2/RAC2/PPIF/CLCN3/AKT1/VDAC3/ACTG1/SRC/TLR8/C5AR1/AZU1/RAF1/MAPK12/TLR4/GP1BA/H2BC4/H2BC12/FCGR3B/MACROH2A1/CLCN5",50
"Human Diseases","Cardiovascular disease","hsa05410","Hypertrophic cardiomyopathy","26/2256","99/9382",0.262626262626263,1.09218067196791,0.518781521304135,0.338284679122547,0.573613151555623,0.573613151555623,"TGFB1/TPM4/ATP2A2/DAG1/ITGA3/ITGB8/ACE/PRKAA1/ACTB/EDN1/ITGA7/CACNB3/CACNA2D3/LMNA/EMD/ATP2A3/MYBPC3/TNF/ACTG1/LAMA2/TPM3/SNTB2/TPM2/ITGB7/ATP2A1/IL6",26
"Metabolism","Carbohydrate metabolism","hsa00052","Galactose metabolism","9/2256","32/9382",0.28125,1.16963098404255,0.54081106889464,0.35761829524797,0.599962987772904,0.599962987772904,"B4GALT1/MGAM/PFKP/HK3/PGM2/HK1/GALM/UGP2/PFKL",9
"Human Diseases","Immune disease","hsa05310","Asthma","9/2256","32/9382",0.28125,1.16963098404255,0.54081106889464,0.35761829524797,0.599962987772904,0.599962987772904,"PRG2/CD40/HLA-DPA1/HLA-DMA/HLA-DPB1/HLA-DRA/TNF/IL10/FCER1G",9
"Metabolism","Lipid metabolism","hsa00564","Glycerophospholipid metabolism","27/2256","104/9382",0.259615384615385,1.07965936988543,0.459618561275628,0.358952214906866,0.599962987772904,0.599962987772904,"GDPD5/ETNK1/GPAM/PLA2G6/LYPLA1/PCYT2/MBOAT1/DGKD/ACHE/LPGAT1/PLD2/CRLS1/PLPP3/GNPAT/PGS1/GPCPD1/PLA1A/MBOAT7/PLD3/AGPAT5/DGKA/LPCAT1/SGMS1/PISD/LPIN1/GPD1L/CEPT1",27
"Metabolism","Glycan biosynthesis and metabolism","hsa00514","Other types of O-glycan biosynthesis","13/2256","49/9382",0.26530612244898,1.10332537270227,0.408005102331272,0.394631365109839,0.653375514875252,0.653375514875252,"LFNG/B4GALT1/MFNG/GALNT7/GALNT10/POFUT1/POFUT2/B4GALT3/GALNT3/GXYLT2/POGLUT1/ST6GAL1/GXYLT1",13
"Human Diseases","Substance dependence","hsa05030","Cocaine addiction","13/2256","49/9382",0.26530612244898,1.10332537270227,0.408005102331272,0.394631365109839,0.653375514875252,0.653375514875252,"GRIN3A/RELA/PRKACB/CDK5R1/DLG4/CREB1/GNAI3/GRM2/GPSM1/SLC6A3/ATF4/ATF2/GRIN2C",13
"Environmental Information Processing","Signal transduction","hsa04024","cAMP signaling pathway","56/2256","226/9382",0.247787610619469,1.03047134877299,0.260894072646132,0.422846868453171,0.692785877524365,0.692785877524365,"GRIN3A/GHRL/RELA/VAV3/PPARA/ADCY3/PRKACB/ATP2A2/PAK1/ATP2B1/ADORA2A/AKT2/CALM2/SSTR2/PPP1CB/EDN1/CREB1/ROCK2/FFAR2/HCAR2/GNAI3/FOS/PLD2/AFDN/PDE4B/ATP2A3/VAV2/RAC1/MAPK1/CALM3/RAC2/RRAS2/ATP1A1/PPP1R12A/FXYD2/AKT1/PDE4A/RHOA/ATP2B4/CNGB1/RAF1/PDE4D/ACOX1/NFKBIA/ATP1B1/GABBR1/PPP1CC/HCAR3/GIPR/PTGER3/ATP2A1/PTGER2/GRIN2C/ATP1B3/VAV1/MYL9",56
"Metabolism","Amino acid metabolism","hsa00330","Arginine and proline metabolism","13/2256","50/9382",0.26,1.08125886524823,0.32414520158361,0.426258974875671,0.692785877524365,0.692785877524365,"GOT2/ALDH3A2/ODC1/ALDH9A1/L3HYPDH/P4HA2/GOT1/SAT1/OAT/SAT2/ALDH1B1/ALDH2/SMOX",13
"Organismal Systems","Sensory system","hsa04750","Inflammatory mediator regulation of TRP channels","25/2256","99/9382",0.252525252525253,1.05017372304606,0.282371562450657,0.427169591088531,0.692785877524365,0.692785877524365,"ADCY3/PRKACB/IL1R1/MAPK11/MAPK13/PLA2G6/HRH1/CALM2/PPP1CB/MAPK14/ITPR2/IL1B/CALM3/ITPR1/ALOX12/F2RL1/SRC/PTGER4/ASIC3/IL1RAP/MAPK12/PPP1CC/PRKCD/PTGER2/MAP2K3",25
"Metabolism","Metabolism of cofactors and vitamins","hsa00860","Porphyrin metabolism","12/2256","46/9382",0.260869565217391,1.08487511563367,0.324675920075665,0.428303519723041,0.692785877524365,0.692785877524365,"EARS2/FTH1/GUSB/CPOX/ALAD/EPRS1/HMBS/FECH/FTL/CP/COX15/COX10",12
"Genetic Information Processing","Folding, sorting and degradation","hsa03050","Proteasome","12/2256","46/9382",0.260869565217391,1.08487511563367,0.324675920075665,0.428303519723041,0.692785877524365,0.692785877524365,"PSMC4/PSMC6/POMP/PSMB2/PSMC3/PSMB6/ADRM1/PSMA7/PSME1/PSMA1/PSMB4/PSMA6",12
"Human Diseases","Immune disease","hsa05340","Primary immunodeficiency","10/2256","38/9382",0.263157894736842,1.09439156401642,0.328042242612277,0.432519864763194,0.69639666299028,0.69639666299028,"RFX5/CD40/ADA/IKBKG/IL2RG/JAK3/TAP2/DCLRE1C/RFXAP/UNG",10
"Organismal Systems","Endocrine system","hsa04918","Thyroid hormone synthesis","19/2256","75/9382",0.253333333333333,1.05353427895981,0.261896044395651,0.440784905482013,0.706463478649254,0.706463478649254,"ADCY3/PRKACB/TG/GPX1/HSP90B1/CREB1/TTF1/ITPR2/GSR/CANX/ITPR1/GPX3/ATP1A1/FXYD2/PDIA4/ATP1B1/ATF4/ATF2/ATP1B3",19
"Metabolism","Glycan biosynthesis and metabolism","hsa00533","Glycosaminoglycan biosynthesis - keratan sulfate","4/2256","14/9382",0.285714285714286,1.18819655521783,0.39648197969447,0.44489461955951,0.709809143024491,0.709809143024491,"B4GALT1/ST3GAL1/CHST2/B4GALT3",4
"Environmental Information Processing","Signaling molecules and interaction","hsa04517","IgSF CAM signaling","73/2256","299/9382",0.244147157190635,1.01533183899049,0.151595529223457,0.462597315867408,0.734713384024707,0.734713384024707,"CD80/INPP5D/ICAM1/VAV3/JAML/FGFR1/EZR/PRKCI/LRFN4/PLXNA2/MAPK11/PLXNA3/TUBB2A/MAPK13/PAK1/TUBB6/CD84/AKT2/CD226/SLAMF1/NCK1/ARPC5L/MTSS1/ACTB/NECTIN4/SPTBN5/NTN1/SLAMF7/CD244/CTNNB1/DOK2/MAPK14/MPP3/ARPC1B/AFDN/DOK1/TUBA4A/PTPN6/TUBB4B/VAV2/RAC1/MAPK1/SPTAN1/PAK2/UNC5A/LCP2/TUBA1C/ESAM/KCNA2/ARF6/AKT1/ACTN4/RHOA/ACTG1/VCL/SRC/NECTIN2/NLGN2/L1CAM/RAPGEF2/MYH10/CRTAM/IL1RAP/ITGAX/MAPK12/LYN/ACTN1/RDX/PLXNA1/MAG/DYNLL1/VAV1/MYL9",73
"Metabolism","Carbohydrate metabolism","hsa00051","Fructose and mannose metabolism","9/2256","35/9382",0.257142857142857,1.06937689969605,0.231357719997736,0.473014194286567,0.747873793669302,0.747873793669302,"PFKFB3/PFKP/HK3/HK1/PFKFB4/SORD/TIGAR/PFKL/FPGT",9
"Organismal Systems","Endocrine system","hsa04935","Growth hormone synthesis, secretion and action","30/2256","122/9382",0.245901639344262,1.02262818276945,0.141545252190061,0.478891302104815,0.753770614523722,0.753770614523722,"SOCS3/GHRL/SOS2/SHC1/ADCY3/PRKACB/MAPK11/MAPK13/NRAS/AKT2/SSTR2/CREB1/GNAI3/MAPK14/ITPR2/FOS/MTOR/MAPK1/MAP2K4/SSTR3/ITPR1/SOCS1/SOS1/AKT1/RAF1/MAPK12/CRKL/ATF4/ATF2/MAP2K3",30
"Cellular Processes","Cellular community - eukaryotes","hsa04540","Gap junction","22/2256","89/9382",0.247191011235955,1.02799027810981,0.149277878716,0.481683463211492,0.754780783871579,0.754780783871579,"SOS2/ADCY3/PRKACB/PDGFB/TUBB2A/TUBB6/LPAR1/CSNK1D/NRAS/GNAI3/ITPR2/TUBA4A/TUBB4B/MAPK1/ITPR1/TUBA1C/SOS1/CDK1/MAPK7/SRC/RAF1/PDGFA",22
"Metabolism","Global and overview maps","hsa01232","Nucleotide metabolism","21/2256","85/9382",0.247058823529412,1.02744055068836,0.14298881819763,0.485120949929873,0.756788681890603,0.756788681890603,"AMPD2/RRM2/AK2/TYMP/ADA/IMPDH1/ENTPD1/NUDT16/UPP1/AK6/GMPS/TK1/GUK1/CMPK2/NME6/ENTPD4/DCK/ENTPD2/NTPCR/PNP/HDDC2",21
"Metabolism","Glycan biosynthesis and metabolism","hsa00515","Mannose type O-glycan biosynthesis","6/2256","23/9382",0.260869565217391,1.08487511563367,0.22929827099022,0.488715278777162,0.759022401994619,0.759022401994619,"B3GALNT2/B4GALT1/FUT4/FKRP/B4GALT3/POMK",6
"Metabolism","Glycan biosynthesis and metabolism","hsa00531","Glycosaminoglycan degradation","5/2256","19/9382",0.263157894736842,1.09439156401642,0.231725419785599,0.495603605765253,0.766329804509268,0.766329804509268,"GUSB/IDS/IDUA/HEXA/SGSH",5
"Metabolism","Glycan biosynthesis and metabolism","hsa00604","Glycosphingolipid biosynthesis - ganglio series","4/2256","15/9382",0.266666666666667,1.10898345153664,0.237671514742471,0.504007761981159,0.772518447403436,0.772518447403436,"SLC33A1/ST3GAL1/ST6GALNAC4/HEXA",4
"Metabolism","Metabolism of cofactors and vitamins","hsa00730","Thiamine metabolism","4/2256","15/9382",0.266666666666667,1.10898345153664,0.237671514742471,0.504007761981159,0.772518447403436,0.772518447403436,"NFS1/AK2/ALPL/NTPCR",4
"Genetic Information Processing","Replication and repair","hsa03030","DNA replication","9/2256","36/9382",0.25,1.0396719858156,0.134181767618077,0.510756226567684,0.779458415327205,0.779458415327205,"RPA2/POLD3/POLA1/PCNA/MCM3/POLA2/PRIM1/RPA1/RFC5",9
"Organismal Systems","Excretory system","hsa04961","Endocrine and other factor-regulated calcium reabsorption","13/2256","53/9382",0.245283018867925,1.02005553325304,0.0823807627579933,0.520283306715705,0.790560349165422,0.790560349165422,"CLTCL1/PRKACB/ATP2B1/DNM1/DNM2/VDR/ATP1A1/FXYD2/KL/ATP2B4/ATP1B1/CLTB/ATP1B3",13
"Metabolism","Glycan biosynthesis and metabolism","hsa00601","Glycosphingolipid biosynthesis - lacto and neolacto series","7/2256","28/9382",0.25,1.0396719858156,0.11828658115152,0.525568631060872,0.791736435632472,0.791736435632472,"B4GALT1/GCNT2/B3GNT5/FUT4/A4GALT/B4GALT3/FUT7",7
"Organismal Systems","Excretory system","hsa04966","Collecting duct acid secretion","7/2256","28/9382",0.25,1.0396719858156,0.11828658115152,0.525568631060872,0.791736435632472,0.791736435632472,"CA2/ATP6V1A/ATP6V0C/ATP6V1F/TCIRG1/ATP6V0A2/ATP6V0D1",7
"Metabolism","Lipid metabolism","hsa00100","Steroid biosynthesis","5/2256","20/9382",0.25,1.0396719858156,0.0999276849392477,0.545991853494109,0.817927119557239,0.817927119557239,"LBR/NSDHL/SQLE/HSD17B7/CYP27B1",5
"Metabolism","Amino acid metabolism","hsa00250","Alanine, aspartate and glutamate metabolism","9/2256","37/9382",0.243243243243243,1.01157274295572,0.0396842998856274,0.547615023065388,0.817927119557239,0.817927119557239,"GOT2/GPT/GLUL/CAD/PPAT/ABAT/GLS/IL4I1/GOT1",9
"Human Diseases","Immune disease","hsa05320","Autoimmune thyroid disease","13/2256","54/9382",0.240740740740741,1.00116561597058,0.00483313923983798,0.550730434031854,0.81909484044568,0.81909484044568,"CD80/CD40/TG/HLA-B/HLA-DPA1/HLA-E/HLA-A/HLA-DMA/HLA-C/HLA-DPB1/HLA-DRA/HLA-F/IL10",13
"Organismal Systems","Nervous system","hsa04720","Long-term potentiation","16/2256","67/9382",0.238805970149254,0.993119508838785,-0.0318006955941047,0.560005500809296,0.829375235375793,0.829375235375793,"ARAF/PRKACB/RPS6KA1/NRAS/CALM2/PPP1CB/ITPR2/MAPK1/CALM3/ITPR1/RAF1/PPP3CB/PPP1CC/ATF4/RPS6KA3/GRIN2C",16
"Environmental Information Processing","Signal transduction","hsa04392","Hippo signaling pathway - multiple species","7/2256","29/9382",0.241379310344828,1.00382122768403,0.0115957182350668,0.566885730814593,0.836037359310598,0.836037359310598,"RASSF1/STK3/PAK1/SAV1/FRMD6/CSNK1E/LATS1",7
"Metabolism","Nucleotide metabolism","hsa00240","Pyrimidine metabolism","14/2256","59/9382",0.23728813559322,0.986807308570742,-0.0571943034131517,0.573121889371873,0.839381499061469,0.839381499061469,"UPB1/DHODH/RRM2/TYMP/ENTPD1/UPP1/CAD/TK1/CMPK2/NME6/ENTPD4/DCK/NUDT2/HDDC2",14
"Organismal Systems","Endocrine system","hsa03320","PPAR signaling pathway","18/2256","76/9382",0.236842105263158,0.984952407614782,-0.0741077276932984,0.573936067734338,0.839381499061469,0.839381499061469,"RXRB/FABP5/OLR1/PPARD/PPARA/ACADM/PLIN5/SLC27A1/APOA2/ACSL1/PLIN4/EHHADH/HMGCS1/PPARG/DBI/ACOX1/ACAA1/PLIN2",18
"Metabolism","Metabolism of cofactors and vitamins","hsa00130","Ubiquinone and other terpenoid-quinone biosynthesis","3/2256","12/9382",0.25,1.0396719858156,0.0773706016817857,0.579340563893338,0.840283214572568,0.840283214572568,"COQ5/GGCX/VKORC1L1",3
"Genetic Information Processing","Information processing in viruses","hsa03265","Virion - Ebolavirus, Lyssavirus and Morbillivirus","3/2256","12/9382",0.25,1.0396719858156,0.0773706016817857,0.579340563893338,0.840283214572568,0.840283214572568,"SLAMF1/NECTIN4/FCGR2B",3
"Cellular Processes","Cell motility","hsa04820","Cytoskeleton in muscle cells","55/2256","233/9382",0.236051502145923,0.98166453596323,-0.159460917640175,0.588968102669325,0.849919814152932,0.849919814152932,"AMPD2/PLEC/FHL1/TPM4/DAG1/PDLIM7/SYNPO2/ITGA3/ITGB8/TMOD3/TMOD4/PKP2/LBR/CAPZB/ACTB/TLN2/SPTBN5/ITGA7/MYL5/SYNE1/TNNI2/LMNA/EMD/FMNL1/PDLIM1/SDC4/MYBPC3/SPTAN1/TCAP/MYOM1/SDC2/ATP1A1/DAAM2/VIM/ACTG1/VCL/AGRN/SYNE3/MYH10/DAAM1/ZYX/LAMA2/TPM3/ATP1B1/SUN2/SNTB2/TPM2/ITGB7/THBS1/TNNT3/ENO1/TMOD2/NEB/ATP1B3/MYL9",55
"Metabolism","Glycan biosynthesis and metabolism","hsa00532","Glycosaminoglycan biosynthesis - chondroitin sulfate / dermatan sulfate","5/2256","21/9382",0.238095238095238,0.99016379601486,-0.0253890971861102,0.593832970456281,0.849919814152932,0.849919814152932,"CHST7/CHST11/CHSY1/DSEL/DSE",5
"Genetic Information Processing","Transcription","hsa03020","RNA polymerase","8/2256","34/9382",0.235294117647059,0.978514810179391,-0.0706139504192182,0.594073153930099,0.849919814152932,0.849919814152932,"POLR3B/POLR3A/POLR1B/POLR3K/POLR2J2/POLR2D/POLR1F/POLR2H",8
"Metabolism","Carbohydrate metabolism","hsa00620","Pyruvate metabolism","11/2256","47/9382",0.234042553191489,0.973309944167798,-0.103207784814099,0.597202379154533,0.849919814152932,0.849919814152932,"ADH5/PKM/DLAT/PDHB/ALDH3A2/ALDH9A1/ME2/ALDH1B1/ACYP1/ALDH2/ACSS1",11
"Metabolism","Nucleotide metabolism","hsa00230","Purine metabolism","30/2256","128/9382",0.234375,0.974692486702128,-0.16220376012774,0.598602949462937,0.849919814152932,0.849919814152932,"PDE2A/NUDT9/AMPD2/RRM2/AK2/ADA/ADCY3/IMPDH1/ENTPD1/NUDT16/PGM2/AK6/PRUNE1/GMPS/PDE1B/PPAT/PDE4B/PDE6A/GART/GUK1/NME6/PDE4A/ENTPD4/PDE4D/DCK/NUDT2/ENTPD2/NTPCR/PNP/HDDC2",30
"Organismal Systems","Nervous system","hsa04730","Long-term depression","14/2256","60/9382",0.233333333333333,0.970360520094563,-0.129587425293923,0.601204938820808,0.849919814152932,0.849919814152932,"IGF1R/ARAF/NRAS/PPP2CA/GNAI3/ITPR2/PPP2CB/GNA13/MAPK1/ITPR1/RAF1/LYN/GNA12/CACNA1A",14
"Organismal Systems","Endocrine system","hsa04921","Oxytocin signaling pathway","36/2256","154/9382",0.233766233766234,0.972160817905499,-0.195990150240792,0.608813791714805,0.849919814152932,0.849919814152932,"CAMK1G/ADCY3/PRKACB/CCND1/PIK3R6/NRAS/PRKAA1/CALM2/ACTB/PPP1CB/ELK1/ROCK2/MEF2C/GNAI3/ITPR2/FOS/CACNB3/CACNA2D3/CDKN1A/PTGS2/MAPK1/PPP1R12C/CALM3/ITPR1/KCNJ2/PPP1R12A/MAPK7/RHOA/ACTG1/SRC/PIK3R5/RAF1/PPP3CB/PPP1CC/RCAN1/MYL9",36
"Metabolism","Metabolism of other amino acids","hsa00450","Selenocompound metabolism","4/2256","17/9382",0.235294117647059,0.978514810179391,-0.0498862629410649,0.612603565408221,0.849919814152932,0.849919814152932,"KYAT3/MTR/SEPHS2/MARS2",4
"Metabolism","Energy metabolism","hsa00910","Nitrogen metabolism","4/2256","17/9382",0.235294117647059,0.978514810179391,-0.0498862629410649,0.612603565408221,0.849919814152932,0.849919814152932,"CA2/GLUL/CA4/CA5B",4
"Genetic Information Processing","Information processing in viruses","hsa03273","Virion - Lassa virus and SFTS virus","4/2256","17/9382",0.235294117647059,0.978514810179391,-0.0498862629410649,0.612603565408221,0.849919814152932,0.849919814152932,"LAMP1/DAG1/TFRC/MYH10",4
"Human Diseases","Substance dependence","hsa05031","Amphetamine addiction","16/2256","69/9382",0.231884057971014,0.96433343611882,-0.167306271908085,0.612620264902256,0.849919814152932,0.849919814152932,"HDAC2/GRIN3A/ARC/STX1A/PRKACB/CALM2/PPP1CB/CREB1/FOS/CALM3/PPP3CB/PPP1CC/SLC6A3/ATF4/ATF2/GRIN2C",16
"Metabolism","Metabolism of cofactors and vitamins","hsa00670","One carbon pool by folate","9/2256","39/9382",0.230769230769231,0.959697217675941,-0.141904237574741,0.617698382075585,0.850414942267398,0.850414942267398,"AHCYL2/ALDH1L2/MAT2B/MTHFD2/AHCYL1/GART/MTR/MTHFD2L/MTHFR",9
"Organismal Systems","Digestive system","hsa04979","Cholesterol metabolism","12/2256","52/9382",0.230769230769231,0.959697217675941,-0.163971015185028,0.618202212309039,0.850414942267398,0.850414942267398,"VAPA/NPC2/APOA2/ANGPTL8/VDAC2/OSBPL5/VDAC3/ABCA1/APOE/LDLR/STARD3/LRP1",12
"Metabolism","Lipid metabolism","hsa00561","Glycerolipid metabolism","15/2256","65/9382",0.230769230769231,0.959697217675941,-0.183453020268442,0.620245655898729,0.850414942267398,0.850414942267398,"PNPLA2/GLYCTK/GPAM/ALDH3A2/DGAT1/MBOAT1/ALDH9A1/DGKD/PLPP3/AGPAT5/DGKA/ALDH1B1/DGAT2/ALDH2/LPIN1",15
"Human Diseases","Endocrine and metabolic disease","hsa04934","Cushing syndrome","36/2256","155/9382",0.232258064516129,0.965888812628689,-0.240937074285804,0.62602744742786,0.854231059049622,0.854231059049622,"DVL1/ADCY3/PRKACB/E2F1/RB1/CCND1/NR4A1/FZD2/KMT2A/WNT5A/TCF7L1/CREB1/CTNNB1/RBBP5/GNAI3/ITPR2/ASH2L/APC/FZD7/DVL3/SP1/CDKN1A/CDKN2A/MAPK1/AHR/CDKN1B/ARMC5/ITPR1/CACNA1G/FZD4/CDK6/LDLR/ATF4/ATF2/WDR5B/WNT5B",36
"Genetic Information Processing","Information processing in viruses","hsa03272","Virion - Hepatitis viruses","11/2256","48/9382",0.229166666666667,0.953032653664303,-0.183549814611591,0.627896334002287,0.854231059049622,0.854231059049622,"CD63/LAMP1/CD81/CHMP1B/PDCD6IP/IST1/CLDN5/CHMP1A/CHMP7/LDLR/CHMP4B",11
"Metabolism","Global and overview maps","hsa01212","Fatty acid metabolism","13/2256","57/9382",0.228070175438596,0.948472688814234,-0.219544061764816,0.637269645992953,0.863635697851454,0.863635697851454,"HACD2/ELOVL7/ELOVL3/ACADM/ACSL1/EHHADH/ACADVL/FASN/CBR4/HSD17B4/ACOX1/ACAA1/HSD17B12",13
"Metabolism","Carbohydrate metabolism","hsa00030","Pentose phosphate pathway","7/2256","31/9382",0.225806451612903,0.939058567833448,-0.191221042380198,0.644020830733738,0.866096979262614,0.866096979262614,"PFKP/GLYCTK/PGM2/RPE/PFKL/G6PD/GPI",7
"Metabolism","Carbohydrate metabolism","hsa00053","Ascorbate and aldarate metabolism","7/2256","31/9382",0.225806451612903,0.939058567833448,-0.191221042380198,0.644020830733738,0.866096979262614,0.866096979262614,"GUSB/ALDH3A2/ALDH9A1/KL/ALDH1B1/ALDH2/UGDH",7
"Human Diseases","Cardiovascular disease","hsa05414","Dilated cardiomyopathy","24/2256","105/9382",0.228571428571429,0.950557244174265,-0.286658449303702,0.649773956251173,0.870498697115121,0.870498697115121,"TGFB1/TPM4/ADCY3/PRKACB/ATP2A2/DAG1/ITGA3/ITGB8/ACTB/ITGA7/CACNB3/CACNA2D3/LMNA/EMD/ATP2A3/MYBPC3/TNF/ACTG1/LAMA2/TPM3/SNTB2/TPM2/ITGB7/ATP2A1",24
"Metabolism","Carbohydrate metabolism","hsa00650","Butanoate metabolism","6/2256","27/9382",0.222222222222222,0.924152876280536,-0.222059986398082,0.660529953665933,0.881543778466702,0.881543778466702,"BDH1/HMGCL/ABAT/ACSM1/EHHADH/HMGCS1",6
"Metabolism","Carbohydrate metabolism","hsa00500","Starch and sucrose metabolism","8/2256","36/9382",0.222222222222222,0.924152876280536,-0.256536216178571,0.663995689231182,0.882812450455095,0.882812450455095,"MGAM/HK3/PGM2/HK1/UGP2/AGL/PYGM/GPI",8
"Organismal Systems","Digestive system","hsa04971","Gastric acid secretion","17/2256","76/9382",0.223684210526316,0.93023282941396,-0.34359559638265,0.677217532827323,0.893949236413758,0.893949236413758,"CA2/EZR/ADCY3/PRKACB/CALM2/SSTR2/ACTB/KCNJ15/GNAI3/ITPR2/CALM3/ITPR1/KCNJ2/ATP1A1/ACTG1/ATP1B1/ATP1B3",17
"Organismal Systems","Development and regeneration","hsa04360","Axon guidance","42/2256","184/9382",0.228260869565217,0.949265726179463,-0.391052317540903,0.679659171881839,0.893949236413758,0.893949236413758,"BMPR2/RGS3/MET/PLXNA2/SEMA3B/PLXNA3/PAK1/LIMK2/CFL1/NRAS/EPHA1/WNT5A/NCK1/PLXNC1/SEMA3F/NTN1/ROCK2/EFNA4/GNAI3/DPYSL2/CFL2/MYL5/RAC1/MAPK1/SEMA6B/RAC2/EPHB4/PAK2/SEMA4B/UNC5A/EPHB3/EFNB1/RHOA/SRC/L1CAM/RAF1/PPP3CB/NTNG2/RGMA/PLXNA1/MYL9/WNT5B",42
"Organismal Systems","Endocrine system","hsa04614","Renin-angiotensin system","5/2256","23/9382",0.217391304347826,0.904062596361394,-0.259184103766875,0.680387736858468,0.893949236413758,0.893949236413758,"LNPEP/NLN/ACE/CTSA/MME",5
"Organismal Systems","Endocrine system","hsa04925","Aldosterone synthesis and secretion","22/2256","98/9382",0.224489795918367,0.933583007671154,-0.371874058390498,0.682559530937001,0.893949236413758,0.893949236413758,"PDE2A/CAMK1G/ADCY3/PRKACB/NR4A1/ATP2B1/CALM2/CREB1/ITPR2/PRKD3/CALM3/ITPR1/ATP1A1/ATF1/ATP2B4/CACNA1G/ATP1B1/LDLR/ATF4/ATF2/PRKD2/ATP1B3",22
"Metabolism","Lipid metabolism","hsa00062","Fatty acid elongation","6/2256","28/9382",0.214285714285714,0.891147416413374,-0.324556477253731,0.697337587103678,0.906538863234781,0.906538863234781,"HACD2/ELOVL7/ELOVL3/ACOT2/MBLAC2/HSD17B12",6
"Metabolism","Metabolism of cofactors and vitamins","hsa00790","Folate biosynthesis","6/2256","28/9382",0.214285714285714,0.891147416413374,-0.324556477253731,0.697337587103678,0.906538863234781,0.906538863234781,"ALPL/GCH1/FPGS/PTS/CBR1/PCBD2",6
"Human Diseases","Cardiovascular disease","hsa05412","Arrhythmogenic right ventricular cardiomyopathy","19/2256","86/9382",0.22093023255814,0.918779894441696,-0.425731636624947,0.704336759069373,0.912259049569557,0.912259049569557,"ATP2A2/DAG1/ITGA3/ITGB8/PKP2/TCF7L1/ACTB/ITGA7/CTNNB1/CACNB3/CACNA2D3/LMNA/EMD/ATP2A3/ACTG1/LAMA2/SNTB2/ITGB7/ATP2A1",19
"Organismal Systems","Endocrine system","hsa04924","Renin secretion","15/2256","69/9382",0.217391304347826,0.904062596361394,-0.450027353147575,0.717342607101135,0.924037898661393,0.924037898661393,"PRKACB/ACE/CALM2/EDN1/PDE1B/CREB1/GNAI3/ITPR2/CALM3/ITPR1/KCNJ2/PTGER4/PPP3CB/CTSB/PTGER2",15
"Metabolism","Glycan biosynthesis and metabolism","hsa00534","Glycosaminoglycan biosynthesis - heparan sulfate / heparin","5/2256","24/9382",0.208333333333333,0.866393321513002,-0.368734246091709,0.718696143403306,0.924037898661393,0.924037898661393,"HS3ST1/GLCE/HS2ST1/HS6ST1/HS3ST3B1",5
"Organismal Systems","Circulatory system","hsa04260","Cardiac muscle contraction","19/2256","87/9382",0.218390804597701,0.908219205999837,-0.483902589739368,0.724389907600459,0.926859234230642,0.926859234230642,"MT-CYB/TPM4/ATP2A2/UQCRC2/MT-CO3/UQCR11/CACNB3/CACNA2D3/UQCRFS1/ATP2A3/MT-CO1/ATP1A1/FXYD2/TPM3/ATP1B1/MT-CO2/TPM2/ATP2A1/ATP1B3",19
"Metabolism","Metabolism of cofactors and vitamins","hsa00760","Nicotinate and nicotinamide metabolism","8/2256","38/9382",0.210526315789474,0.875513251213139,-0.432633071324545,0.726171764710617,0.926859234230642,0.926859234230642,"NADSYN1/SIRT2/SIRT7/NAMPT/NMNAT1/NNT/NAPRT/PNP",8
"Organismal Systems","Sensory system","hsa04744","Phototransduction","6/2256","29/9382",0.206896551724138,0.86041819515774,-0.423568395690525,0.731368506135612,0.930020431574529,0.930020431574529,"CALM2/RCVRN/PDE6A/SAG/CALM3/CNGB1",6
"Metabolism","Energy metabolism","hsa00920","Sulfur metabolism","2/2256","10/9382",0.2,0.831737588652482,-0.299531274978565,0.733947747994714,0.930020431574529,0.930020431574529,"BPNT1/SUOX",2
"Organismal Systems","Immune system","hsa04610","Complement and coagulation cascades","19/2256","88/9382",0.215909090909091,0.897898533204384,-0.541431089627685,0.743589189812212,0.938848221669376,0.938848221669376,"SERPINA1/F10/F3/CLU/CD55/C2/SERPING1/C1QC/C3AR1/VTN/PLAU/SERPINB2/C1QA/C5AR1/PLAUR/F12/ITGAX/THBD/SERPINE1",19
"Organismal Systems","Digestive system","hsa04973","Carbohydrate digestion and absorption","10/2256","48/9382",0.208333333333333,0.866393321513002,-0.522138953558887,0.750269364465271,0.943887264972437,0.943887264972437,"MGAM/HK3/AKT2/HK1/ATP1A1/FXYD2/AKT1/ATP1B1/ATP1B3/TAS1R3",10
"Organismal Systems","Nervous system","hsa04728","Dopaminergic synapse","29/2256","133/9382",0.218045112781955,0.906781581613608,-0.609188038743621,0.758864766361135,0.951291189259851,0.951291189259851,"PPP2R2D/PRKACB/MAPK11/MAPK13/AKT2/GNB2/CALM2/PPP2R3A/PPP1CB/CREB1/PPP2CA/GNAI3/MAPK14/ITPR2/PPP2CB/FOS/PPP2R5D/PPP2R5A/CALM3/ITPR1/ARRB2/AKT1/MAPK12/PPP3CB/CACNA1A/PPP1CC/SLC6A3/ATF4/ATF2",29
"Metabolism","Amino acid metabolism","hsa00360","Phenylalanine metabolism","3/2256","16/9382",0.1875,0.779753989361702,-0.496091940922442,0.778255456714402,0.96448925608515,0.96448925608515,"GOT2/IL4I1/GOT1",3
"Metabolism","Glycan biosynthesis and metabolism","hsa00603","Glycosphingolipid biosynthesis - globo and isoglobo series","3/2256","16/9382",0.1875,0.779753989361702,-0.496091940922442,0.778255456714402,0.96448925608515,0.96448925608515,"ST3GAL1/A4GALT/HEXA",3
"Metabolism","Lipid metabolism","hsa00590","Arachidonic acid metabolism","13/2256","63/9382",0.206349206349206,0.858141956546212,-0.635639373789459,0.780358146923353,0.96448925608515,0.96448925608515,"PTGES3/PLA2G6/ALOX15B/PTGS2/PTGES/ALOX5/CYP2U1/CYP4F3/ALOX12/LTC4S/CBR1/GPX4/GGT1",13
"Human Diseases","Infectious disease: bacterial","hsa05150","Staphylococcus aureus infection","21/2256","99/9382",0.212121212121212,0.882145927358693,-0.663268272963252,0.780384469311062,0.96448925608515,0.96448925608515,"KRT10/KRT17/ICAM1/FCAR/FPR2/C2/C1QC/C3AR1/HLA-DPA1/FPR1/HLA-DMA/FCGR1A/FCGR2B/HLA-DPB1/HLA-DRA/IL10/C1QA/C5AR1/PTAFR/FCGR2C/FCGR3B",21
"Cellular Processes","Cellular community - eukaryotes","hsa04530","Tight junction","37/2256","170/9382",0.217647058823529,0.905126199415937,-0.702368459853145,0.78443503934982,0.966093680041358,0.966093680041358,"PPP2R2D/CD1A/ARHGEF2/EZR/PRKCI/PCNA/PRKACB/CCND1/VASP/YBX3/MAP2K7/PRKAA1/ARPC5L/ACTB/PPP2CA/ROCK2/RUNX1/PPP2CB/NEDD4L/ARPC1B/AFDN/TUBA4A/CLDN5/RAC1/MICALL2/TUBA1C/ACTN4/RHOA/ACTG1/SRC/RAPGEF2/RAB8B/MYH10/ACTN1/RDX/RAP2C/MYL9",37
"Metabolism","Glycan biosynthesis and metabolism","hsa00513","Various types of N-glycan biosynthesis","9/2256","45/9382",0.2,0.831737588652482,-0.636591583684313,0.788343141303691,0.96751203705453,0.96751203705453,"MAN1C1/B4GALT1/MAN2A2/STT3A/MGAT4B/B4GALT3/HEXA/OSTC/ALG2",9
"Organismal Systems","Immune system","hsa04672","Intestinal immune network for IgA production","10/2256","50/9382",0.2,0.831737588652482,-0.671206188747209,0.796261097558391,0.971845958028287,0.971845958028287,"TGFB1/CD80/CD40/HLA-DPA1/HLA-DMA/HLA-DPB1/HLA-DRA/IL10/ITGB7/IL6",10
"Metabolism","Glycan biosynthesis and metabolism","hsa00512","Mucin type O-glycan biosynthesis","7/2256","36/9382",0.194444444444444,0.808633766745469,-0.647254199975218,0.797412068125774,0.971845958028287,0.971845958028287,"ST3GAL1/ST6GALNAC4/GALNT7/GALNT10/GCNT1/B4GALT5/GALNT3",7
"Metabolism","Metabolism of other amino acids","hsa00430","Taurine and hypotaurine metabolism","3/2256","17/9382",0.176470588235294,0.733886107634543,-0.617887378126832,0.813752290565727,0.988328906534845,0.988328906534845,"CSAD/ADO/GGT1",3
"Human Diseases","Infectious disease: parasitic","hsa05143","African trypanosomiasis","7/2256","37/9382",0.189189189189189,0.786778800076673,-0.731160630812004,0.821051387218092,0.993755299701898,0.993755299701898,"ICAM1/IL1B/TNF/IL10/F2RL1/MYD88/IL6",7
"Organismal Systems","Endocrine system","hsa04922","Glucagon signaling pathway","22/2256","107/9382",0.205607476635514,0.85505733412872,-0.84840336266865,0.83175375672408,1,1,"PPP4C/SLC2A1/PPARA/PKM/PFKP/PRKACB/AKT2/PDHB/PRKAA1/CALM2/SIK2/CREB1/ITPR2/PFKL/CALM3/ITPR1/AKT1/PPP3CB/PYGM/CRTC2/ATF4/ATF2",22
"Organismal Systems","Excretory system","hsa04960","Aldosterone-regulated sodium reabsorption","7/2256","38/9382",0.184210526315789,0.766074094811497,-0.812970728292955,0.842475818106877,1,1,"NEDD4L/MAPK1/SGK1/ATP1A1/FXYD2/ATP1B1/ATP1B3",7
"Metabolism","Lipid metabolism","hsa00061","Fatty acid biosynthesis","3/2256","18/9382",0.166666666666667,0.693114657210402,-0.733251403915796,0.844303699712981,1,1,"ACSL1/FASN/CBR4",3
"Human Diseases","Cancer: overview","hsa05207","Chemical carcinogenesis - receptor activation","46/2256","217/9382",0.211981566820276,0.881565186129359,-0.993148568060277,0.859035533913428,1,1,"RXRB/RELA/PTGES3/BCL2/PPARA/SOS2/VEGFA/ADCY3/PRKACB/E2F1/RPS6KB2/RB1/RPS6KA1/CCND1/PAQR8/HSP90B1/NRAS/AKT2/NR1I3/MYC/CREB1/JAG1/GNAI3/FGF9/FOS/MTOR/BCL6/IKBKE/MAPK1/AHR/KPNA4/VDR/ARRB2/KPNA2/SOS1/AKT1/SRC/DLL1/RAF1/HSP90AA1/CACNA1A/KLF5/ATF4/ATF2/RPS6KB1/RPS6KA3",46
"Metabolism","Amino acid metabolism","hsa00270","Cysteine and methionine metabolism","10/2256","54/9382",0.185185185185185,0.770127396900447,-0.953149516003016,0.868974453131767,1,1,"AHCYL2/GOT2/SDSL/SDS/KYAT3/MAT2B/AHCYL1/MTR/IL4I1/GOT1",10
"Organismal Systems","Endocrine system","hsa04916","Melanogenesis","20/2256","101/9382",0.198019801980198,0.82350256302226,-1.003397258973,0.870078533358957,1,1,"DVL1/ADCY3/PRKACB/FZD2/NRAS/WNT5A/CALM2/TCF7L1/EDN1/CREB1/CTNNB1/GNAI3/FZD7/DVL3/EDNRB/MAPK1/CALM3/RAF1/FZD4/WNT5B",20
"Metabolism","Metabolism of other amino acids","hsa00480","Glutathione metabolism","11/2256","59/9382",0.186440677966102,0.775348599591297,-0.973931697414611,0.872015308175992,1,1,"RRM2/GPX1/ODC1/LANCL1/GSR/GPX3/G6PD/IDH1/GSTK1/GPX4/GGT1",11
"Cellular Processes","Cell motility","hsa04814","Motor proteins","40/2256","194/9382",0.206185567010309,0.857461431600497,-1.12874014346875,0.889008820501846,1,1,"MYO9A/TPM4/DNAH17/TUBB2A/TUBB6/MYO1G/DYNLT1/CAPZB/KIFC3/ACTB/HOOK3/DYNC1H1/MYL5/DYNLT4/TNNI2/KIF2A/ACTR10/TUBA4A/KIFC2/TUBB4B/DYNLT3/MYO9B/DYNC1LI1/MYO1C/TUBA1C/DCTN6/TUBD1/MYO15B/KIF16B/ACTG1/KIF23/MYH10/DNAI2/TPM3/TPM2/DYNC1I2/TNNT3/KIF11/DYNLL1/MYL9",40
"Genetic Information Processing","Translation","hsa03008","Ribosome biogenesis in eukaryotes","37/2256","183/9382",0.202185792349727,0.840827616943766,-1.22347235433349,0.90704030555664,1,1,"NVL/POP7/RPP40/TCOF1/RBM28/UTP15/UTP6/AK6/NXT1/EMG1/MDN1/RCL1/NXF1/SNORD3C/GTPBP4/IMP3/WDR3/BMS1/FCF1/XPO1/POP1/RPP25L/SNORD3B-2/NOP56/RPP25/NMD3/NOB1/RPP38/RIOK2/SNORD3A/MPHOSPH10/CSNK2A1/REXO1/SBDS/POP5/UTP18/EFL1",37
"Organismal Systems","Endocrine system","hsa04913","Ovarian steroidogenesis","9/2256","52/9382",0.173076923076923,0.719772913256956,-1.14009795964311,0.907854320998122,1,1,"IGF1R/ADCY3/PRKACB/ACOT2/HSD17B7/BMP6/PTGS2/ALOX5/LDLR",9
"Metabolism","Glycan biosynthesis and metabolism","hsa00510","N-Glycan biosynthesis","10/2256","57/9382",0.175438596491228,0.729594376010949,-1.15212588525297,0.908480059024908,1,1,"MAN1C1/B4GALT1/MAN2A2/STT3A/MGAT4B/B4GALT3/DPAGT1/OSTC/ST6GAL1/ALG2",10
"Metabolism","Carbohydrate metabolism","hsa00040","Pentose and glucuronate interconversions","6/2256","37/9382",0.162162162162162,0.674381828637148,-1.11658309616082,0.910034190176178,1,1,"GUSB/RPE/UGP2/SORD/KL/UGDH",6
"Human Diseases","Immune disease","hsa05322","Systemic lupus erythematosus","28/2256","143/9382",0.195804195804196,0.814288548331102,-1.25911508361663,0.915266276059633,1,1,"H2AJ/CD80/CD40/TRIM21/C2/SNRPD3/C1QC/HLA-DPA1/H2AZ2/H2AC6/H3-3B/HLA-DMA/FCGR1A/H2BC21/SNRPB/HLA-DPB1/HLA-DRA/H3-3A/H2BC18/TNF/IL10/C1QA/ACTN4/ACTN1/H2BC4/H2BC12/FCGR3B/MACROH2A1",28
"Organismal Systems","Circulatory system","hsa04270","Vascular smooth muscle contraction","26/2256","134/9382",0.194029850746269,0.806909600931513,-1.26666093116609,0.917110924140555,1,1,"ARAF/ADCY3/PRKACB/ADM/ARHGEF1/ADORA2A/PLA2G6/CALM2/PPP1CB/EDN1/ROCK2/ITPR2/GNA13/MAPK1/PPP1R12C/CALM3/ITPR1/ADORA2B/PPP1R12A/RHOA/MYH10/RAF1/GNA12/PPP1CC/PRKCD/MYL9",26
"Human Diseases","Infectious disease: viral","hsa05171","Coronavirus disease","49/2256","239/9382",0.205020920502092,0.852618030208611,-1.29858431786239,0.917410697015984,1,1,"RELA/MAP3K7/CCL2/CSF3/RPS2/CSF2/CGAS/MAPK11/MAPK13/IKBKB/IKBKG/C2/ACE/SYK/C1QC/C3AR1/NLRP3/RPL28/STAT2/ADAM17/RPS15/MAPK14/FOS/IL1B/TYK2/NFKBIB/MX2/RPS19/IRAK4/HBEGF/IKBKE/MAPK1/TLR2/TNF/RPL36AL/RPL13/C1QA/IRAK1/IRF9/CXCL8/TLR8/C5AR1/MAPK12/TLR4/NFKBIA/UBA52/MYD88/IFNB1/IL6",49
"Organismal Systems","Nervous system","hsa04724","Glutamatergic synapse","22/2256","116/9382",0.189655172413793,0.788716678894595,-1.28830670806485,0.921961529710791,1,1,"GRIN3A/ADCY3/PRKACB/HOMER1/GNB2/SLC1A2/DLG4/LZTS3/GLUL/GNAI3/ITPR2/PLD2/GLS/MAPK1/GRM2/ITPR1/HOMER3/GRK2/PPP3CB/CACNA1A/NCDN/GRIN2C",22
"Environmental Information Processing","Signaling molecules and interaction","hsa04512","ECM-receptor interaction","16/2256","89/9382",0.179775280898876,0.747629293170771,-1.34594460325572,0.933243761450432,1,1,"SPP1/TNXB/DAG1/ITGA3/LAMB2/ITGB8/VTN/ITGA7/SDC4/AGRN/LAMA2/GP1BA/ITGB7/LAMB1/LAMB3/THBS1",16
"Organismal Systems","Endocrine system","hsa04927","Cortisol synthesis and secretion","11/2256","65/9382",0.169230769230769,0.703777959629023,-1.34836417841296,0.937300064412344,1,1,"ADCY3/PRKACB/NR4A1/CREB1/ITPR2/SP1/ITPR1/CACNA1G/LDLR/ATF4/ATF2",11
"Organismal Systems","Endocrine system","hsa04929","GnRH secretion","11/2256","65/9382",0.169230769230769,0.703777959629023,-1.34836417841296,0.937300064412344,1,1,"SPP1/NRAS/AKT2/ITPR2/MAPK1/ITPR1/ARRB2/AKT1/RAF1/CACNA1G/GABBR1",11
"Metabolism","Lipid metabolism","hsa00120","Primary bile acid biosynthesis","2/2256","17/9382",0.117647058823529,0.489257405089695,-1.1858884933126,0.940688380478787,1,1,"HSD3B7/HSD17B4",2
"Metabolism","Lipid metabolism","hsa00565","Ether lipid metabolism","8/2256","51/9382",0.156862745098039,0.652343206786261,-1.40069287623321,0.947197537363618,1,1,"PLA2G6/PLD2/PAFAH2/PLPP3/PLD3/LPCAT1/AGPS/CEPT1",8
"Human Diseases","Cancer: overview","hsa05206","MicroRNAs in cancer","66/2256","323/9382",0.204334365325077,0.849762861471576,-1.54600053985306,0.948577382042171,1,1,"BMPR2/HDAC2/RASSF1/ZEB2/RECK/PIM1/BCL2/SOS2/VEGFA/MIR221/EZR/TRIM71/TNXB/ABCC1/MET/SHC1/PDGFB/E2F1/PTEN/CCND1/DICER1/HNRNPK/IKBKB/HDAC4/DDIT4/NRAS/MYC/CDC25B/NOTCH4/EZH2/NOTCH1/BCL2L2/PLAU/MCL1/EFNA4/CCND2/SLC7A1/APC/MTOR/SPRY2/CDKN1A/GLS/CDKN2A/PTGS2/MAPK1/CDKN1B/SOCS1/BRCA1/ATM/SOS1/MAPK7/MMP9/ZEB1/VIM/RHOA/FSCN1/KIF23/RAF1/PDGFA/SOX4/RDX/CDK6/THBS1/TP53/CRKL/MARCKS",66
"Human Diseases","Substance dependence","hsa05034","Alcoholism","37/2256","191/9382",0.193717277486911,0.805609706286436,-1.5271478432608,0.949365446254052,1,1,"H2AJ/HDAC2/GRIN3A/SOS2/ARAF/SHC1/PRKACB/HDAC6/HDAC4/HDAC8/NRAS/ADORA2A/GNB2/CALM2/PPP1CB/H2AZ2/CREB1/H2AC6/H3-3B/GNAI3/H2BC21/H3-3A/H2BC18/MAPK1/SLC29A3/CALM3/SOS1/ADORA2B/RAF1/PPP1CC/H2BC4/H2BC12/SLC6A3/MACROH2A1/ATF4/ATF2/GRIN2C",37
"Organismal Systems","Nervous system","hsa04723","Retrograde endocannabinoid signaling","28/2256","149/9382",0.187919463087248,0.781498405445285,-1.51268163298311,0.949429642529352,1,1,"NDUFS2/ADCY3/PRKACB/MAPK11/MAPK13/GNB2/NDUFB5/GNAI3/MAPK14/ITPR2/MT-ND2/NDUFS7/NDUFA8/MT-ND5/PTGS2/MAPK1/NDUFA11/ITPR1/NDUFS1/MT-ND6/NDUFB1/MT-ND4/MAPK12/MT-ND1/CACNA1A/NAPEPLD/MT-ND3/NDUFV3",28
"Environmental Information Processing","Signaling molecules and interaction","hsa04514","Cell adhesion molecule (CAM) interaction","30/2256","160/9382",0.1875,0.779753989361702,-1.58098114208037,0.9560922073206,1,1,"CD80/ICAM1/CD40/JAML/ITGB8/CD22/PDCD1/CD226/HLA-B/HLA-DPA1/HLA-E/HLA-A/HLA-DMA/HLA-C/HLA-DPB1/HLA-DRA/CLDN5/ALCAM/HLA-F/SDC4/CD276/ESAM/SDC2/NECTIN2/NLGN2/L1CAM/NTNG2/ITGB7/MAG/PTPRM",30
"Organismal Systems","Digestive system","hsa04981","Folate transport and metabolism","4/2256","31/9382",0.129032258064516,0.536604895904827,-1.4540336793659,0.960587923408739,1,1,"ABCC1/FPGS/MTR/MTHFR",4
"Metabolism","Amino acid metabolism","hsa00350","Tyrosine metabolism","5/2256","37/9382",0.135135135135135,0.561984857197623,-1.50200556150964,0.962621900109621,1,1,"FAHD1/ADH5/GOT2/IL4I1/GOT1",5
"Genetic Information Processing","Translation","hsa03010","Ribosome","43/2256","223/9382",0.192825112107623,0.801899468880196,-1.6845552074293,0.963702603140377,1,1,"MRPS30/MRPS35/MRPL49/MRPS9/MRPL28/RPS2/MRPS34/MRPL19/MRPL15/MRPS23/MRPL3/MRPL18/MRPL23/MT-RNR2/MRPL44/MRPL35/MRPL42/RPL28/RPS15/MRPS31/MRPS18B/MRPL34/MRPL16/MRPL14/RPS19/MRPS6/MRPS26/MT-RNR1/MRPL54/MRPL30/MRPL41/RPL36AL/MRPS24/MRPL32/MRPS14/RPL13/MRPL10/MRPS5/UBA52/MRPS16/MRPS11/MRPL17/MRPS27",43
"Organismal Systems","Digestive system","hsa04975","Fat digestion and absorption","6/2256","43/9382",0.13953488372093,0.580282038594755,-1.55207535000228,0.96525248556859,1,1,"GOT2/SLC27A1/DGAT1/PLPP3/ABCA1/DGAT2",6
"Metabolism","Lipid metabolism","hsa00592","alpha-Linolenic acid metabolism","3/2256","26/9382",0.115384615384615,0.479848608837971,-1.49431631598294,0.967397628378953,1,1,"PLA2G6/ACOX1/ACAA1",3
"Human Diseases","Endocrine and metabolic disease","hsa04950","Maturity onset diabetes of the young","3/2256","26/9382",0.115384615384615,0.479848608837971,-1.49431631598294,0.967397628378953,1,1,"MAFA/HHEX/HES1",3
"Environmental Information Processing","Membrane transport","hsa02010","ABC transporters","6/2256","45/9382",0.133333333333333,0.554491725768321,-1.68550311127936,0.975191271478759,1,1,"ABCB4/ABCC1/ABCB7/TAP2/ABCA1/ABCA2",6
"Organismal Systems","Nervous system","hsa04727","GABAergic synapse","14/2256","89/9382",0.157303370786517,0.654175631524424,-1.84435209724629,0.979628666207814,1,1,"SLC6A12/ADCY3/TRAK2/PRKACB/GNB2/GLUL/GNAI3/GABARAPL1/ABAT/GLS/NSF/SRC/GABBR1/CACNA1A",14
"Organismal Systems","Nervous system","hsa04725","Cholinergic synapse","19/2256","115/9382",0.165217391304348,0.687087573234659,-1.89964896795523,0.981184615068698,1,1,"BCL2/ADCY3/PRKACB/PIK3R6/NRAS/AKT2/GNB2/CREB1/GNAI3/ITPR2/FOS/ACHE/MAPK1/ITPR1/KCNJ2/AKT1/PIK3R5/CACNA1A/ATF4",19
"Metabolism","Amino acid metabolism","hsa00260","Glycine, serine and threonine metabolism","5/2256","41/9382",0.121951219512195,0.507157066251514,-1.77940572322347,0.981803158122867,1,1,"PSPH/SDSL/SDS/GLYCTK/BPGM",5
"Human Diseases","Substance dependence","hsa05032","Morphine addiction","14/2256","91/9382",0.153846153846154,0.639798145117294,-1.94270392523275,0.984352325336472,1,1,"PDE2A/ADCY3/PRKACB/GRK6/GNB2/PDE1B/GNAI3/PDE4B/ARRB2/PDE4A/GRK2/PDE4D/GABBR1/CACNA1A",14
"Organismal Systems","Endocrine system","hsa04923","Regulation of lipolysis in adipocytes","8/2256","59/9382",0.135593220338983,0.563889890611852,-1.89066909141607,0.984486582235478,1,1,"PNPLA2/ADCY3/PRKACB/AKT2/GNAI3/PTGS2/AKT1/PTGER3",8
"Organismal Systems","Endocrine system","hsa04911","Insulin secretion","13/2256","86/9382",0.151162790697674,0.628638875144318,-1.94656456522575,0.984801533850704,1,1,"SLC2A1/STX1A/ADCY3/PRKACB/CREB1/ATP1A1/FFAR1/FXYD2/VAMP2/ATP1B1/ATF4/ATF2/ATP1B3",13
"Organismal Systems","Digestive system","hsa04972","Pancreatic secretion","16/2256","102/9382",0.156862745098039,0.652343206786261,-1.98631455204086,0.985666455698836,1,1,"CA2/ADCY3/RAB3D/ATP2A2/ATP2B1/ITPR2/ATP2A3/RAC1/ITPR1/ATP1A1/FXYD2/RHOA/ATP2B4/ATP1B1/ATP2A1/ATP1B3",16
"Organismal Systems","Digestive system","hsa04970","Salivary secretion","14/2256","93/9382",0.150537634408602,0.626039045222299,-2.03917481824699,0.988053683117624,1,1,"ADCY3/PRKACB/ATP2B1/CALM2/ITPR2/CALM3/ITPR1/ATP1A1/FXYD2/ATP2B4/CST3/VAMP2/ATP1B1/ATP1B3",14
"Organismal Systems","Digestive system","hsa04977","Vitamin digestion and absorption","2/2256","26/9382",0.0769230769230769,0.319899072558647,-1.95382715428356,0.992819416309251,1,1,"ABCC1/LMBRD1",2
"Organismal Systems","Environmental adaptation","hsa04713","Circadian entrainment","14/2256","97/9382",0.144329896907216,0.600223002120348,-2.22681389233873,0.993157040814029,1,1,"ADCY3/PRKACB/GNB2/CALM2/CREB1/GNAI3/FOS/MAPK1/CALM3/ITPR1/PER2/CACNA1G/PER3/GRIN2C",14
"Environmental Information Processing","Signal transduction","hsa04020","Calcium signaling pathway","45/2256","254/9382",0.177165354330709,0.736775423018931,-2.39291176884116,0.994462850859957,1,1,"GRIN3A/CAMK1G/VEGFA/FGFR1/MET/ADCY3/PRKACB/PDGFB/ATP2A2/MCOLN1/ATP2B1/ADORA2A/HGF/VEGFB/HRH1/CALM2/TFEB/PDE1B/PLCD1/GNA15/FGF9/ITPR2/CACNA1E/SPHK1/VDAC2/ATP2A3/EDNRB/CALM3/PLCD3/PPIF/ITPR1/ADORA2B/VDAC3/ATP2B4/PDGFA/CACNA1G/PPP3CB/CACNA1A/P2RX4/PTGER3/PTAFR/FLT1/HTR7/ATP2A1/GRIN2C",45
"Organismal Systems","Digestive system","hsa04976","Bile secretion","12/2256","90/9382",0.133333333333333,0.554491725768321,-2.38942627583847,0.996144709382553,1,1,"SLC9A3/CA2/SLC2A1/ABCB4/ADCY3/PRKACB/AQP9/ATP1A1/FXYD2/ATP1B1/LDLR/ATP1B3",12
"Organismal Systems","Nervous system","hsa04726","Serotonergic synapse","16/2256","115/9382",0.139130434782609,0.578600061671292,-2.55826195916102,0.997581424253943,1,1,"ARAF/PRKACB/NRAS/GNB2/GNAI3/ITPR2/CYP2D7/ALOX15B/PTGS2/MAPK1/ALOX5/ITPR1/ALOX12/RAF1/CACNA1A/HTR7",16
"Environmental Information Processing","Signaling molecules and interaction","hsa04519","Cadherin signaling","74/2256","404/9382",0.183168316831683,0.76173987079559,-2.75437749727388,0.998068131411861,1,1,"KRT10/KRT17/DVL1/RELA/VAV3/IGF1R/FAT2/APH1A/WASF1/TAOK3/FGFR1/MET/YWHAQ/CSNK1A1/STK3/MAPK11/MAPK13/FZD2/VASP/YWHAH/IKBKB/IKBKG/PKP2/NRAS/MYO1G/WNT5A/TCF7L1/ARPC5L/ACTB/PRICKLE1/ATN1/PPP1CB/LHFPL2/SAV1/ROCK2/LATS1/CTNNB1/MAPK14/APC/FZD7/ARPC1B/AFDN/DVL3/SCN1B/YWHAZ/VAV2/RAC1/MAPK1/RAC2/CTNND1/MYO1C/RRAS2/PRICKLE3/DAAM2/ACTN4/CELSR1/VIM/RHOA/ACTG1/VCL/FMN1/RAF1/MAPK12/DAAM1/ERBIN/ACTN1/TAOK1/NFKBIA/FZD4/PPP1CC/TAOK2/MAP2K3/VAV1/WNT5B",74
"Human Diseases","Substance dependence","hsa05033","Nicotine addiction","3/2256","41/9382",0.0731707317073171,0.304294239750908,-2.51184043981552,0.998803740800135,1,1,"GRIN3A/CACNA1A/GRIN2C",3
"Metabolism","Metabolism of cofactors and vitamins","hsa00830","Retinol metabolism","7/2256","68/9382",0.102941176470588,0.428100229453484,-2.66303864307501,0.99887959686242,1,1,"DHRS3/ADH5/DGAT1/ALDH1A2/RDH11/CYP3A5/CYP2S1",7
"Metabolism","Xenobiotics biodegradation and metabolism","hsa00983","Drug metabolism - other enzymes","9/2256","82/9382",0.109756097560976,0.456441359626362,-2.78152560534969,0.999188990005824,1,1,"UPB1/RRM2/GUSB/TYMP/IMPDH1/UPP1/GMPS/TK1/NME6",9
"Organismal Systems","Digestive system","hsa04974","Protein digestion and absorption","12/2256","103/9382",0.116504854368932,0.484507333195621,-2.95979562012567,0.999535046592589,1,1,"SLC9A3/COL15A1/SLC3A2/KCNE3/COL10A1/ATP1A1/FXYD2/MME/ATP1B1/COL18A1/COL17A1/ATP1B3",12
"Metabolism","Lipid metabolism","hsa00591","Linoleic acid metabolism","1/2256","30/9382",0.0333333333333333,0.13862293144208,-2.65872176466253,0.999742888625634,1,1,"PLA2G6",1
"Human Diseases","Cancer: overview","hsa05204","Chemical carcinogenesis - DNA adducts","6/2256","70/9382",0.0857142857142857,0.35645896656535,-3.04070988928739,0.999792495242448,1,1,"HSD11B1L/SULT1A1/PTGS2/CYP3A5/CBR1/GSTK1",6
"Metabolism","Xenobiotics biodegradation and metabolism","hsa00980","Metabolism of xenobiotics by cytochrome P450","7/2256","79/9382",0.0886075949367089,0.368491336744771,-3.17141119225464,0.99987134572104,1,1,"ADH5/HSD11B1L/CYP2D7/CYP3A5/CBR1/GSTK1/CYP2S1",7
"Organismal Systems","Sensory system","hsa04742","Taste transduction","8/2256","86/9382",0.0930232558139535,0.386854692396503,-3.21392533905976,0.999882749672899,1,1,"PRKACB/PDE1B/TAS1R1/GABBR1/CACNA1A/ENTPD2/P2RY1/TAS1R3",8
"Metabolism","Lipid metabolism","hsa00140","Steroid hormone biosynthesis","4/2256","66/9382",0.0606060606060606,0.252041693531055,-3.43088233706616,0.999978964126103,1,1,"HSD11B1L/HSD17B7/CYP3A5/HSD17B12",4
"Metabolism","Xenobiotics biodegradation and metabolism","hsa00982","Drug metabolism - cytochrome P450","4/2256","73/9382",0.0547945205479452,0.227873311959584,-3.72623023435777,0.999995947999437,1,1,"ADH5/CYP2D7/CYP3A5/GSTK1",4
"Environmental Information Processing","Signaling molecules and interaction","hsa04082","Neuroactive ligand signaling","23/2256","199/9382",0.115577889447236,0.480652375351937,-4.16642532442314,0.999997706545432,1,1,"GRIN3A/SLC6A12/ADCY3/PRKACB/ADORA2A/GNB2/HRH1/SLC1A2/ADORA3/GNAI3/P2RY6/ACHE/P2RY11/GRM2/P2RY13/ADORA2B/GABBR1/P2RX4/SLC6A3/P2RY1/HTR7/ADRA2B/GRIN2C",23
"Environmental Information Processing","Signaling molecules and interaction","hsa04081","Hormone signaling","26/2256","219/9382",0.118721461187215,0.493725509245766,-4.26540689118721,0.999998514392075,1,1,"GHRL/IGF1R/AVPR2/SLC40A1/VIPR1/ADCY3/PRKACB/SMAD4/ADIPOR2/GNB2/SSTR2/THRA/ADIPOR1/GNA15/GNAI3/GNA13/APPL1/SSTR3/HCRTR1/THRB/RHOA/SRC/GNA12/GIPR/HAMP/ADRA2B",26
"Environmental Information Processing","Signaling molecules and interaction","hsa04080","Neuroactive ligand-receptor interaction","53/2256","371/9382",0.142857142857143,0.594098277608916,-4.48841040819935,0.999999207950113,1,1,"VGF/GRIN3A/GHRL/AVPR2/VIPR1/PGRMC2/LPAR3/ADM/FPR2/LPAR6/CHRNA10/LPAR1/ADORA2A/CHRNB1/HRH1/SSTR2/C3AR1/EDN1/ADORA3/FPR1/S1PR3/THRA/P2RY6/P2RY11/EDNRB/LYNX1/SSTR3/GRM2/LTB4R/P2RY13/CHRNE/HCRTR1/ADORA2B/F2RL1/THRB/PTGER4/S1PR1/C5AR1/GABBR1/P2RX4/PGRMC1/GIPR/PTGER3/PTAFR/RXFP2/P2RY1/HTR7/P2RY8/GPR35/LPAR2/ADRA2B/PTGER2/GRIN2C",53
"Organismal Systems","Development and regeneration","hsa04382","Cornified envelope formation","24/2256","217/9382",0.110599078341014,0.459947053632709,-4.52867525039752,0.999999700424148,1,1,"KRT10/KRT17/PPP2R2D/PLEC/SPTLC1/SLC27A1/PKP2/TMEM79/PPP2R3A/PNPLA1/S100A2/S100A11/PPP2CA/UGCG/PPP2CB/PPP2R5D/PPP2R5A/CLDN5/HAL/SPTLC2/COL17A1/FURIN/S100A10/LAMB3",24
"Organismal Systems","Sensory system","hsa04740","Olfactory transduction","10/2256","449/9382",0.022271714922049,0.0926211123221027,-11.086242658102,1,1,1,"PDE2A/OR2B11/ADCY3/PRKACB/CALM2/PDE1B/CALM3/ARRB2/CNGB1/GRK2",10
